timestamp,heap_used_mb,heap_committed_mb,ygc_count,ygct_s,fgc_count,fgct_s,gct_s
2026-07-12T02:36:29Z,17.53,40.00,4,0.015,0,0.000,0.017
2026-07-12T02:36:30Z,17.53,40.00,4,0.015,0,0.000,0.017
2026-07-12T02:36:31Z,17.53,40.00,4,0.015,0,0.000,0.017
2026-07-12T02:36:32Z,17.53,40.00,4,0.015,0,0.000,0.017
2026-07-12T02:36:33Z,17.53,40.00,4,0.015,0,0.000,0.017
2026-07-12T02:36:34Z,17.53,40.00,4,0.015,0,0.000,0.017
2026-07-12T02:36:35Z,17.53,40.00,4,0.015,0,0.000,0.017
2026-07-12T02:36:36Z,17.53,40.00,4,0.015,0,0.000,0.017
2026-07-12T02:36:37Z,17.53,40.00,4,0.015,0,0.000,0.017
2026-07-12T02:36:38Z,17.53,40.00,4,0.015,0,0.000,0.017
2026-07-12T02:36:39Z,17.53,40.00,4,0.015,0,0.000,0.017
2026-07-12T02:36:40Z,17.53,40.00,4,0.015,0,0.000,0.017
2026-07-12T02:36:41Z,17.53,40.00,4,0.015,0,0.000,0.017
2026-07-12T02:36:42Z,14.32,40.00,6,0.032,0,0.000,0.034
2026-07-12T02:36:43Z,16.32,40.00,6,0.032,0,0.000,0.034
2026-07-12T02:36:44Z,19.59,40.00,7,0.035,0,0.000,0.044
2026-07-12T02:36:45Z,19.59,40.00,7,0.035,0,0.000,0.044
2026-07-12T02:36:46Z,20.59,40.00,7,0.035,0,0.000,0.044
2026-07-12T02:36:47Z,20.59,40.00,7,0.035,0,0.000,0.044
2026-07-12T02:36:48Z,20.59,40.00,7,0.035,0,0.000,0.044
2026-07-12T02:36:49Z,20.59,40.00,7,0.035,0,0.000,0.044
2026-07-12T02:36:50Z,21.59,40.00,7,0.035,0,0.000,0.044
2026-07-12T02:36:51Z,21.59,40.00,7,0.035,0,0.000,0.044
2026-07-12T02:36:52Z,21.59,40.00,7,0.035,0,0.000,0.044
2026-07-12T02:36:53Z,23.59,40.00,7,0.035,0,0.000,0.044
2026-07-12T02:36:54Z,23.59,40.00,7,0.035,0,0.000,0.044
2026-07-12T02:36:55Z,24.59,40.00,7,0.035,0,0.000,0.044
2026-07-12T02:36:56Z,25.59,40.00,7,0.035,0,0.000,0.044
2026-07-12T02:36:57Z,25.59,40.00,7,0.035,0,0.000,0.044
2026-07-12T02:36:58Z,25.59,40.00,7,0.035,0,0.000,0.044
2026-07-12T02:36:59Z,25.59,40.00,7,0.035,0,0.000,0.044
2026-07-12T02:37:00Z,25.59,40.00,7,0.035,0,0.000,0.044
2026-07-12T02:37:01Z,26.59,40.00,7,0.035,0,0.000,0.044
2026-07-12T02:37:02Z,26.59,40.00,7,0.035,0,0.000,0.044
2026-07-12T02:37:03Z,26.59,40.00,7,0.035,0,0.000,0.044
2026-07-12T02:37:04Z,26.59,40.00,7,0.035,0,0.000,0.044
2026-07-12T02:37:05Z,26.59,40.00,7,0.035,0,0.000,0.044
2026-07-12T02:37:06Z,27.59,40.00,7,0.035,0,0.000,0.044
2026-07-12T02:37:07Z,27.59,40.00,7,0.035,0,0.000,0.044
2026-07-12T02:37:08Z,28.59,40.00,7,0.035,0,0.000,0.044
2026-07-12T02:37:09Z,29.59,40.00,7,0.035,0,0.000,0.044
2026-07-12T02:37:10Z,14.26,40.00,8,0.040,0,0.000,0.049
2026-07-12T02:37:11Z,15.26,40.00,8,0.040,0,0.000,0.049
2026-07-12T02:37:12Z,15.26,40.00,8,0.040,0,0.000,0.049
2026-07-12T02:37:13Z,16.26,40.00,8,0.040,0,0.000,0.049
2026-07-12T02:37:14Z,16.26,40.00,8,0.040,0,0.000,0.049
2026-07-12T02:37:15Z,16.26,40.00,8,0.040,0,0.000,0.049
2026-07-12T02:37:16Z,16.26,40.00,8,0.040,0,0.000,0.049
2026-07-12T02:37:17Z,17.26,40.00,8,0.040,0,0.000,0.049
2026-07-12T02:37:18Z,17.26,40.00,8,0.040,0,0.000,0.049
2026-07-12T02:37:19Z,17.26,40.00,8,0.040,0,0.000,0.049
2026-07-12T02:37:20Z,17.26,40.00,8,0.040,0,0.000,0.049
2026-07-12T02:37:21Z,18.26,40.00,8,0.040,0,0.000,0.049
2026-07-12T02:37:22Z,20.26,40.00,8,0.040,0,0.000,0.049
2026-07-12T02:37:23Z,20.26,40.00,8,0.040,0,0.000,0.049
2026-07-12T02:37:24Z,21.26,40.00,8,0.040,0,0.000,0.049
2026-07-12T02:37:25Z,21.26,40.00,8,0.040,0,0.000,0.049
2026-07-12T02:37:26Z,21.26,40.00,8,0.040,0,0.000,0.049
2026-07-12T02:37:27Z,21.26,40.00,8,0.040,0,0.000,0.049
2026-07-12T02:37:28Z,22.26,40.00,8,0.040,0,0.000,0.049
2026-07-12T02:37:29Z,22.26,40.00,8,0.040,0,0.000,0.049
2026-07-12T02:37:30Z,22.26,40.00,8,0.040,0,0.000,0.049
2026-07-12T02:37:31Z,22.26,40.00,8,0.040,0,0.000,0.049
2026-07-12T02:37:32Z,23.26,40.00,8,0.040,0,0.000,0.049
2026-07-12T02:37:33Z,24.26,40.00,8,0.040,0,0.000,0.049
2026-07-12T02:37:34Z,25.26,40.00,8,0.040,0,0.000,0.049
2026-07-12T02:37:35Z,25.26,40.00,8,0.040,0,0.000,0.049
2026-07-12T02:37:36Z,26.26,40.00,8,0.040,0,0.000,0.049
2026-07-12T02:37:37Z,26.26,40.00,8,0.040,0,0.000,0.049
2026-07-12T02:37:38Z,27.26,40.00,8,0.040,0,0.000,0.049
2026-07-12T02:37:39Z,27.26,40.00,8,0.040,0,0.000,0.049
2026-07-12T02:37:40Z,28.26,40.00,8,0.040,0,0.000,0.049
2026-07-12T02:37:41Z,28.26,40.00,8,0.040,0,0.000,0.049
2026-07-12T02:37:42Z,28.26,40.00,8,0.040,0,0.000,0.049
2026-07-12T02:37:43Z,28.26,40.00,8,0.040,0,0.000,0.049
2026-07-12T02:37:44Z,29.26,40.00,8,0.040,0,0.000,0.049
2026-07-12T02:37:45Z,29.26,40.00,8,0.040,0,0.000,0.049
2026-07-12T02:37:46Z,29.26,40.00,8,0.040,0,0.000,0.049
2026-07-12T02:37:47Z,29.26,40.00,8,0.040,0,0.000,0.049
2026-07-12T02:37:48Z,30.26,40.00,8,0.040,0,0.000,0.049
2026-07-12T02:37:49Z,30.26,40.00,8,0.040,0,0.000,0.049
2026-07-12T02:37:50Z,30.26,40.00,8,0.040,0,0.000,0.049
2026-07-12T02:37:51Z,14.20,40.00,9,0.044,0,0.000,0.053
2026-07-12T02:37:52Z,14.20,40.00,9,0.044,0,0.000,0.053
2026-07-12T02:37:53Z,15.20,40.00,9,0.044,0,0.000,0.053
2026-07-12T02:37:54Z,17.20,40.00,9,0.044,0,0.000,0.053
2026-07-12T02:37:55Z,17.20,40.00,9,0.044,0,0.000,0.053
2026-07-12T02:37:56Z,17.20,40.00,9,0.044,0,0.000,0.053
2026-07-12T02:37:57Z,17.20,40.00,9,0.044,0,0.000,0.053
2026-07-12T02:37:58Z,17.20,40.00,9,0.044,0,0.000,0.053
2026-07-12T02:37:59Z,18.20,40.00,9,0.044,0,0.000,0.053
2026-07-12T02:38:00Z,19.20,40.00,9,0.044,0,0.000,0.053
2026-07-12T02:38:01Z,19.20,40.00,9,0.044,0,0.000,0.053
2026-07-12T02:38:02Z,20.20,40.00,9,0.044,0,0.000,0.053
2026-07-12T02:38:03Z,20.20,40.00,9,0.044,0,0.000,0.053
2026-07-12T02:38:04Z,20.20,40.00,9,0.044,0,0.000,0.053
2026-07-12T02:38:05Z,22.20,40.00,9,0.044,0,0.000,0.053
2026-07-12T02:38:06Z,22.20,40.00,9,0.044,0,0.000,0.053
2026-07-12T02:38:07Z,23.20,40.00,9,0.044,0,0.000,0.053
2026-07-12T02:38:08Z,23.20,40.00,9,0.044,0,0.000,0.053
2026-07-12T02:38:09Z,20.73,40.00,10,0.050,0,0.000,0.059
2026-07-12T02:38:10Z,20.73,40.00,10,0.050,0,0.000,0.059
2026-07-12T02:38:11Z,20.73,40.00,10,0.050,0,0.000,0.059
2026-07-12T02:38:12Z,21.73,40.00,10,0.050,0,0.000,0.059
2026-07-12T02:38:13Z,21.73,40.00,10,0.050,0,0.000,0.059
2026-07-12T02:38:14Z,21.73,40.00,10,0.050,0,0.000,0.059
2026-07-12T02:38:15Z,21.73,40.00,10,0.050,0,0.000,0.059
2026-07-12T02:38:16Z,22.73,40.00,10,0.050,0,0.000,0.059
2026-07-12T02:38:17Z,22.73,40.00,10,0.050,0,0.000,0.059
2026-07-12T02:38:18Z,22.73,40.00,10,0.050,0,0.000,0.059
2026-07-12T02:38:19Z,22.73,40.00,10,0.050,0,0.000,0.059
2026-07-12T02:38:20Z,23.73,40.00,10,0.050,0,0.000,0.059
2026-07-12T02:38:21Z,23.73,40.00,10,0.050,0,0.000,0.059
2026-07-12T02:38:22Z,23.73,40.00,10,0.050,0,0.000,0.059
2026-07-12T02:38:23Z,24.73,40.00,10,0.050,0,0.000,0.059
2026-07-12T02:38:24Z,25.73,40.00,10,0.050,0,0.000,0.059
2026-07-12T02:38:25Z,25.73,40.00,10,0.050,0,0.000,0.059
2026-07-12T02:38:26Z,27.73,40.00,10,0.050,0,0.000,0.059
2026-07-12T02:38:27Z,23.84,40.00,11,0.056,0,0.000,0.065
2026-07-12T02:38:28Z,23.84,40.00,11,0.056,0,0.000,0.065
2026-07-12T02:38:29Z,23.84,40.00,11,0.056,0,0.000,0.065
2026-07-12T02:38:30Z,25.84,40.00,11,0.056,0,0.000,0.065
2026-07-12T02:38:31Z,25.84,40.00,11,0.056,0,0.000,0.065
2026-07-12T02:38:32Z,26.84,40.00,11,0.056,0,0.000,0.065
2026-07-12T02:38:33Z,26.84,40.00,11,0.056,0,0.000,0.065
2026-07-12T02:38:34Z,29.84,40.00,11,0.056,0,0.000,0.065
2026-07-12T02:38:35Z,29.84,40.00,11,0.056,0,0.000,0.065
2026-07-12T02:38:36Z,29.84,40.00,11,0.056,0,0.000,0.065
2026-07-12T02:38:37Z,29.84,40.00,11,0.056,0,0.000,0.065
2026-07-12T02:38:38Z,30.84,40.00,11,0.056,0,0.000,0.065
2026-07-12T02:38:39Z,30.84,40.00,11,0.056,0,0.000,0.065
2026-07-12T02:38:40Z,30.84,40.00,11,0.056,0,0.000,0.065
2026-07-12T02:38:41Z,30.84,40.00,11,0.056,0,0.000,0.065
2026-07-12T02:38:42Z,31.84,40.00,11,0.056,0,0.000,0.065
2026-07-12T02:38:43Z,31.84,40.00,11,0.056,0,0.000,0.065
2026-07-12T02:38:44Z,14.67,40.00,12,0.057,0,0.000,0.066
2026-07-12T02:38:45Z,14.67,40.00,12,0.057,0,0.000,0.066
2026-07-12T02:38:46Z,14.67,40.00,12,0.057,0,0.000,0.066
2026-07-12T02:38:47Z,15.67,40.00,12,0.057,0,0.000,0.066
2026-07-12T02:38:48Z,15.67,40.00,12,0.057,0,0.000,0.066
2026-07-12T02:38:49Z,16.67,40.00,12,0.057,0,0.000,0.066
2026-07-12T02:38:50Z,16.67,40.00,12,0.057,0,0.000,0.066
2026-07-12T02:38:51Z,16.67,40.00,12,0.057,0,0.000,0.066
2026-07-12T02:38:52Z,29.67,40.00,12,0.057,0,0.000,0.066
2026-07-12T02:38:53Z,29.67,40.00,12,0.057,0,0.000,0.066
2026-07-12T02:38:54Z,29.67,40.00,12,0.057,0,0.000,0.066
2026-07-12T02:38:55Z,30.67,40.00,12,0.057,0,0.000,0.066
2026-07-12T02:38:56Z,31.67,40.00,12,0.057,0,0.000,0.066
2026-07-12T02:38:57Z,32.67,40.00,12,0.057,0,0.000,0.066
2026-07-12T02:38:58Z,32.67,40.00,12,0.057,0,0.000,0.066
2026-07-12T02:38:59Z,14.55,40.00,13,0.058,0,0.000,0.067
2026-07-12T02:39:00Z,14.55,40.00,13,0.058,0,0.000,0.067
2026-07-12T02:39:01Z,14.55,40.00,13,0.058,0,0.000,0.067
2026-07-12T02:39:02Z,15.55,40.00,13,0.058,0,0.000,0.067
2026-07-12T02:39:03Z,15.55,40.00,13,0.058,0,0.000,0.067
2026-07-12T02:39:04Z,15.55,40.00,13,0.058,0,0.000,0.067
2026-07-12T02:39:05Z,15.55,40.00,13,0.058,0,0.000,0.067
2026-07-12T02:39:06Z,15.55,40.00,13,0.058,0,0.000,0.067
2026-07-12T02:39:07Z,16.55,40.00,13,0.058,0,0.000,0.067
2026-07-12T02:39:08Z,16.55,40.00,13,0.058,0,0.000,0.067
2026-07-12T02:39:09Z,16.55,40.00,13,0.058,0,0.000,0.067
2026-07-12T02:39:10Z,18.55,40.00,13,0.058,0,0.000,0.067
2026-07-12T02:39:11Z,18.55,40.00,13,0.058,0,0.000,0.067
2026-07-12T02:39:12Z,19.55,40.00,13,0.058,0,0.000,0.067
2026-07-12T02:39:13Z,19.55,40.00,13,0.058,0,0.000,0.067
2026-07-12T02:39:14Z,19.55,40.00,13,0.058,0,0.000,0.067
2026-07-12T02:39:15Z,20.55,40.00,13,0.058,0,0.000,0.067
2026-07-12T02:39:16Z,20.55,40.00,13,0.058,0,0.000,0.067
2026-07-12T02:39:17Z,21.55,40.00,13,0.058,0,0.000,0.067
2026-07-12T02:39:18Z,21.55,40.00,13,0.058,0,0.000,0.067
2026-07-12T02:39:19Z,21.55,40.00,13,0.058,0,0.000,0.067
2026-07-12T02:39:20Z,17.10,40.00,14,0.061,0,0.000,0.070
2026-07-12T02:39:21Z,17.10,40.00,14,0.061,0,0.000,0.070
2026-07-12T02:39:22Z,17.10,40.00,14,0.061,0,0.000,0.070
2026-07-12T02:39:23Z,18.10,40.00,14,0.061,0,0.000,0.070
2026-07-12T02:39:24Z,30.10,40.00,14,0.061,0,0.000,0.070
2026-07-12T02:39:25Z,32.10,40.00,14,0.061,0,0.000,0.070
2026-07-12T02:39:26Z,32.10,40.00,14,0.061,0,0.000,0.070
2026-07-12T02:39:27Z,33.10,40.00,14,0.061,0,0.000,0.070
2026-07-12T02:39:28Z,33.10,40.00,14,0.061,0,0.000,0.070
2026-07-12T02:39:29Z,33.10,40.00,14,0.061,0,0.000,0.070
2026-07-12T02:39:30Z,14.57,40.00,15,0.063,0,0.000,0.072
2026-07-12T02:39:31Z,14.57,40.00,15,0.063,0,0.000,0.072
2026-07-12T02:39:32Z,16.57,40.00,15,0.063,0,0.000,0.072
2026-07-12T02:39:33Z,17.57,40.00,15,0.063,0,0.000,0.072
2026-07-12T02:39:34Z,17.57,40.00,15,0.063,0,0.000,0.072
2026-07-12T02:39:35Z,17.57,40.00,15,0.063,0,0.000,0.072
2026-07-12T02:39:36Z,18.57,40.00,15,0.063,0,0.000,0.072
2026-07-12T02:39:37Z,18.57,40.00,15,0.063,0,0.000,0.072
2026-07-12T02:39:38Z,18.57,40.00,15,0.063,0,0.000,0.072
2026-07-12T02:39:39Z,20.57,40.00,15,0.063,0,0.000,0.072
2026-07-12T02:39:40Z,20.57,40.00,15,0.063,0,0.000,0.072
2026-07-12T02:39:41Z,21.57,40.00,15,0.063,0,0.000,0.072
2026-07-12T02:39:42Z,21.57,40.00,15,0.063,0,0.000,0.072
2026-07-12T02:39:43Z,22.57,40.00,15,0.063,0,0.000,0.072
2026-07-12T02:39:44Z,22.57,40.00,15,0.063,0,0.000,0.072
2026-07-12T02:39:45Z,23.57,40.00,15,0.063,0,0.000,0.072
2026-07-12T02:39:46Z,23.57,40.00,15,0.063,0,0.000,0.072
2026-07-12T02:39:47Z,23.57,40.00,15,0.063,0,0.000,0.072
2026-07-12T02:39:48Z,19.13,40.00,16,0.065,0,0.000,0.074
2026-07-12T02:39:49Z,19.13,40.00,16,0.065,0,0.000,0.074
2026-07-12T02:39:50Z,19.13,40.00,16,0.065,0,0.000,0.074
2026-07-12T02:39:51Z,20.13,40.00,16,0.065,0,0.000,0.074
2026-07-12T02:39:52Z,20.13,40.00,16,0.065,0,0.000,0.074
2026-07-12T02:39:53Z,21.13,40.00,16,0.065,0,0.000,0.074
2026-07-12T02:39:54Z,22.13,40.00,16,0.065,0,0.000,0.074
2026-07-12T02:39:55Z,22.13,40.00,16,0.065,0,0.000,0.074
2026-07-12T02:39:56Z,24.13,40.00,16,0.065,0,0.000,0.074
2026-07-12T02:39:57Z,25.13,40.00,16,0.065,0,0.000,0.074
2026-07-12T02:39:58Z,25.13,40.00,16,0.065,0,0.000,0.074
2026-07-12T02:39:59Z,25.13,40.00,16,0.065,0,0.000,0.074
2026-07-12T02:40:00Z,25.13,40.00,16,0.065,0,0.000,0.074
2026-07-12T02:40:01Z,26.13,40.00,16,0.065,0,0.000,0.074
2026-07-12T02:40:02Z,26.13,40.00,16,0.065,0,0.000,0.074
2026-07-12T02:40:03Z,27.13,40.00,16,0.065,0,0.000,0.074
2026-07-12T02:40:04Z,27.13,40.00,16,0.065,0,0.000,0.074
2026-07-12T02:40:05Z,27.13,40.00,16,0.065,0,0.000,0.074
2026-07-12T02:40:06Z,22.26,40.00,17,0.067,0,0.000,0.076
2026-07-12T02:40:07Z,22.26,40.00,17,0.067,0,0.000,0.076
2026-07-12T02:40:08Z,23.26,40.00,17,0.067,0,0.000,0.076
2026-07-12T02:40:09Z,23.26,40.00,17,0.067,0,0.000,0.076
2026-07-12T02:40:10Z,24.26,40.00,17,0.067,0,0.000,0.076
2026-07-12T02:40:11Z,24.26,40.00,17,0.067,0,0.000,0.076
2026-07-12T02:40:12Z,24.26,40.00,17,0.067,0,0.000,0.076
2026-07-12T02:40:13Z,25.26,40.00,17,0.067,0,0.000,0.076
2026-07-12T02:40:14Z,25.26,40.00,17,0.067,0,0.000,0.076
2026-07-12T02:40:15Z,25.26,40.00,17,0.067,0,0.000,0.076
2026-07-12T02:40:16Z,25.26,40.00,17,0.067,0,0.000,0.076
2026-07-12T02:40:17Z,26.26,40.00,17,0.067,0,0.000,0.076
2026-07-12T02:40:18Z,26.26,40.00,17,0.067,0,0.000,0.076
2026-07-12T02:40:19Z,27.26,40.00,17,0.067,0,0.000,0.076
2026-07-12T02:40:20Z,29.26,40.00,17,0.067,0,0.000,0.076
2026-07-12T02:40:21Z,30.26,40.00,17,0.067,0,0.000,0.076
2026-07-12T02:40:22Z,30.26,40.00,17,0.067,0,0.000,0.076
2026-07-12T02:40:23Z,31.26,40.00,17,0.067,0,0.000,0.076
2026-07-12T02:40:24Z,31.26,40.00,17,0.067,0,0.000,0.076
2026-07-12T02:40:25Z,32.26,40.00,17,0.067,0,0.000,0.076
2026-07-12T02:40:26Z,32.26,40.00,17,0.067,0,0.000,0.076
2026-07-12T02:40:27Z,32.26,40.00,17,0.067,0,0.000,0.076
2026-07-12T02:40:28Z,32.26,40.00,17,0.067,0,0.000,0.076
2026-07-12T02:40:29Z,14.75,40.00,18,0.069,0,0.000,0.078
2026-07-12T02:40:30Z,15.75,40.00,18,0.069,0,0.000,0.078
2026-07-12T02:40:31Z,15.75,40.00,18,0.069,0,0.000,0.078
2026-07-12T02:40:32Z,27.75,40.00,18,0.069,0,0.000,0.078
2026-07-12T02:40:33Z,28.75,40.00,18,0.069,0,0.000,0.078
2026-07-12T02:40:34Z,28.75,40.00,18,0.069,0,0.000,0.078
2026-07-12T02:40:35Z,28.75,40.00,18,0.069,0,0.000,0.078
2026-07-12T02:40:36Z,28.75,40.00,18,0.069,0,0.000,0.078
2026-07-12T02:40:37Z,29.75,40.00,18,0.069,0,0.000,0.078
2026-07-12T02:40:38Z,29.75,40.00,18,0.069,0,0.000,0.078
2026-07-12T02:40:39Z,29.75,40.00,18,0.069,0,0.000,0.078
2026-07-12T02:40:40Z,24.30,40.00,19,0.072,0,0.000,0.080
2026-07-12T02:40:41Z,25.30,40.00,19,0.072,0,0.000,0.080
2026-07-12T02:40:42Z,25.30,40.00,19,0.072,0,0.000,0.080
2026-07-12T02:40:43Z,25.30,40.00,19,0.072,0,0.000,0.080
2026-07-12T02:40:44Z,25.30,40.00,19,0.072,0,0.000,0.080
2026-07-12T02:40:45Z,26.30,40.00,19,0.072,0,0.000,0.080
2026-07-12T02:40:46Z,28.30,40.00,19,0.072,0,0.000,0.080
2026-07-12T02:40:47Z,23.47,40.00,20,0.074,0,0.000,0.083
2026-07-12T02:40:48Z,23.47,40.00,20,0.074,0,0.000,0.083
2026-07-12T02:40:49Z,23.47,40.00,20,0.074,0,0.000,0.083
2026-07-12T02:40:50Z,24.47,40.00,20,0.074,0,0.000,0.083
2026-07-12T02:40:51Z,20.37,40.00,21,0.077,0,0.000,0.086
2026-07-12T02:40:52Z,20.37,40.00,21,0.077,0,0.000,0.086
2026-07-12T02:40:53Z,21.37,40.00,21,0.077,0,0.000,0.086
2026-07-12T02:40:54Z,21.37,40.00,21,0.077,0,0.000,0.086
2026-07-12T02:40:55Z,22.37,40.00,21,0.077,0,0.000,0.086
2026-07-12T02:40:56Z,22.37,40.00,21,0.077,0,0.000,0.086
2026-07-12T02:40:57Z,23.37,40.00,21,0.077,0,0.000,0.086
2026-07-12T02:40:58Z,20.63,40.00,22,0.079,0,0.000,0.088
2026-07-12T02:40:59Z,20.63,40.00,22,0.079,0,0.000,0.088
2026-07-12T02:41:00Z,20.63,40.00,22,0.079,0,0.000,0.088
2026-07-12T02:41:01Z,21.63,40.00,22,0.079,0,0.000,0.088
2026-07-12T02:41:02Z,21.63,40.00,22,0.079,0,0.000,0.088
2026-07-12T02:41:03Z,22.63,40.00,22,0.079,0,0.000,0.088
2026-07-12T02:41:04Z,22.63,40.00,22,0.079,0,0.000,0.088
2026-07-12T02:41:05Z,22.63,40.00,22,0.079,0,0.000,0.088
2026-07-12T02:41:06Z,23.63,40.00,22,0.079,0,0.000,0.088
2026-07-12T02:41:07Z,23.63,40.00,22,0.079,0,0.000,0.088
2026-07-12T02:41:08Z,23.63,40.00,22,0.079,0,0.000,0.088
2026-07-12T02:41:09Z,23.63,40.00,22,0.079,0,0.000,0.088
2026-07-12T02:41:10Z,24.63,40.00,22,0.079,0,0.000,0.088
2026-07-12T02:41:11Z,24.63,40.00,22,0.079,0,0.000,0.088
2026-07-12T02:41:12Z,24.63,40.00,22,0.079,0,0.000,0.088
2026-07-12T02:41:13Z,25.63,40.00,22,0.079,0,0.000,0.088
2026-07-12T02:41:14Z,27.63,40.00,22,0.079,0,0.000,0.088
2026-07-12T02:41:15Z,28.63,40.00,22,0.079,0,0.000,0.088
2026-07-12T02:41:16Z,29.63,40.00,22,0.079,0,0.000,0.088
2026-07-12T02:41:17Z,30.63,40.00,22,0.079,0,0.000,0.088
2026-07-12T02:41:18Z,30.63,40.00,22,0.079,0,0.000,0.088
2026-07-12T02:41:19Z,30.63,40.00,22,0.079,0,0.000,0.088
2026-07-12T02:41:20Z,31.63,40.00,22,0.079,0,0.000,0.088
2026-07-12T02:41:21Z,31.63,40.00,22,0.079,0,0.000,0.088
2026-07-12T02:41:22Z,32.63,40.00,22,0.079,0,0.000,0.088
2026-07-12T02:41:23Z,26.77,40.00,23,0.081,0,0.000,0.090
2026-07-12T02:41:24Z,27.77,40.00,23,0.081,0,0.000,0.090
2026-07-12T02:41:25Z,27.77,40.00,23,0.081,0,0.000,0.090
2026-07-12T02:41:26Z,27.77,40.00,23,0.081,0,0.000,0.090
2026-07-12T02:41:27Z,27.77,40.00,23,0.081,0,0.000,0.090
2026-07-12T02:41:28Z,28.77,40.00,23,0.081,0,0.000,0.090
2026-07-12T02:41:29Z,30.77,40.00,23,0.081,0,0.000,0.090
2026-07-12T02:41:30Z,30.77,40.00,23,0.081,0,0.000,0.090
2026-07-12T02:41:31Z,30.77,40.00,23,0.081,0,0.000,0.090
2026-07-12T02:41:32Z,31.77,40.00,23,0.081,0,0.000,0.090
2026-07-12T02:41:33Z,31.77,40.00,23,0.081,0,0.000,0.090
2026-07-12T02:41:34Z,31.77,40.00,23,0.081,0,0.000,0.090
2026-07-12T02:41:35Z,32.77,40.00,23,0.081,0,0.000,0.090
2026-07-12T02:41:36Z,32.77,40.00,23,0.081,0,0.000,0.090
2026-07-12T02:41:37Z,32.77,40.00,23,0.081,0,0.000,0.090
2026-07-12T02:41:38Z,15.10,40.00,24,0.083,0,0.000,0.092
2026-07-12T02:41:39Z,15.10,40.00,24,0.083,0,0.000,0.092
2026-07-12T02:41:40Z,15.10,40.00,24,0.083,0,0.000,0.092
2026-07-12T02:41:41Z,16.10,40.00,24,0.083,0,0.000,0.092
2026-07-12T02:41:42Z,16.10,40.00,24,0.083,0,0.000,0.092
2026-07-12T02:41:43Z,16.10,40.00,24,0.083,0,0.000,0.092
2026-07-12T02:41:44Z,18.10,40.00,24,0.083,0,0.000,0.092
2026-07-12T02:41:45Z,19.10,40.00,24,0.083,0,0.000,0.092
2026-07-12T02:41:46Z,19.10,40.00,24,0.083,0,0.000,0.092
2026-07-12T02:41:47Z,20.10,40.00,24,0.083,0,0.000,0.092
2026-07-12T02:41:48Z,22.10,40.00,24,0.083,0,0.000,0.092
2026-07-12T02:41:49Z,23.10,40.00,24,0.083,0,0.000,0.092
2026-07-12T02:41:50Z,24.10,40.00,24,0.083,0,0.000,0.092
2026-07-12T02:41:51Z,25.10,40.00,24,0.083,0,0.000,0.092
2026-07-12T02:41:52Z,26.10,40.00,24,0.083,0,0.000,0.092
2026-07-12T02:41:53Z,27.10,40.00,24,0.083,0,0.000,0.092
2026-07-12T02:41:54Z,28.10,40.00,24,0.083,0,0.000,0.092
2026-07-12T02:41:55Z,28.10,40.00,24,0.083,0,0.000,0.092
2026-07-12T02:41:56Z,30.10,40.00,24,0.083,0,0.000,0.092
2026-07-12T02:41:57Z,25.87,40.00,25,0.087,0,0.000,0.096
2026-07-12T02:41:58Z,21.73,40.00,26,0.090,0,0.000,0.098
2026-07-12T02:41:59Z,25.73,40.00,26,0.090,0,0.000,0.098
2026-07-12T02:42:00Z,25.73,40.00,26,0.090,0,0.000,0.098
2026-07-12T02:42:01Z,25.73,40.00,26,0.090,0,0.000,0.098
2026-07-12T02:42:02Z,26.73,40.00,26,0.090,0,0.000,0.098
2026-07-12T02:42:03Z,26.73,40.00,26,0.090,0,0.000,0.098
2026-07-12T02:42:04Z,26.73,40.00,26,0.090,0,0.000,0.098
2026-07-12T02:42:05Z,28.73,40.00,26,0.090,0,0.000,0.098
2026-07-12T02:42:06Z,29.73,40.00,26,0.090,0,0.000,0.098
2026-07-12T02:42:07Z,30.73,40.00,26,0.090,0,0.000,0.098
2026-07-12T02:42:08Z,30.73,40.00,26,0.090,0,0.000,0.098
2026-07-12T02:42:09Z,19.87,40.00,27,0.093,0,0.000,0.102
2026-07-12T02:42:10Z,22.87,40.00,27,0.093,0,0.000,0.102
2026-07-12T02:42:11Z,17.60,40.00,29,0.101,0,0.000,0.110
2026-07-12T02:42:12Z,19.60,40.00,29,0.101,0,0.000,0.110
2026-07-12T02:42:13Z,20.60,40.00,29,0.101,0,0.000,0.110
2026-07-12T02:42:14Z,21.60,40.00,29,0.101,0,0.000,0.110
2026-07-12T02:42:15Z,23.60,40.00,29,0.101,0,0.000,0.110
2026-07-12T02:42:16Z,24.60,40.00,29,0.101,0,0.000,0.110
2026-07-12T02:42:17Z,25.60,40.00,29,0.101,0,0.000,0.110
2026-07-12T02:42:18Z,27.60,40.00,29,0.101,0,0.000,0.110
2026-07-12T02:42:19Z,29.60,40.00,29,0.101,0,0.000,0.110
2026-07-12T02:42:20Z,28.80,40.00,30,0.103,0,0.000,0.112
2026-07-12T02:42:21Z,25.71,40.00,31,0.107,0,0.000,0.116
2026-07-12T02:42:22Z,26.71,40.00,31,0.107,0,0.000,0.116
2026-07-12T02:42:23Z,27.71,40.00,31,0.107,0,0.000,0.116
2026-07-12T02:42:24Z,27.71,40.00,31,0.107,0,0.000,0.116
2026-07-12T02:42:25Z,28.71,40.00,31,0.107,0,0.000,0.116
2026-07-12T02:42:26Z,29.71,40.00,31,0.107,0,0.000,0.116
2026-07-12T02:42:27Z,31.71,40.00,31,0.107,0,0.000,0.116
2026-07-12T02:42:28Z,16.36,40.00,32,0.108,0,0.000,0.117
2026-07-12T02:42:29Z,17.36,40.00,32,0.108,0,0.000,0.117
2026-07-12T02:42:30Z,32.36,40.00,32,0.108,0,0.000,0.117
2026-07-12T02:42:31Z,17.10,40.00,33,0.110,0,0.000,0.119
2026-07-12T02:42:32Z,18.10,40.00,33,0.110,0,0.000,0.119
2026-07-12T02:42:33Z,19.10,40.00,33,0.110,0,0.000,0.119
2026-07-12T02:42:34Z,21.10,40.00,33,0.110,0,0.000,0.119
2026-07-12T02:42:35Z,21.10,40.00,33,0.110,0,0.000,0.119
2026-07-12T02:42:36Z,21.10,40.00,33,0.110,0,0.000,0.119
2026-07-12T02:42:37Z,21.10,40.00,33,0.110,0,0.000,0.119
2026-07-12T02:42:38Z,21.10,40.00,33,0.110,0,0.000,0.119
2026-07-12T02:42:39Z,24.10,40.00,33,0.110,0,0.000,0.119
2026-07-12T02:42:40Z,24.10,40.00,33,0.110,0,0.000,0.119
2026-07-12T02:42:41Z,24.10,40.00,33,0.110,0,0.000,0.119
2026-07-12T02:42:42Z,27.10,40.00,33,0.110,0,0.000,0.119
2026-07-12T02:42:43Z,28.10,40.00,33,0.110,0,0.000,0.119
2026-07-12T02:42:44Z,29.10,40.00,33,0.110,0,0.000,0.119
2026-07-12T02:42:45Z,32.10,40.00,33,0.110,0,0.000,0.119
2026-07-12T02:42:46Z,34.10,40.00,34,0.110,0,0.000,0.119
2026-07-12T02:42:47Z,19.49,40.00,34,0.113,0,0.000,0.122
2026-07-12T02:42:48Z,20.49,40.00,34,0.113,0,0.000,0.122
2026-07-12T02:42:49Z,33.49,40.00,34,0.113,0,0.000,0.122
2026-07-12T02:42:50Z,16.55,40.00,35,0.115,0,0.000,0.124
2026-07-12T02:42:51Z,17.55,40.00,35,0.115,0,0.000,0.124
2026-07-12T02:42:52Z,18.55,40.00,35,0.115,0,0.000,0.124
2026-07-12T02:42:53Z,19.55,40.00,35,0.115,0,0.000,0.124
2026-07-12T02:42:54Z,20.55,40.00,35,0.115,0,0.000,0.124
2026-07-12T02:42:55Z,21.55,40.00,35,0.115,0,0.000,0.124
2026-07-12T02:42:56Z,22.55,40.00,35,0.115,0,0.000,0.124
2026-07-12T02:42:57Z,23.55,40.00,35,0.115,0,0.000,0.124
2026-07-12T02:42:58Z,26.55,40.00,35,0.115,0,0.000,0.124
2026-07-12T02:42:59Z,27.55,40.00,35,0.115,0,0.000,0.124
2026-07-12T02:43:00Z,28.55,40.00,35,0.115,0,0.000,0.124
2026-07-12T02:43:01Z,29.55,40.00,35,0.115,0,0.000,0.124
2026-07-12T02:43:02Z,30.55,40.00,35,0.115,0,0.000,0.124
2026-07-12T02:43:03Z,31.55,40.00,35,0.115,0,0.000,0.124
2026-07-12T02:43:04Z,32.55,40.00,35,0.115,0,0.000,0.124
2026-07-12T02:43:05Z,33.55,40.00,35,0.115,0,0.000,0.124
2026-07-12T02:43:06Z,17.51,40.00,36,0.117,0,0.000,0.126
2026-07-12T02:43:07Z,20.51,40.00,36,0.117,0,0.000,0.126
2026-07-12T02:43:08Z,32.51,40.00,36,0.117,0,0.000,0.126
2026-07-12T02:43:09Z,33.51,40.00,36,0.117,0,0.000,0.126
2026-07-12T02:43:10Z,34.51,40.00,36,0.117,0,0.000,0.126
2026-07-12T02:43:11Z,16.54,40.00,37,0.119,0,0.000,0.128
2026-07-12T02:43:12Z,16.54,40.00,37,0.119,0,0.000,0.128
2026-07-12T02:43:13Z,16.54,40.00,37,0.119,0,0.000,0.128
2026-07-12T02:43:14Z,16.54,40.00,37,0.119,0,0.000,0.128
2026-07-12T02:43:15Z,17.54,40.00,37,0.119,0,0.000,0.128
2026-07-12T02:43:16Z,17.54,40.00,37,0.119,0,0.000,0.128
2026-07-12T02:43:17Z,17.54,40.00,37,0.119,0,0.000,0.128
2026-07-12T02:43:18Z,20.54,40.00,37,0.119,0,0.000,0.128
2026-07-12T02:43:19Z,24.54,40.00,37,0.119,0,0.000,0.128
2026-07-12T02:43:20Z,25.54,40.00,37,0.119,0,0.000,0.128
2026-07-12T02:43:21Z,20.06,40.00,38,0.122,0,0.000,0.131
2026-07-12T02:43:22Z,22.06,40.00,38,0.122,0,0.000,0.131
2026-07-12T02:43:23Z,35.06,40.00,38,0.122,0,0.000,0.131
2026-07-12T02:43:24Z,16.66,40.00,39,0.124,0,0.000,0.133
2026-07-12T02:43:25Z,17.66,40.00,39,0.124,0,0.000,0.133
2026-07-12T02:43:26Z,18.66,40.00,39,0.124,0,0.000,0.133
2026-07-12T02:43:27Z,19.66,40.00,39,0.124,0,0.000,0.133
2026-07-12T02:43:28Z,20.66,40.00,39,0.124,0,0.000,0.133
2026-07-12T02:43:29Z,22.66,40.00,39,0.124,0,0.000,0.133
2026-07-12T02:43:30Z,25.66,40.00,39,0.124,0,0.000,0.133
2026-07-12T02:43:31Z,21.14,40.00,40,0.127,0,0.000,0.135
2026-07-12T02:43:32Z,22.14,40.00,40,0.127,0,0.000,0.135
2026-07-12T02:43:33Z,22.14,40.00,40,0.127,0,0.000,0.135
2026-07-12T02:43:34Z,22.14,40.00,40,0.127,0,0.000,0.135
2026-07-12T02:43:35Z,22.14,40.00,40,0.127,0,0.000,0.135
2026-07-12T02:43:36Z,23.14,40.00,40,0.127,0,0.000,0.135
2026-07-12T02:43:37Z,26.14,40.00,40,0.127,0,0.000,0.135
2026-07-12T02:43:38Z,27.14,40.00,40,0.127,0,0.000,0.135
2026-07-12T02:43:39Z,25.51,40.00,41,0.129,0,0.000,0.138
2026-07-12T02:43:40Z,24.43,40.00,42,0.133,0,0.000,0.142
2026-07-12T02:43:41Z,24.43,40.00,42,0.133,0,0.000,0.142
2026-07-12T02:43:42Z,25.43,40.00,42,0.133,0,0.000,0.142
2026-07-12T02:43:43Z,27.43,40.00,42,0.133,0,0.000,0.142
2026-07-12T02:43:44Z,25.41,40.00,43,0.136,0,0.000,0.145
2026-07-12T02:43:45Z,24.55,40.00,44,0.139,0,0.000,0.147
2026-07-12T02:43:46Z,25.55,40.00,44,0.139,0,0.000,0.147
2026-07-12T02:43:47Z,25.55,40.00,44,0.139,0,0.000,0.147
2026-07-12T02:43:48Z,25.55,40.00,44,0.139,0,0.000,0.147
2026-07-12T02:43:49Z,25.55,40.00,44,0.139,0,0.000,0.147
2026-07-12T02:43:50Z,25.55,40.00,44,0.139,0,0.000,0.147
2026-07-12T02:43:51Z,25.55,40.00,44,0.139,0,0.000,0.147
2026-07-12T02:43:52Z,25.55,40.00,44,0.139,0,0.000,0.147
2026-07-12T02:43:53Z,25.55,40.00,44,0.139,0,0.000,0.147
2026-07-12T02:43:54Z,25.55,40.00,44,0.139,0,0.000,0.147
2026-07-12T02:43:55Z,25.55,40.00,44,0.139,0,0.000,0.147
2026-07-12T02:43:56Z,25.55,40.00,44,0.139,0,0.000,0.147
2026-07-12T02:43:57Z,25.55,40.00,44,0.139,0,0.000,0.147
2026-07-12T02:43:58Z,25.55,40.00,44,0.139,0,0.000,0.147
2026-07-12T02:43:59Z,26.55,40.00,44,0.139,0,0.000,0.147
2026-07-12T02:44:00Z,26.55,40.00,44,0.139,0,0.000,0.147
2026-07-12T02:44:01Z,26.55,40.00,44,0.139,0,0.000,0.147
2026-07-12T02:44:02Z,26.55,40.00,44,0.139,0,0.000,0.147
2026-07-12T02:44:03Z,26.55,40.00,44,0.139,0,0.000,0.147
2026-07-12T02:44:04Z,26.55,40.00,44,0.139,0,0.000,0.147
2026-07-12T02:44:05Z,26.55,40.00,44,0.139,0,0.000,0.147
2026-07-12T02:44:06Z,26.55,40.00,44,0.139,0,0.000,0.147
2026-07-12T02:44:07Z,26.55,40.00,44,0.139,0,0.000,0.147
2026-07-12T02:44:08Z,26.55,40.00,44,0.139,0,0.000,0.147
2026-07-12T02:44:09Z,26.55,40.00,44,0.139,0,0.000,0.147
2026-07-12T02:44:10Z,26.55,40.00,44,0.139,0,0.000,0.147
2026-07-12T02:44:11Z,26.55,40.00,44,0.139,0,0.000,0.147
2026-07-12T02:44:12Z,26.55,40.00,44,0.139,0,0.000,0.147
2026-07-12T02:44:13Z,26.55,40.00,44,0.139,0,0.000,0.147
2026-07-12T02:44:14Z,26.55,40.00,44,0.139,0,0.000,0.147
2026-07-12T02:44:15Z,26.55,40.00,44,0.139,0,0.000,0.147
2026-07-12T02:44:16Z,27.55,40.00,44,0.139,0,0.000,0.147
2026-07-12T02:44:17Z,27.55,40.00,44,0.139,0,0.000,0.147
2026-07-12T02:44:18Z,27.55,40.00,44,0.139,0,0.000,0.147
2026-07-12T02:44:19Z,27.55,40.00,44,0.139,0,0.000,0.147
2026-07-12T02:44:20Z,27.55,40.00,44,0.139,0,0.000,0.147
2026-07-12T02:44:21Z,27.55,40.00,44,0.139,0,0.000,0.147
2026-07-12T02:44:22Z,27.55,40.00,44,0.139,0,0.000,0.147
2026-07-12T02:44:23Z,27.55,40.00,44,0.139,0,0.000,0.147
2026-07-12T02:44:24Z,27.55,40.00,44,0.139,0,0.000,0.147
2026-07-12T02:44:25Z,27.55,40.00,44,0.139,0,0.000,0.147
2026-07-12T02:44:26Z,27.55,40.00,44,0.139,0,0.000,0.147
2026-07-12T02:44:27Z,27.55,40.00,44,0.139,0,0.000,0.147
2026-07-12T02:44:28Z,27.55,40.00,44,0.139,0,0.000,0.147
2026-07-12T02:44:29Z,27.55,40.00,44,0.139,0,0.000,0.147
2026-07-12T02:44:30Z,27.55,40.00,44,0.139,0,0.000,0.147
2026-07-12T02:44:31Z,27.55,40.00,44,0.139,0,0.000,0.147
2026-07-12T02:44:32Z,27.55,40.00,44,0.139,0,0.000,0.147
2026-07-12T02:44:33Z,27.55,40.00,44,0.139,0,0.000,0.147
2026-07-12T02:44:34Z,28.55,40.00,44,0.139,0,0.000,0.147
2026-07-12T02:44:35Z,28.55,40.00,44,0.139,0,0.000,0.147
2026-07-12T02:44:36Z,28.55,40.00,44,0.139,0,0.000,0.147
2026-07-12T02:44:37Z,28.55,40.00,44,0.139,0,0.000,0.147
2026-07-12T02:44:38Z,28.55,40.00,44,0.139,0,0.000,0.147
2026-07-12T02:44:39Z,28.55,40.00,44,0.139,0,0.000,0.147
2026-07-12T02:44:40Z,28.55,40.00,44,0.139,0,0.000,0.147
2026-07-12T02:44:41Z,28.55,40.00,44,0.139,0,0.000,0.147
2026-07-12T02:44:42Z,28.55,40.00,44,0.139,0,0.000,0.147
2026-07-12T02:44:43Z,28.55,40.00,44,0.139,0,0.000,0.147
2026-07-12T02:44:44Z,28.55,40.00,44,0.139,0,0.000,0.147
2026-07-12T02:44:45Z,30.55,40.00,44,0.139,0,0.000,0.147
2026-07-12T02:44:46Z,31.55,40.00,44,0.139,0,0.000,0.147
2026-07-12T02:44:47Z,31.55,40.00,44,0.139,0,0.000,0.147
2026-07-12T02:44:48Z,32.55,40.00,44,0.139,0,0.000,0.147
2026-07-12T02:44:49Z,32.55,40.00,44,0.139,0,0.000,0.147
2026-07-12T02:44:50Z,32.55,40.00,44,0.139,0,0.000,0.147
2026-07-12T02:44:51Z,32.55,40.00,44,0.139,0,0.000,0.147
2026-07-12T02:44:52Z,32.55,40.00,44,0.139,0,0.000,0.147
2026-07-12T02:44:53Z,32.55,40.00,44,0.139,0,0.000,0.147
2026-07-12T02:44:54Z,32.55,40.00,44,0.139,0,0.000,0.147
2026-07-12T02:44:55Z,32.55,40.00,44,0.139,0,0.000,0.147
2026-07-12T02:44:56Z,32.55,40.00,44,0.139,0,0.000,0.147
2026-07-12T02:44:57Z,32.55,40.00,44,0.139,0,0.000,0.147
2026-07-12T02:44:58Z,32.55,40.00,44,0.139,0,0.000,0.147
2026-07-12T02:44:59Z,32.55,40.00,44,0.139,0,0.000,0.147
2026-07-12T02:45:00Z,32.55,40.00,44,0.139,0,0.000,0.147
2026-07-12T02:45:01Z,32.55,40.00,44,0.139,0,0.000,0.147
2026-07-12T02:45:02Z,32.55,40.00,44,0.139,0,0.000,0.147
2026-07-12T02:45:03Z,32.55,40.00,44,0.139,0,0.000,0.147
2026-07-12T02:45:04Z,32.55,40.00,44,0.139,0,0.000,0.147
2026-07-12T02:45:05Z,32.55,40.00,44,0.139,0,0.000,0.147
2026-07-12T02:45:06Z,32.55,40.00,44,0.139,0,0.000,0.147
2026-07-12T02:45:07Z,32.55,40.00,44,0.139,0,0.000,0.147
2026-07-12T02:45:08Z,32.55,40.00,44,0.139,0,0.000,0.147
2026-07-12T02:45:09Z,32.55,40.00,44,0.139,0,0.000,0.147
2026-07-12T02:45:10Z,32.55,40.00,44,0.139,0,0.000,0.147
2026-07-12T02:45:11Z,32.55,40.00,44,0.139,0,0.000,0.147
2026-07-12T02:45:12Z,32.55,40.00,44,0.139,0,0.000,0.147
2026-07-12T02:45:13Z,17.94,40.00,45,0.141,0,0.000,0.150
2026-07-12T02:45:14Z,19.94,40.00,45,0.141,0,0.000,0.150
2026-07-12T02:45:15Z,19.94,40.00,45,0.141,0,0.000,0.150
2026-07-12T02:45:16Z,20.94,40.00,45,0.141,0,0.000,0.150
2026-07-12T02:45:17Z,20.94,40.00,45,0.141,0,0.000,0.150
2026-07-12T02:45:18Z,20.94,40.00,45,0.141,0,0.000,0.150
2026-07-12T02:45:19Z,20.94,40.00,45,0.141,0,0.000,0.150
2026-07-12T02:45:20Z,20.94,40.00,45,0.141,0,0.000,0.150
2026-07-12T02:45:21Z,20.94,40.00,45,0.141,0,0.000,0.150
2026-07-12T02:45:22Z,20.94,40.00,45,0.141,0,0.000,0.150
2026-07-12T02:45:23Z,20.94,40.00,45,0.141,0,0.000,0.150
2026-07-12T02:45:24Z,20.94,40.00,45,0.141,0,0.000,0.150
2026-07-12T02:45:25Z,20.94,40.00,45,0.141,0,0.000,0.150
2026-07-12T02:45:26Z,20.94,40.00,45,0.141,0,0.000,0.150
2026-07-12T02:45:27Z,20.94,40.00,45,0.141,0,0.000,0.150
2026-07-12T02:45:28Z,20.94,40.00,45,0.141,0,0.000,0.150
2026-07-12T02:45:29Z,20.94,40.00,45,0.141,0,0.000,0.150
2026-07-12T02:45:30Z,20.94,40.00,45,0.141,0,0.000,0.150
2026-07-12T02:45:31Z,20.94,40.00,45,0.141,0,0.000,0.150
2026-07-12T02:45:32Z,20.94,40.00,45,0.141,0,0.000,0.150
2026-07-12T02:45:33Z,20.94,40.00,45,0.141,0,0.000,0.150
2026-07-12T02:45:34Z,20.94,40.00,45,0.141,0,0.000,0.150
2026-07-12T02:45:35Z,20.94,40.00,45,0.141,0,0.000,0.150
2026-07-12T02:45:36Z,20.94,40.00,45,0.141,0,0.000,0.150
2026-07-12T02:45:37Z,20.94,40.00,45,0.141,0,0.000,0.150
2026-07-12T02:45:38Z,20.94,40.00,45,0.141,0,0.000,0.150
2026-07-12T02:45:39Z,20.94,40.00,45,0.141,0,0.000,0.150
2026-07-12T02:45:40Z,20.94,40.00,45,0.141,0,0.000,0.150
2026-07-12T02:45:41Z,20.94,40.00,45,0.141,0,0.000,0.150
2026-07-12T02:45:42Z,20.94,40.00,45,0.141,0,0.000,0.150
2026-07-12T02:45:43Z,20.94,40.00,45,0.141,0,0.000,0.150
2026-07-12T02:45:44Z,20.94,40.00,45,0.141,0,0.000,0.150
2026-07-12T02:45:45Z,20.94,40.00,45,0.141,0,0.000,0.150
2026-07-12T02:45:46Z,20.94,40.00,45,0.141,0,0.000,0.150
2026-07-12T02:45:47Z,20.94,40.00,45,0.141,0,0.000,0.150
2026-07-12T02:45:48Z,21.94,40.00,45,0.141,0,0.000,0.150
2026-07-12T02:45:49Z,21.94,40.00,45,0.141,0,0.000,0.150
2026-07-12T02:45:50Z,21.94,40.00,45,0.141,0,0.000,0.150
2026-07-12T02:45:51Z,21.94,40.00,45,0.141,0,0.000,0.150
2026-07-12T02:45:52Z,21.94,40.00,45,0.141,0,0.000,0.150
2026-07-12T02:45:53Z,21.94,40.00,45,0.141,0,0.000,0.150
2026-07-12T02:45:54Z,21.94,40.00,45,0.141,0,0.000,0.150
2026-07-12T02:45:55Z,21.94,40.00,45,0.141,0,0.000,0.150
2026-07-12T02:45:56Z,21.94,40.00,45,0.141,0,0.000,0.150
2026-07-12T02:45:57Z,21.94,40.00,45,0.141,0,0.000,0.150
2026-07-12T02:45:58Z,21.94,40.00,45,0.141,0,0.000,0.150
2026-07-12T02:45:59Z,21.94,40.00,45,0.141,0,0.000,0.150
2026-07-12T02:46:00Z,21.94,40.00,45,0.141,0,0.000,0.150
2026-07-12T02:46:01Z,21.94,40.00,45,0.141,0,0.000,0.150
2026-07-12T02:46:02Z,21.94,40.00,45,0.141,0,0.000,0.150
2026-07-12T02:46:03Z,21.94,40.00,45,0.141,0,0.000,0.150
2026-07-12T02:46:04Z,21.94,40.00,45,0.141,0,0.000,0.150
2026-07-12T02:46:05Z,21.94,40.00,45,0.141,0,0.000,0.150
2026-07-12T02:46:06Z,21.94,40.00,45,0.141,0,0.000,0.150
2026-07-12T02:46:07Z,21.94,40.00,45,0.141,0,0.000,0.150
2026-07-12T02:46:08Z,21.94,40.00,45,0.141,0,0.000,0.150
2026-07-12T02:46:09Z,21.94,40.00,45,0.141,0,0.000,0.150
2026-07-12T02:46:10Z,21.94,40.00,45,0.141,0,0.000,0.150
2026-07-12T02:46:11Z,21.94,40.00,45,0.141,0,0.000,0.150
2026-07-12T02:46:12Z,21.94,40.00,45,0.141,0,0.000,0.150
2026-07-12T02:46:13Z,21.94,40.00,45,0.141,0,0.000,0.150
2026-07-12T02:46:14Z,21.94,40.00,45,0.141,0,0.000,0.150
2026-07-12T02:46:15Z,21.94,40.00,45,0.141,0,0.000,0.150
2026-07-12T02:46:16Z,21.94,40.00,45,0.141,0,0.000,0.150
2026-07-12T02:46:17Z,21.94,40.00,45,0.141,0,0.000,0.150
2026-07-12T02:46:18Z,22.94,40.00,45,0.141,0,0.000,0.150
2026-07-12T02:46:19Z,22.94,40.00,45,0.141,0,0.000,0.150
2026-07-12T02:46:20Z,23.94,40.00,45,0.141,0,0.000,0.150
2026-07-12T02:46:21Z,23.94,40.00,45,0.141,0,0.000,0.150
2026-07-12T02:46:22Z,23.94,40.00,45,0.141,0,0.000,0.150
2026-07-12T02:46:23Z,23.94,40.00,45,0.141,0,0.000,0.150
2026-07-12T02:46:24Z,23.94,40.00,45,0.141,0,0.000,0.150
2026-07-12T02:46:25Z,23.94,40.00,45,0.141,0,0.000,0.150
2026-07-12T02:46:26Z,23.94,40.00,45,0.141,0,0.000,0.150
2026-07-12T02:46:27Z,23.94,40.00,45,0.141,0,0.000,0.150
2026-07-12T02:46:28Z,23.94,40.00,45,0.141,0,0.000,0.150
2026-07-12T02:46:29Z,23.94,40.00,45,0.141,0,0.000,0.150
2026-07-12T02:46:30Z,23.94,40.00,45,0.141,0,0.000,0.150
2026-07-12T02:46:31Z,23.94,40.00,45,0.141,0,0.000,0.150
2026-07-12T02:46:32Z,23.94,40.00,45,0.141,0,0.000,0.150
2026-07-12T02:46:33Z,23.94,40.00,45,0.141,0,0.000,0.150
2026-07-12T02:46:34Z,23.94,40.00,45,0.141,0,0.000,0.150
2026-07-12T02:46:35Z,23.94,40.00,45,0.141,0,0.000,0.150
2026-07-12T02:46:36Z,23.94,40.00,45,0.141,0,0.000,0.150
2026-07-12T02:46:37Z,23.94,40.00,45,0.141,0,0.000,0.150
2026-07-12T02:46:38Z,23.94,40.00,45,0.141,0,0.000,0.150
2026-07-12T02:46:39Z,23.94,40.00,45,0.141,0,0.000,0.150
2026-07-12T02:46:40Z,23.94,40.00,45,0.141,0,0.000,0.150
2026-07-12T02:46:41Z,24.94,40.00,45,0.141,0,0.000,0.150
2026-07-12T02:46:42Z,24.94,40.00,45,0.141,0,0.000,0.150
2026-07-12T02:46:43Z,26.94,40.00,45,0.141,0,0.000,0.150
2026-07-12T02:46:44Z,27.94,40.00,45,0.141,0,0.000,0.150
2026-07-12T02:46:45Z,27.94,40.00,45,0.141,0,0.000,0.150
2026-07-12T02:46:46Z,27.94,40.00,45,0.141,0,0.000,0.150
2026-07-12T02:46:47Z,27.94,40.00,45,0.141,0,0.000,0.150
2026-07-12T02:46:48Z,27.94,40.00,45,0.141,0,0.000,0.150
2026-07-12T02:46:49Z,28.94,40.00,45,0.141,0,0.000,0.150
2026-07-12T02:46:50Z,28.94,40.00,45,0.141,0,0.000,0.150
2026-07-12T02:46:51Z,28.94,40.00,45,0.141,0,0.000,0.150
2026-07-12T02:46:52Z,28.94,40.00,45,0.141,0,0.000,0.150
2026-07-12T02:46:53Z,28.94,40.00,45,0.141,0,0.000,0.150
2026-07-12T02:46:54Z,28.94,40.00,45,0.141,0,0.000,0.150
2026-07-12T02:46:55Z,28.94,40.00,45,0.141,0,0.000,0.150
2026-07-12T02:46:56Z,28.94,40.00,45,0.141,0,0.000,0.150
2026-07-12T02:46:57Z,28.94,40.00,45,0.141,0,0.000,0.150
2026-07-12T02:46:58Z,28.94,40.00,45,0.141,0,0.000,0.150
2026-07-12T02:46:59Z,28.94,40.00,45,0.141,0,0.000,0.150
2026-07-12T02:47:00Z,28.94,40.00,45,0.141,0,0.000,0.150
2026-07-12T02:47:01Z,28.94,40.00,45,0.141,0,0.000,0.150
2026-07-12T02:47:02Z,28.94,40.00,45,0.141,0,0.000,0.150
2026-07-12T02:47:03Z,28.94,40.00,45,0.141,0,0.000,0.150
2026-07-12T02:47:04Z,28.94,40.00,45,0.141,0,0.000,0.150
2026-07-12T02:47:05Z,28.94,40.00,45,0.141,0,0.000,0.150
2026-07-12T02:47:06Z,28.94,40.00,45,0.141,0,0.000,0.150
2026-07-12T02:47:07Z,28.94,40.00,45,0.141,0,0.000,0.150
2026-07-12T02:47:08Z,28.94,40.00,45,0.141,0,0.000,0.150
2026-07-12T02:47:09Z,28.94,40.00,45,0.141,0,0.000,0.150
2026-07-12T02:47:10Z,28.94,40.00,45,0.141,0,0.000,0.150
2026-07-12T02:47:11Z,28.94,40.00,45,0.141,0,0.000,0.150
2026-07-12T02:47:12Z,28.94,40.00,45,0.141,0,0.000,0.150
2026-07-12T02:47:13Z,28.94,40.00,45,0.141,0,0.000,0.150
2026-07-12T02:47:14Z,28.94,40.00,45,0.141,0,0.000,0.150
2026-07-12T02:47:15Z,31.94,40.00,45,0.141,0,0.000,0.150
2026-07-12T02:47:16Z,31.94,40.00,45,0.141,0,0.000,0.150
2026-07-12T02:47:17Z,31.94,40.00,45,0.141,0,0.000,0.150
2026-07-12T02:47:18Z,31.94,40.00,45,0.141,0,0.000,0.150
2026-07-12T02:47:19Z,33.94,40.00,45,0.141,0,0.000,0.150
2026-07-12T02:47:20Z,33.94,40.00,45,0.141,0,0.000,0.150
2026-07-12T02:47:21Z,33.94,40.00,45,0.141,0,0.000,0.150
2026-07-12T02:47:22Z,33.94,40.00,45,0.141,0,0.000,0.150
2026-07-12T02:47:23Z,33.94,40.00,45,0.141,0,0.000,0.150
2026-07-12T02:47:24Z,33.94,40.00,45,0.141,0,0.000,0.150
2026-07-12T02:47:25Z,33.94,40.00,45,0.141,0,0.000,0.150
2026-07-12T02:47:26Z,33.94,40.00,45,0.141,0,0.000,0.150
2026-07-12T02:47:27Z,33.94,40.00,45,0.141,0,0.000,0.150
2026-07-12T02:47:28Z,33.94,40.00,45,0.141,0,0.000,0.150
2026-07-12T02:47:29Z,33.94,40.00,45,0.141,0,0.000,0.150
2026-07-12T02:47:30Z,33.94,40.00,45,0.141,0,0.000,0.150
2026-07-12T02:47:31Z,33.94,40.00,45,0.141,0,0.000,0.150
2026-07-12T02:47:32Z,33.94,40.00,45,0.141,0,0.000,0.150
2026-07-12T02:47:33Z,33.94,40.00,45,0.141,0,0.000,0.150
2026-07-12T02:47:34Z,33.94,40.00,45,0.141,0,0.000,0.150
2026-07-12T02:47:35Z,33.94,40.00,45,0.141,0,0.000,0.150
2026-07-12T02:47:36Z,33.94,40.00,45,0.141,0,0.000,0.150
2026-07-12T02:47:37Z,33.94,40.00,45,0.141,0,0.000,0.150
2026-07-12T02:47:38Z,33.94,40.00,45,0.141,0,0.000,0.150
2026-07-12T02:47:39Z,33.94,40.00,45,0.141,0,0.000,0.150
2026-07-12T02:47:40Z,33.94,40.00,45,0.141,0,0.000,0.150
2026-07-12T02:47:41Z,33.94,40.00,45,0.141,0,0.000,0.150
2026-07-12T02:47:42Z,33.94,40.00,45,0.141,0,0.000,0.150
2026-07-12T02:47:43Z,19.49,40.00,46,0.144,0,0.000,0.153
2026-07-12T02:47:44Z,19.49,40.00,46,0.144,0,0.000,0.153
2026-07-12T02:47:45Z,19.49,40.00,46,0.144,0,0.000,0.153
2026-07-12T02:47:46Z,19.49,40.00,46,0.144,0,0.000,0.153
2026-07-12T02:47:47Z,19.49,40.00,46,0.144,0,0.000,0.153
2026-07-12T02:47:48Z,19.49,40.00,46,0.144,0,0.000,0.153
2026-07-12T02:47:49Z,20.49,40.00,46,0.144,0,0.000,0.153
2026-07-12T02:47:50Z,20.49,40.00,46,0.144,0,0.000,0.153
2026-07-12T02:47:51Z,20.49,40.00,46,0.144,0,0.000,0.153
2026-07-12T02:47:52Z,20.49,40.00,46,0.144,0,0.000,0.153
2026-07-12T02:47:53Z,20.49,40.00,46,0.144,0,0.000,0.153
2026-07-12T02:47:54Z,20.49,40.00,46,0.144,0,0.000,0.153
2026-07-12T02:47:55Z,20.49,40.00,46,0.144,0,0.000,0.153
2026-07-12T02:47:56Z,20.49,40.00,46,0.144,0,0.000,0.153
2026-07-12T02:47:57Z,20.49,40.00,46,0.144,0,0.000,0.153
2026-07-12T02:47:58Z,20.49,40.00,46,0.144,0,0.000,0.153
2026-07-12T02:47:59Z,20.49,40.00,46,0.144,0,0.000,0.153
2026-07-12T02:48:00Z,20.49,40.00,46,0.144,0,0.000,0.153
2026-07-12T02:48:01Z,20.49,40.00,46,0.144,0,0.000,0.153
2026-07-12T02:48:02Z,20.49,40.00,46,0.144,0,0.000,0.153
2026-07-12T02:48:03Z,20.49,40.00,46,0.144,0,0.000,0.153
2026-07-12T02:48:04Z,20.49,40.00,46,0.144,0,0.000,0.153
2026-07-12T02:48:05Z,20.49,40.00,46,0.144,0,0.000,0.153
2026-07-12T02:48:06Z,20.49,40.00,46,0.144,0,0.000,0.153
2026-07-12T02:48:07Z,20.49,40.00,46,0.144,0,0.000,0.153
2026-07-12T02:48:08Z,20.49,40.00,46,0.144,0,0.000,0.153
2026-07-12T02:48:09Z,20.49,40.00,46,0.144,0,0.000,0.153
2026-07-12T02:48:10Z,20.49,40.00,46,0.144,0,0.000,0.153
2026-07-12T02:48:11Z,20.49,40.00,46,0.144,0,0.000,0.153
2026-07-12T02:48:12Z,20.49,40.00,46,0.144,0,0.000,0.153
2026-07-12T02:48:13Z,20.49,40.00,46,0.144,0,0.000,0.153
2026-07-12T02:48:14Z,20.49,40.00,46,0.144,0,0.000,0.153
2026-07-12T02:48:15Z,20.49,40.00,46,0.144,0,0.000,0.153
2026-07-12T02:48:16Z,20.49,40.00,46,0.144,0,0.000,0.153
2026-07-12T02:48:17Z,20.49,40.00,46,0.144,0,0.000,0.153
2026-07-12T02:48:18Z,20.49,40.00,46,0.144,0,0.000,0.153
2026-07-12T02:48:19Z,21.49,40.00,46,0.144,0,0.000,0.153
2026-07-12T02:48:20Z,21.49,40.00,46,0.144,0,0.000,0.153
2026-07-12T02:48:21Z,21.49,40.00,46,0.144,0,0.000,0.153
2026-07-12T02:48:22Z,21.49,40.00,46,0.144,0,0.000,0.153
2026-07-12T02:48:23Z,21.49,40.00,46,0.144,0,0.000,0.153
2026-07-12T02:48:24Z,21.49,40.00,46,0.144,0,0.000,0.153
2026-07-12T02:48:25Z,21.49,40.00,46,0.144,0,0.000,0.153
2026-07-12T02:48:26Z,21.49,40.00,46,0.144,0,0.000,0.153
2026-07-12T02:48:27Z,21.49,40.00,46,0.144,0,0.000,0.153
2026-07-12T02:48:28Z,21.49,40.00,46,0.144,0,0.000,0.153
2026-07-12T02:48:29Z,21.49,40.00,46,0.144,0,0.000,0.153
2026-07-12T02:48:30Z,21.49,40.00,46,0.144,0,0.000,0.153
2026-07-12T02:48:31Z,21.49,40.00,46,0.144,0,0.000,0.153
2026-07-12T02:48:32Z,21.49,40.00,46,0.144,0,0.000,0.153
2026-07-12T02:48:33Z,21.49,40.00,46,0.144,0,0.000,0.153
2026-07-12T02:48:34Z,21.49,40.00,46,0.144,0,0.000,0.153
2026-07-12T02:48:35Z,21.49,40.00,46,0.144,0,0.000,0.153
2026-07-12T02:48:36Z,21.49,40.00,46,0.144,0,0.000,0.153
2026-07-12T02:48:37Z,21.49,40.00,46,0.144,0,0.000,0.153
2026-07-12T02:48:38Z,21.49,40.00,46,0.144,0,0.000,0.153
2026-07-12T02:48:39Z,21.49,40.00,46,0.144,0,0.000,0.153
2026-07-12T02:48:40Z,21.49,40.00,46,0.144,0,0.000,0.153
2026-07-12T02:48:41Z,21.49,40.00,46,0.144,0,0.000,0.153
2026-07-12T02:48:42Z,21.49,40.00,46,0.144,0,0.000,0.153
2026-07-12T02:48:43Z,21.49,40.00,46,0.144,0,0.000,0.153
2026-07-12T02:48:44Z,21.49,40.00,46,0.144,0,0.000,0.153
2026-07-12T02:48:45Z,22.49,40.00,46,0.144,0,0.000,0.153
2026-07-12T02:48:46Z,22.49,40.00,46,0.144,0,0.000,0.153
2026-07-12T02:48:47Z,22.49,40.00,46,0.144,0,0.000,0.153
2026-07-12T02:48:48Z,22.49,40.00,46,0.144,0,0.000,0.153
2026-07-12T02:48:49Z,23.49,40.00,46,0.144,0,0.000,0.153
2026-07-12T02:48:50Z,23.49,40.00,46,0.144,0,0.000,0.153
2026-07-12T02:48:51Z,23.49,40.00,46,0.144,0,0.000,0.153
2026-07-12T02:48:52Z,23.49,40.00,46,0.144,0,0.000,0.153
2026-07-12T02:48:53Z,23.49,40.00,46,0.144,0,0.000,0.153
2026-07-12T02:48:54Z,23.49,40.00,46,0.144,0,0.000,0.153
2026-07-12T02:48:55Z,23.49,40.00,46,0.144,0,0.000,0.153
2026-07-12T02:48:56Z,23.49,40.00,46,0.144,0,0.000,0.153
2026-07-12T02:48:57Z,23.49,40.00,46,0.144,0,0.000,0.153
2026-07-12T02:48:58Z,23.49,40.00,46,0.144,0,0.000,0.153
2026-07-12T02:48:59Z,23.49,40.00,46,0.144,0,0.000,0.153
2026-07-12T02:49:00Z,23.49,40.00,46,0.144,0,0.000,0.153
2026-07-12T02:49:01Z,23.49,40.00,46,0.144,0,0.000,0.153
2026-07-12T02:49:02Z,23.49,40.00,46,0.144,0,0.000,0.153
2026-07-12T02:49:03Z,23.49,40.00,46,0.144,0,0.000,0.153
2026-07-12T02:49:04Z,23.49,40.00,46,0.144,0,0.000,0.153
2026-07-12T02:49:05Z,23.49,40.00,46,0.144,0,0.000,0.153
2026-07-12T02:49:06Z,23.49,40.00,46,0.144,0,0.000,0.153
2026-07-12T02:49:07Z,23.49,40.00,46,0.144,0,0.000,0.153
2026-07-12T02:49:08Z,23.49,40.00,46,0.144,0,0.000,0.153
2026-07-12T02:49:09Z,23.49,40.00,46,0.144,0,0.000,0.153
2026-07-12T02:49:10Z,23.49,40.00,46,0.144,0,0.000,0.153
2026-07-12T02:49:11Z,23.49,40.00,46,0.144,0,0.000,0.153
2026-07-12T02:49:12Z,23.49,40.00,46,0.144,0,0.000,0.153
2026-07-12T02:49:13Z,24.49,40.00,46,0.144,0,0.000,0.153
2026-07-12T02:49:14Z,24.49,40.00,46,0.144,0,0.000,0.153
2026-07-12T02:49:15Z,24.49,40.00,46,0.144,0,0.000,0.153
2026-07-12T02:49:16Z,24.49,40.00,46,0.144,0,0.000,0.153
2026-07-12T02:49:17Z,24.49,40.00,46,0.144,0,0.000,0.153
2026-07-12T02:49:18Z,24.49,40.00,46,0.144,0,0.000,0.153
2026-07-12T02:49:19Z,24.49,40.00,46,0.144,0,0.000,0.153
2026-07-12T02:49:20Z,24.49,40.00,46,0.144,0,0.000,0.153
2026-07-12T02:49:21Z,24.49,40.00,46,0.144,0,0.000,0.153
2026-07-12T02:49:22Z,24.49,40.00,46,0.144,0,0.000,0.153
2026-07-12T02:49:23Z,24.49,40.00,46,0.144,0,0.000,0.153
2026-07-12T02:49:24Z,24.49,40.00,46,0.144,0,0.000,0.153
2026-07-12T02:49:25Z,24.49,40.00,46,0.144,0,0.000,0.153
2026-07-12T02:49:26Z,24.49,40.00,46,0.144,0,0.000,0.153
2026-07-12T02:49:27Z,24.49,40.00,46,0.144,0,0.000,0.153
2026-07-12T02:49:28Z,24.49,40.00,46,0.144,0,0.000,0.153
2026-07-12T02:49:29Z,24.49,40.00,46,0.144,0,0.000,0.153
2026-07-12T02:49:30Z,24.49,40.00,46,0.144,0,0.000,0.153
2026-07-12T02:49:31Z,24.49,40.00,46,0.144,0,0.000,0.153
2026-07-12T02:49:32Z,24.49,40.00,46,0.144,0,0.000,0.153
2026-07-12T02:49:33Z,24.49,40.00,46,0.144,0,0.000,0.153
2026-07-12T02:49:34Z,24.49,40.00,46,0.144,0,0.000,0.153
2026-07-12T02:49:35Z,24.49,40.00,46,0.144,0,0.000,0.153
2026-07-12T02:49:36Z,24.49,40.00,46,0.144,0,0.000,0.153
2026-07-12T02:49:37Z,24.49,40.00,46,0.144,0,0.000,0.153
2026-07-12T02:49:38Z,24.49,40.00,46,0.144,0,0.000,0.153
2026-07-12T02:49:39Z,24.49,40.00,46,0.144,0,0.000,0.153
2026-07-12T02:49:40Z,24.49,40.00,46,0.144,0,0.000,0.153
2026-07-12T02:49:41Z,24.49,40.00,46,0.144,0,0.000,0.153
2026-07-12T02:49:42Z,24.49,40.00,46,0.144,0,0.000,0.153
2026-07-12T02:49:43Z,24.49,40.00,46,0.144,0,0.000,0.153
2026-07-12T02:49:44Z,24.49,40.00,46,0.144,0,0.000,0.153
2026-07-12T02:49:45Z,27.49,40.00,46,0.144,0,0.000,0.153
2026-07-12T02:49:46Z,27.49,40.00,46,0.144,0,0.000,0.153
2026-07-12T02:49:47Z,27.49,40.00,46,0.144,0,0.000,0.153
2026-07-12T02:49:48Z,27.49,40.00,46,0.144,0,0.000,0.153
2026-07-12T02:49:49Z,27.49,40.00,46,0.144,0,0.000,0.153
2026-07-12T02:49:50Z,27.49,40.00,46,0.144,0,0.000,0.153
2026-07-12T02:49:51Z,27.49,40.00,46,0.144,0,0.000,0.153
2026-07-12T02:49:52Z,27.49,40.00,46,0.144,0,0.000,0.153
2026-07-12T02:49:53Z,27.49,40.00,46,0.144,0,0.000,0.153
2026-07-12T02:49:54Z,27.49,40.00,46,0.144,0,0.000,0.153
2026-07-12T02:49:55Z,27.49,40.00,46,0.144,0,0.000,0.153
2026-07-12T02:49:56Z,27.49,40.00,46,0.144,0,0.000,0.153
2026-07-12T02:49:57Z,27.49,40.00,46,0.144,0,0.000,0.153
2026-07-12T02:49:58Z,27.49,40.00,46,0.144,0,0.000,0.153
2026-07-12T02:49:59Z,27.49,40.00,46,0.144,0,0.000,0.153
2026-07-12T02:50:00Z,27.49,40.00,46,0.144,0,0.000,0.153
2026-07-12T02:50:01Z,27.49,40.00,46,0.144,0,0.000,0.153
2026-07-12T02:50:02Z,27.49,40.00,46,0.144,0,0.000,0.153
2026-07-12T02:50:03Z,27.49,40.00,46,0.144,0,0.000,0.153
2026-07-12T02:50:04Z,27.49,40.00,46,0.144,0,0.000,0.153
2026-07-12T02:50:05Z,27.49,40.00,46,0.144,0,0.000,0.153
2026-07-12T02:50:06Z,27.49,40.00,46,0.144,0,0.000,0.153
2026-07-12T02:50:07Z,27.49,40.00,46,0.144,0,0.000,0.153
2026-07-12T02:50:08Z,27.49,40.00,46,0.144,0,0.000,0.153
2026-07-12T02:50:09Z,27.49,40.00,46,0.144,0,0.000,0.153
2026-07-12T02:50:10Z,27.49,40.00,46,0.144,0,0.000,0.153
2026-07-12T02:50:11Z,27.49,40.00,46,0.144,0,0.000,0.153
2026-07-12T02:50:12Z,27.49,40.00,46,0.144,0,0.000,0.153
2026-07-12T02:50:13Z,28.49,40.00,46,0.144,0,0.000,0.153
2026-07-12T02:50:14Z,28.49,40.00,46,0.144,0,0.000,0.153
2026-07-12T02:50:15Z,29.49,40.00,46,0.144,0,0.000,0.153
2026-07-12T02:50:16Z,29.49,40.00,46,0.144,0,0.000,0.153
2026-07-12T02:50:17Z,29.49,40.00,46,0.144,0,0.000,0.153
2026-07-12T02:50:18Z,29.49,40.00,46,0.144,0,0.000,0.153
2026-07-12T02:50:19Z,29.49,40.00,46,0.144,0,0.000,0.153
2026-07-12T02:50:20Z,29.49,40.00,46,0.144,0,0.000,0.153
2026-07-12T02:50:21Z,29.49,40.00,46,0.144,0,0.000,0.153
2026-07-12T02:50:22Z,29.49,40.00,46,0.144,0,0.000,0.153
2026-07-12T02:50:23Z,29.49,40.00,46,0.144,0,0.000,0.153
2026-07-12T02:50:24Z,29.49,40.00,46,0.144,0,0.000,0.153
2026-07-12T02:50:25Z,29.49,40.00,46,0.144,0,0.000,0.153
2026-07-12T02:50:26Z,29.49,40.00,46,0.144,0,0.000,0.153
2026-07-12T02:50:27Z,29.49,40.00,46,0.144,0,0.000,0.153
2026-07-12T02:50:28Z,29.49,40.00,46,0.144,0,0.000,0.153
2026-07-12T02:50:29Z,29.49,40.00,46,0.144,0,0.000,0.153
2026-07-12T02:50:30Z,29.49,40.00,46,0.144,0,0.000,0.153
2026-07-12T02:50:31Z,29.49,40.00,46,0.144,0,0.000,0.153
2026-07-12T02:50:32Z,29.49,40.00,46,0.144,0,0.000,0.153
2026-07-12T02:50:33Z,29.49,40.00,46,0.144,0,0.000,0.153
2026-07-12T02:50:34Z,29.49,40.00,46,0.144,0,0.000,0.153
2026-07-12T02:50:35Z,29.49,40.00,46,0.144,0,0.000,0.153
2026-07-12T02:50:36Z,29.49,40.00,46,0.144,0,0.000,0.153
2026-07-12T02:50:37Z,29.49,40.00,46,0.144,0,0.000,0.153
2026-07-12T02:50:38Z,29.49,40.00,46,0.144,0,0.000,0.153
2026-07-12T02:50:39Z,29.49,40.00,46,0.144,0,0.000,0.153
2026-07-12T02:50:40Z,29.49,40.00,46,0.144,0,0.000,0.153
2026-07-12T02:50:41Z,29.49,40.00,46,0.144,0,0.000,0.153
2026-07-12T02:50:42Z,29.49,40.00,46,0.144,0,0.000,0.153
2026-07-12T02:50:43Z,31.49,40.00,46,0.144,0,0.000,0.153
2026-07-12T02:50:44Z,31.49,40.00,46,0.144,0,0.000,0.153
2026-07-12T02:50:45Z,33.49,40.00,46,0.144,0,0.000,0.153
2026-07-12T02:50:46Z,17.70,40.00,47,0.145,0,0.000,0.154
2026-07-12T02:50:47Z,17.70,40.00,47,0.145,0,0.000,0.154
2026-07-12T02:50:48Z,17.70,40.00,47,0.145,0,0.000,0.154
2026-07-12T02:50:49Z,17.70,40.00,47,0.145,0,0.000,0.154
2026-07-12T02:50:50Z,17.70,40.00,47,0.145,0,0.000,0.154
2026-07-12T02:50:51Z,17.70,40.00,47,0.145,0,0.000,0.154
2026-07-12T02:50:52Z,17.70,40.00,47,0.145,0,0.000,0.154
2026-07-12T02:50:53Z,17.70,40.00,47,0.145,0,0.000,0.154
2026-07-12T02:50:54Z,17.70,40.00,47,0.145,0,0.000,0.154
2026-07-12T02:50:55Z,17.70,40.00,47,0.145,0,0.000,0.154
2026-07-12T02:50:56Z,17.70,40.00,47,0.145,0,0.000,0.154
2026-07-12T02:50:57Z,17.70,40.00,47,0.145,0,0.000,0.154
2026-07-12T02:50:58Z,17.70,40.00,47,0.145,0,0.000,0.154
2026-07-12T02:50:59Z,17.70,40.00,47,0.145,0,0.000,0.154
2026-07-12T02:51:00Z,17.70,40.00,47,0.145,0,0.000,0.154
2026-07-12T02:51:01Z,17.70,40.00,47,0.145,0,0.000,0.154
2026-07-12T02:51:02Z,17.70,40.00,47,0.145,0,0.000,0.154
2026-07-12T02:51:03Z,17.70,40.00,47,0.145,0,0.000,0.154
2026-07-12T02:51:04Z,17.70,40.00,47,0.145,0,0.000,0.154
2026-07-12T02:51:05Z,17.70,40.00,47,0.145,0,0.000,0.154
2026-07-12T02:51:06Z,17.70,40.00,47,0.145,0,0.000,0.154
2026-07-12T02:51:07Z,17.70,40.00,47,0.145,0,0.000,0.154
2026-07-12T02:51:08Z,17.70,40.00,47,0.145,0,0.000,0.154
2026-07-12T02:51:09Z,17.70,40.00,47,0.145,0,0.000,0.154
2026-07-12T02:51:10Z,17.70,40.00,47,0.145,0,0.000,0.154
2026-07-12T02:51:11Z,17.70,40.00,47,0.145,0,0.000,0.154
2026-07-12T02:51:12Z,17.70,40.00,47,0.145,0,0.000,0.154
2026-07-12T02:51:13Z,18.70,40.00,47,0.145,0,0.000,0.154
2026-07-12T02:51:14Z,18.70,40.00,47,0.145,0,0.000,0.154
2026-07-12T02:51:15Z,19.70,40.00,47,0.145,0,0.000,0.154
2026-07-12T02:51:16Z,19.70,40.00,47,0.145,0,0.000,0.154
2026-07-12T02:51:17Z,19.70,40.00,47,0.145,0,0.000,0.154
2026-07-12T02:51:18Z,19.70,40.00,47,0.145,0,0.000,0.154
2026-07-12T02:51:19Z,19.70,40.00,47,0.145,0,0.000,0.154
2026-07-12T02:51:20Z,19.70,40.00,47,0.145,0,0.000,0.154
2026-07-12T02:51:21Z,19.70,40.00,47,0.145,0,0.000,0.154
2026-07-12T02:51:22Z,19.70,40.00,47,0.145,0,0.000,0.154
2026-07-12T02:51:23Z,20.70,40.00,47,0.145,0,0.000,0.154
2026-07-12T02:51:24Z,20.70,40.00,47,0.145,0,0.000,0.154
2026-07-12T02:51:25Z,20.70,40.00,47,0.145,0,0.000,0.154
2026-07-12T02:51:26Z,20.70,40.00,47,0.145,0,0.000,0.154
2026-07-12T02:51:27Z,20.70,40.00,47,0.145,0,0.000,0.154
2026-07-12T02:51:28Z,20.70,40.00,47,0.145,0,0.000,0.154
2026-07-12T02:51:29Z,20.70,40.00,47,0.145,0,0.000,0.154
2026-07-12T02:51:30Z,20.70,40.00,47,0.145,0,0.000,0.154
2026-07-12T02:51:31Z,20.70,40.00,47,0.145,0,0.000,0.154
2026-07-12T02:51:32Z,20.70,40.00,47,0.145,0,0.000,0.154
2026-07-12T02:51:33Z,20.70,40.00,47,0.145,0,0.000,0.154
2026-07-12T02:51:34Z,20.70,40.00,47,0.145,0,0.000,0.154
2026-07-12T02:51:35Z,20.70,40.00,47,0.145,0,0.000,0.154
2026-07-12T02:51:36Z,20.70,40.00,47,0.145,0,0.000,0.154
2026-07-12T02:51:37Z,20.70,40.00,47,0.145,0,0.000,0.154
2026-07-12T02:51:38Z,20.70,40.00,47,0.145,0,0.000,0.154
2026-07-12T02:51:39Z,20.70,40.00,47,0.145,0,0.000,0.154
2026-07-12T02:51:40Z,20.70,40.00,47,0.145,0,0.000,0.154
2026-07-12T02:51:41Z,20.70,40.00,47,0.145,0,0.000,0.154
2026-07-12T02:51:42Z,21.70,40.00,47,0.145,0,0.000,0.154
2026-07-12T02:51:43Z,23.70,40.00,47,0.145,0,0.000,0.154
2026-07-12T02:51:44Z,23.70,40.00,47,0.145,0,0.000,0.154
2026-07-12T02:51:45Z,23.70,40.00,47,0.145,0,0.000,0.154
2026-07-12T02:51:46Z,23.70,40.00,47,0.145,0,0.000,0.154
2026-07-12T02:51:47Z,23.70,40.00,47,0.145,0,0.000,0.154
2026-07-12T02:51:48Z,23.70,40.00,47,0.145,0,0.000,0.154
2026-07-12T02:51:49Z,23.70,40.00,47,0.145,0,0.000,0.154
2026-07-12T02:51:50Z,25.70,40.00,47,0.145,0,0.000,0.154
2026-07-12T02:51:51Z,25.70,40.00,47,0.145,0,0.000,0.154
2026-07-12T02:51:52Z,25.70,40.00,47,0.145,0,0.000,0.154
2026-07-12T02:51:53Z,25.70,40.00,47,0.145,0,0.000,0.154
2026-07-12T02:51:54Z,25.70,40.00,47,0.145,0,0.000,0.154
2026-07-12T02:51:55Z,25.70,40.00,47,0.145,0,0.000,0.154
2026-07-12T02:51:56Z,25.70,40.00,47,0.145,0,0.000,0.154
2026-07-12T02:51:57Z,25.70,40.00,47,0.145,0,0.000,0.154
2026-07-12T02:51:58Z,25.70,40.00,47,0.145,0,0.000,0.154
2026-07-12T02:51:59Z,25.70,40.00,47,0.145,0,0.000,0.154
2026-07-12T02:52:00Z,25.70,40.00,47,0.145,0,0.000,0.154
2026-07-12T02:52:01Z,25.70,40.00,47,0.145,0,0.000,0.154
2026-07-12T02:52:02Z,25.70,40.00,47,0.145,0,0.000,0.154
2026-07-12T02:52:03Z,25.70,40.00,47,0.145,0,0.000,0.154
2026-07-12T02:52:04Z,25.70,40.00,47,0.145,0,0.000,0.154
2026-07-12T02:52:05Z,25.70,40.00,47,0.145,0,0.000,0.154
2026-07-12T02:52:06Z,25.70,40.00,47,0.145,0,0.000,0.154
2026-07-12T02:52:07Z,25.70,40.00,47,0.145,0,0.000,0.154
2026-07-12T02:52:08Z,25.70,40.00,47,0.145,0,0.000,0.154
2026-07-12T02:52:09Z,25.70,40.00,47,0.145,0,0.000,0.154
2026-07-12T02:52:10Z,25.70,40.00,47,0.145,0,0.000,0.154
2026-07-12T02:52:11Z,25.70,40.00,47,0.145,0,0.000,0.154
2026-07-12T02:52:12Z,26.70,40.00,47,0.145,0,0.000,0.154
2026-07-12T02:52:13Z,28.70,40.00,47,0.145,0,0.000,0.154
2026-07-12T02:52:14Z,28.70,40.00,47,0.145,0,0.000,0.154
2026-07-12T02:52:15Z,28.70,40.00,47,0.145,0,0.000,0.154
2026-07-12T02:52:16Z,29.70,40.00,47,0.145,0,0.000,0.154
2026-07-12T02:52:17Z,29.70,40.00,47,0.145,0,0.000,0.154
2026-07-12T02:52:18Z,29.70,40.00,47,0.145,0,0.000,0.154
2026-07-12T02:52:19Z,29.70,40.00,47,0.145,0,0.000,0.154
2026-07-12T02:52:20Z,29.70,40.00,47,0.145,0,0.000,0.154
2026-07-12T02:52:21Z,29.70,40.00,47,0.145,0,0.000,0.154
2026-07-12T02:52:22Z,29.70,40.00,47,0.145,0,0.000,0.154
2026-07-12T02:52:23Z,29.70,40.00,47,0.145,0,0.000,0.154
2026-07-12T02:52:24Z,29.70,40.00,47,0.145,0,0.000,0.154
2026-07-12T02:52:25Z,30.70,40.00,47,0.145,0,0.000,0.154
2026-07-12T02:52:26Z,30.70,40.00,47,0.145,0,0.000,0.154
2026-07-12T02:52:27Z,30.70,40.00,47,0.145,0,0.000,0.154
2026-07-12T02:52:28Z,30.70,40.00,47,0.145,0,0.000,0.154
2026-07-12T02:52:29Z,30.70,40.00,47,0.145,0,0.000,0.154
2026-07-12T02:52:30Z,30.70,40.00,47,0.145,0,0.000,0.154
2026-07-12T02:52:31Z,30.70,40.00,47,0.145,0,0.000,0.154
2026-07-12T02:52:32Z,30.70,40.00,47,0.145,0,0.000,0.154
2026-07-12T02:52:33Z,30.70,40.00,47,0.145,0,0.000,0.154
2026-07-12T02:52:34Z,30.70,40.00,47,0.145,0,0.000,0.154
2026-07-12T02:52:35Z,30.70,40.00,47,0.145,0,0.000,0.154
2026-07-12T02:52:36Z,30.70,40.00,47,0.145,0,0.000,0.154
2026-07-12T02:52:37Z,30.70,40.00,47,0.145,0,0.000,0.154
2026-07-12T02:52:38Z,30.70,40.00,47,0.145,0,0.000,0.154
2026-07-12T02:52:39Z,30.70,40.00,47,0.145,0,0.000,0.154
2026-07-12T02:52:40Z,30.70,40.00,47,0.145,0,0.000,0.154
2026-07-12T02:52:41Z,30.70,40.00,47,0.145,0,0.000,0.154
2026-07-12T02:52:42Z,31.70,40.00,47,0.145,0,0.000,0.154
2026-07-12T02:52:43Z,32.70,40.00,47,0.145,0,0.000,0.154
2026-07-12T02:52:44Z,32.70,40.00,47,0.145,0,0.000,0.154
2026-07-12T02:52:45Z,32.70,40.00,47,0.145,0,0.000,0.154
2026-07-12T02:52:46Z,33.70,40.00,47,0.145,0,0.000,0.154
2026-07-12T02:52:47Z,33.70,40.00,47,0.145,0,0.000,0.154
2026-07-12T02:52:48Z,33.70,40.00,47,0.145,0,0.000,0.154
2026-07-12T02:52:49Z,33.70,40.00,47,0.145,0,0.000,0.154
2026-07-12T02:52:50Z,34.70,40.00,47,0.145,0,0.000,0.154
2026-07-12T02:52:51Z,18.35,40.00,48,0.150,0,0.000,0.158
2026-07-12T02:52:52Z,18.35,40.00,48,0.150,0,0.000,0.158
2026-07-12T02:52:53Z,18.35,40.00,48,0.150,0,0.000,0.158
2026-07-12T02:52:54Z,18.35,40.00,48,0.150,0,0.000,0.158
2026-07-12T02:52:55Z,18.35,40.00,48,0.150,0,0.000,0.158
2026-07-12T02:52:56Z,18.35,40.00,48,0.150,0,0.000,0.158
2026-07-12T02:52:57Z,18.35,40.00,48,0.150,0,0.000,0.158
2026-07-12T02:52:58Z,18.35,40.00,48,0.150,0,0.000,0.158
2026-07-12T02:52:59Z,18.35,40.00,48,0.150,0,0.000,0.158
2026-07-12T02:53:00Z,18.35,40.00,48,0.150,0,0.000,0.158
2026-07-12T02:53:01Z,18.35,40.00,48,0.150,0,0.000,0.158
2026-07-12T02:53:02Z,18.35,40.00,48,0.150,0,0.000,0.158
2026-07-12T02:53:03Z,18.35,40.00,48,0.150,0,0.000,0.158
2026-07-12T02:53:04Z,18.35,40.00,48,0.150,0,0.000,0.158
2026-07-12T02:53:05Z,18.35,40.00,48,0.150,0,0.000,0.158
2026-07-12T02:53:06Z,18.35,40.00,48,0.150,0,0.000,0.158
2026-07-12T02:53:07Z,18.35,40.00,48,0.150,0,0.000,0.158
2026-07-12T02:53:08Z,18.35,40.00,48,0.150,0,0.000,0.158
2026-07-12T02:53:09Z,18.35,40.00,48,0.150,0,0.000,0.158
2026-07-12T02:53:10Z,18.35,40.00,48,0.150,0,0.000,0.158
2026-07-12T02:53:11Z,18.35,40.00,48,0.150,0,0.000,0.158
2026-07-12T02:53:12Z,19.35,40.00,48,0.150,0,0.000,0.158
2026-07-12T02:53:13Z,20.35,40.00,48,0.150,0,0.000,0.158
2026-07-12T02:53:14Z,20.35,40.00,48,0.150,0,0.000,0.158
2026-07-12T02:53:15Z,20.35,40.00,48,0.150,0,0.000,0.158
2026-07-12T02:53:16Z,20.35,40.00,48,0.150,0,0.000,0.158
2026-07-12T02:53:17Z,20.35,40.00,48,0.150,0,0.000,0.158
2026-07-12T02:53:18Z,20.35,40.00,48,0.150,0,0.000,0.158
2026-07-12T02:53:19Z,20.35,40.00,48,0.150,0,0.000,0.158
2026-07-12T02:53:20Z,20.35,40.00,48,0.150,0,0.000,0.158
2026-07-12T02:53:21Z,20.35,40.00,48,0.150,0,0.000,0.158
2026-07-12T02:53:22Z,20.35,40.00,48,0.150,0,0.000,0.158
2026-07-12T02:53:23Z,20.35,40.00,48,0.150,0,0.000,0.158
2026-07-12T02:53:24Z,20.35,40.00,48,0.150,0,0.000,0.158
2026-07-12T02:53:25Z,20.35,40.00,48,0.150,0,0.000,0.158
2026-07-12T02:53:26Z,20.35,40.00,48,0.150,0,0.000,0.158
2026-07-12T02:53:27Z,20.35,40.00,48,0.150,0,0.000,0.158
2026-07-12T02:53:28Z,20.35,40.00,48,0.150,0,0.000,0.158
2026-07-12T02:53:29Z,20.35,40.00,48,0.150,0,0.000,0.158
2026-07-12T02:53:30Z,20.35,40.00,48,0.150,0,0.000,0.158
2026-07-12T02:53:31Z,20.35,40.00,48,0.150,0,0.000,0.158
2026-07-12T02:53:32Z,20.35,40.00,48,0.150,0,0.000,0.158
2026-07-12T02:53:33Z,20.35,40.00,48,0.150,0,0.000,0.158
2026-07-12T02:53:34Z,20.35,40.00,48,0.150,0,0.000,0.158
2026-07-12T02:53:35Z,20.35,40.00,48,0.150,0,0.000,0.158
2026-07-12T02:53:36Z,20.35,40.00,48,0.150,0,0.000,0.158
2026-07-12T02:53:37Z,20.35,40.00,48,0.150,0,0.000,0.158
2026-07-12T02:53:38Z,20.35,40.00,48,0.150,0,0.000,0.158
2026-07-12T02:53:39Z,21.35,40.00,48,0.150,0,0.000,0.158
2026-07-12T02:53:40Z,21.35,40.00,48,0.150,0,0.000,0.158
2026-07-12T02:53:41Z,21.35,40.00,48,0.150,0,0.000,0.158
2026-07-12T02:53:42Z,21.35,40.00,48,0.150,0,0.000,0.158
2026-07-12T02:53:43Z,22.35,40.00,48,0.150,0,0.000,0.158
2026-07-12T02:53:44Z,22.35,40.00,48,0.150,0,0.000,0.158
2026-07-12T02:53:45Z,22.35,40.00,48,0.150,0,0.000,0.158
2026-07-12T02:53:46Z,22.35,40.00,48,0.150,0,0.000,0.158
2026-07-12T02:53:47Z,22.35,40.00,48,0.150,0,0.000,0.158
2026-07-12T02:53:48Z,22.35,40.00,48,0.150,0,0.000,0.158
2026-07-12T02:53:49Z,22.35,40.00,48,0.150,0,0.000,0.158
2026-07-12T02:53:50Z,22.35,40.00,48,0.150,0,0.000,0.158
2026-07-12T02:53:51Z,22.35,40.00,48,0.150,0,0.000,0.158
2026-07-12T02:53:52Z,22.35,40.00,48,0.150,0,0.000,0.158
2026-07-12T02:53:53Z,22.35,40.00,48,0.150,0,0.000,0.158
2026-07-12T02:53:54Z,25.35,40.00,48,0.150,0,0.000,0.158
2026-07-12T02:53:55Z,25.35,40.00,48,0.150,0,0.000,0.158
2026-07-12T02:53:56Z,25.35,40.00,48,0.150,0,0.000,0.158
2026-07-12T02:53:57Z,25.35,40.00,48,0.150,0,0.000,0.158
2026-07-12T02:53:58Z,25.35,40.00,48,0.150,0,0.000,0.158
2026-07-12T02:53:59Z,25.35,40.00,48,0.150,0,0.000,0.158
2026-07-12T02:54:00Z,25.35,40.00,48,0.150,0,0.000,0.158
2026-07-12T02:54:01Z,25.35,40.00,48,0.150,0,0.000,0.158
2026-07-12T02:54:02Z,25.35,40.00,48,0.150,0,0.000,0.158
2026-07-12T02:54:03Z,25.35,40.00,48,0.150,0,0.000,0.158
2026-07-12T02:54:04Z,25.35,40.00,48,0.150,0,0.000,0.158
2026-07-12T02:54:05Z,25.35,40.00,48,0.150,0,0.000,0.158
2026-07-12T02:54:06Z,25.35,40.00,48,0.150,0,0.000,0.158
2026-07-12T02:54:07Z,26.35,40.00,48,0.150,0,0.000,0.158
2026-07-12T02:54:08Z,26.35,40.00,48,0.150,0,0.000,0.158
2026-07-12T02:54:09Z,26.35,40.00,48,0.150,0,0.000,0.158
2026-07-12T02:54:10Z,26.35,40.00,48,0.150,0,0.000,0.158
2026-07-12T02:54:11Z,26.35,40.00,48,0.150,0,0.000,0.158
2026-07-12T02:54:12Z,26.35,40.00,48,0.150,0,0.000,0.158
2026-07-12T02:54:13Z,27.35,40.00,48,0.150,0,0.000,0.158
2026-07-12T02:54:14Z,27.35,40.00,48,0.150,0,0.000,0.158
2026-07-12T02:54:15Z,27.35,40.00,48,0.150,0,0.000,0.158
2026-07-12T02:54:16Z,27.35,40.00,48,0.150,0,0.000,0.158
2026-07-12T02:54:17Z,27.35,40.00,48,0.150,0,0.000,0.158
2026-07-12T02:54:18Z,27.35,40.00,48,0.150,0,0.000,0.158
2026-07-12T02:54:19Z,27.35,40.00,48,0.150,0,0.000,0.158
2026-07-12T02:54:20Z,27.35,40.00,48,0.150,0,0.000,0.158
2026-07-12T02:54:21Z,27.35,40.00,48,0.150,0,0.000,0.158
2026-07-12T02:54:22Z,27.35,40.00,48,0.150,0,0.000,0.158
2026-07-12T02:54:23Z,27.35,40.00,48,0.150,0,0.000,0.158
2026-07-12T02:54:24Z,27.35,40.00,48,0.150,0,0.000,0.158
2026-07-12T02:54:25Z,27.35,40.00,48,0.150,0,0.000,0.158
2026-07-12T02:54:26Z,27.35,40.00,48,0.150,0,0.000,0.158
2026-07-12T02:54:27Z,27.35,40.00,48,0.150,0,0.000,0.158
2026-07-12T02:54:28Z,27.35,40.00,48,0.150,0,0.000,0.158
2026-07-12T02:54:29Z,27.35,40.00,48,0.150,0,0.000,0.158
2026-07-12T02:54:30Z,28.35,40.00,48,0.150,0,0.000,0.158
2026-07-12T02:54:31Z,28.35,40.00,48,0.150,0,0.000,0.158
2026-07-12T02:54:32Z,28.35,40.00,48,0.150,0,0.000,0.158
2026-07-12T02:54:33Z,28.35,40.00,48,0.150,0,0.000,0.158
2026-07-12T02:54:34Z,28.35,40.00,48,0.150,0,0.000,0.158
2026-07-12T02:54:35Z,28.35,40.00,48,0.150,0,0.000,0.158
2026-07-12T02:54:36Z,29.35,40.00,48,0.150,0,0.000,0.158
2026-07-12T02:54:37Z,29.35,40.00,48,0.150,0,0.000,0.158
2026-07-12T02:54:38Z,29.35,40.00,48,0.150,0,0.000,0.158
2026-07-12T02:54:39Z,29.35,40.00,48,0.150,0,0.000,0.158
2026-07-12T02:54:40Z,29.35,40.00,48,0.150,0,0.000,0.158
2026-07-12T02:54:41Z,29.35,40.00,48,0.150,0,0.000,0.158
2026-07-12T02:54:42Z,29.35,40.00,48,0.150,0,0.000,0.158
2026-07-12T02:54:43Z,32.35,40.00,48,0.150,0,0.000,0.158
2026-07-12T02:54:44Z,32.35,40.00,48,0.150,0,0.000,0.158
2026-07-12T02:54:45Z,32.35,40.00,48,0.150,0,0.000,0.158
2026-07-12T02:54:46Z,32.35,40.00,48,0.150,0,0.000,0.158
2026-07-12T02:54:47Z,32.35,40.00,48,0.150,0,0.000,0.158
2026-07-12T02:54:48Z,32.35,40.00,48,0.150,0,0.000,0.158
2026-07-12T02:54:49Z,32.35,40.00,48,0.150,0,0.000,0.158
2026-07-12T02:54:50Z,32.35,40.00,48,0.150,0,0.000,0.158
2026-07-12T02:54:51Z,32.35,40.00,48,0.150,0,0.000,0.158
2026-07-12T02:54:52Z,33.35,40.00,48,0.150,0,0.000,0.158
2026-07-12T02:54:53Z,33.35,40.00,48,0.150,0,0.000,0.158
2026-07-12T02:54:54Z,33.35,40.00,48,0.150,0,0.000,0.158
2026-07-12T02:54:55Z,33.35,40.00,48,0.150,0,0.000,0.158
2026-07-12T02:54:56Z,33.35,40.00,48,0.150,0,0.000,0.158
2026-07-12T02:54:57Z,33.35,40.00,48,0.150,0,0.000,0.158
2026-07-12T02:54:58Z,33.35,40.00,48,0.150,0,0.000,0.158
2026-07-12T02:54:59Z,33.35,40.00,48,0.150,0,0.000,0.158
2026-07-12T02:55:00Z,33.35,40.00,48,0.150,0,0.000,0.158
2026-07-12T02:55:01Z,33.35,40.00,48,0.150,0,0.000,0.158
2026-07-12T02:55:02Z,33.35,40.00,48,0.150,0,0.000,0.158
2026-07-12T02:55:03Z,33.35,40.00,48,0.150,0,0.000,0.158
2026-07-12T02:55:04Z,33.35,40.00,48,0.150,0,0.000,0.158
2026-07-12T02:55:05Z,33.35,40.00,48,0.150,0,0.000,0.158
2026-07-12T02:55:06Z,33.35,40.00,48,0.150,0,0.000,0.158
2026-07-12T02:55:07Z,33.35,40.00,48,0.150,0,0.000,0.158
2026-07-12T02:55:08Z,33.35,40.00,48,0.150,0,0.000,0.158
2026-07-12T02:55:09Z,33.35,40.00,48,0.150,0,0.000,0.158
2026-07-12T02:55:10Z,33.35,40.00,48,0.150,0,0.000,0.158
2026-07-12T02:55:11Z,33.35,40.00,48,0.150,0,0.000,0.158
2026-07-12T02:55:12Z,33.35,40.00,48,0.150,0,0.000,0.158
2026-07-12T02:55:13Z,34.35,40.00,48,0.150,0,0.000,0.158
2026-07-12T02:55:14Z,34.35,40.00,48,0.150,0,0.000,0.158
2026-07-12T02:55:15Z,34.35,40.00,48,0.150,0,0.000,0.158
2026-07-12T02:55:16Z,34.35,40.00,48,0.150,0,0.000,0.158
2026-07-12T02:55:17Z,34.35,40.00,48,0.150,0,0.000,0.158
2026-07-12T02:55:18Z,34.35,40.00,48,0.150,0,0.000,0.158
2026-07-12T02:55:19Z,34.35,40.00,48,0.150,0,0.000,0.158
2026-07-12T02:55:20Z,34.35,40.00,48,0.150,0,0.000,0.158
2026-07-12T02:55:21Z,18.51,40.00,49,0.152,0,0.000,0.161
2026-07-12T02:55:22Z,18.51,40.00,49,0.152,0,0.000,0.161
2026-07-12T02:55:23Z,18.51,40.00,49,0.152,0,0.000,0.161
2026-07-12T02:55:24Z,19.51,40.00,49,0.152,0,0.000,0.161
2026-07-12T02:55:25Z,19.51,40.00,49,0.152,0,0.000,0.161
2026-07-12T02:55:26Z,19.51,40.00,49,0.152,0,0.000,0.161
2026-07-12T02:55:27Z,19.51,40.00,49,0.152,0,0.000,0.161
2026-07-12T02:55:28Z,19.51,40.00,49,0.152,0,0.000,0.161
2026-07-12T02:55:29Z,19.51,40.00,49,0.152,0,0.000,0.161
2026-07-12T02:55:30Z,19.51,40.00,49,0.152,0,0.000,0.161
2026-07-12T02:55:31Z,19.51,40.00,49,0.152,0,0.000,0.161
2026-07-12T02:55:32Z,19.51,40.00,49,0.152,0,0.000,0.161
2026-07-12T02:55:33Z,19.51,40.00,49,0.152,0,0.000,0.161
2026-07-12T02:55:34Z,19.51,40.00,49,0.152,0,0.000,0.161
2026-07-12T02:55:35Z,19.51,40.00,49,0.152,0,0.000,0.161
2026-07-12T02:55:36Z,19.51,40.00,49,0.152,0,0.000,0.161
2026-07-12T02:55:37Z,19.51,40.00,49,0.152,0,0.000,0.161
2026-07-12T02:55:38Z,19.51,40.00,49,0.152,0,0.000,0.161
2026-07-12T02:55:39Z,19.51,40.00,49,0.152,0,0.000,0.161
2026-07-12T02:55:40Z,19.51,40.00,49,0.152,0,0.000,0.161
2026-07-12T02:55:41Z,19.51,40.00,49,0.152,0,0.000,0.161
2026-07-12T02:55:42Z,19.51,40.00,49,0.152,0,0.000,0.161
2026-07-12T02:55:43Z,19.51,40.00,49,0.152,0,0.000,0.161
2026-07-12T02:55:44Z,20.51,40.00,49,0.152,0,0.000,0.161
2026-07-12T02:55:45Z,20.51,40.00,49,0.152,0,0.000,0.161
2026-07-12T02:55:46Z,20.51,40.00,49,0.152,0,0.000,0.161
2026-07-12T02:55:47Z,20.51,40.00,49,0.152,0,0.000,0.161
2026-07-12T02:55:48Z,20.51,40.00,49,0.152,0,0.000,0.161
2026-07-12T02:55:49Z,20.51,40.00,49,0.152,0,0.000,0.161
2026-07-12T02:55:50Z,20.51,40.00,49,0.152,0,0.000,0.161
2026-07-12T02:55:51Z,20.51,40.00,49,0.152,0,0.000,0.161
2026-07-12T02:55:52Z,20.51,40.00,49,0.152,0,0.000,0.161
2026-07-12T02:55:53Z,20.51,40.00,49,0.152,0,0.000,0.161
2026-07-12T02:55:54Z,20.51,40.00,49,0.152,0,0.000,0.161
2026-07-12T02:55:55Z,20.51,40.00,49,0.152,0,0.000,0.161
2026-07-12T02:55:56Z,20.51,40.00,49,0.152,0,0.000,0.161
2026-07-12T02:55:57Z,20.51,40.00,49,0.152,0,0.000,0.161
2026-07-12T02:55:58Z,20.51,40.00,49,0.152,0,0.000,0.161
2026-07-12T02:55:59Z,20.51,40.00,49,0.152,0,0.000,0.161
2026-07-12T02:56:00Z,20.51,40.00,49,0.152,0,0.000,0.161
2026-07-12T02:56:01Z,20.51,40.00,49,0.152,0,0.000,0.161
2026-07-12T02:56:02Z,20.51,40.00,49,0.152,0,0.000,0.161
2026-07-12T02:56:03Z,20.51,40.00,49,0.152,0,0.000,0.161
2026-07-12T02:56:04Z,20.51,40.00,49,0.152,0,0.000,0.161
2026-07-12T02:56:05Z,20.51,40.00,49,0.152,0,0.000,0.161
2026-07-12T02:56:06Z,20.51,40.00,49,0.152,0,0.000,0.161
2026-07-12T02:56:07Z,20.51,40.00,49,0.152,0,0.000,0.161
2026-07-12T02:56:08Z,20.51,40.00,49,0.152,0,0.000,0.161
2026-07-12T02:56:09Z,20.51,40.00,49,0.152,0,0.000,0.161
2026-07-12T02:56:10Z,20.51,40.00,49,0.152,0,0.000,0.161
2026-07-12T02:56:11Z,20.51,40.00,49,0.152,0,0.000,0.161
2026-07-12T02:56:12Z,20.51,40.00,49,0.152,0,0.000,0.161
2026-07-12T02:56:13Z,20.51,40.00,49,0.152,0,0.000,0.161
2026-07-12T02:56:14Z,20.51,40.00,49,0.152,0,0.000,0.161
2026-07-12T02:56:15Z,20.51,40.00,49,0.152,0,0.000,0.161
2026-07-12T02:56:16Z,20.51,40.00,49,0.152,0,0.000,0.161
2026-07-12T02:56:17Z,21.51,40.00,49,0.152,0,0.000,0.161
2026-07-12T02:56:18Z,21.51,40.00,49,0.152,0,0.000,0.161
2026-07-12T02:56:19Z,21.51,40.00,49,0.152,0,0.000,0.161
2026-07-12T02:56:20Z,21.51,40.00,49,0.152,0,0.000,0.161
2026-07-12T02:56:21Z,21.51,40.00,49,0.152,0,0.000,0.161
2026-07-12T02:56:22Z,21.51,40.00,49,0.152,0,0.000,0.161
2026-07-12T02:56:23Z,21.51,40.00,49,0.152,0,0.000,0.161
2026-07-12T02:56:24Z,21.51,40.00,49,0.152,0,0.000,0.161
2026-07-12T02:56:25Z,21.51,40.00,49,0.152,0,0.000,0.161
2026-07-12T02:56:26Z,21.51,40.00,49,0.152,0,0.000,0.161
2026-07-12T02:56:27Z,21.51,40.00,49,0.152,0,0.000,0.161
2026-07-12T02:56:28Z,21.51,40.00,49,0.152,0,0.000,0.161
2026-07-12T02:56:29Z,21.51,40.00,49,0.152,0,0.000,0.161
2026-07-12T02:56:30Z,21.51,40.00,49,0.152,0,0.000,0.161
2026-07-12T02:56:31Z,21.51,40.00,49,0.152,0,0.000,0.161
2026-07-12T02:56:32Z,21.51,40.00,49,0.152,0,0.000,0.161
2026-07-12T02:56:33Z,21.51,40.00,49,0.152,0,0.000,0.161
2026-07-12T02:56:34Z,21.51,40.00,49,0.152,0,0.000,0.161
2026-07-12T02:56:35Z,21.51,40.00,49,0.152,0,0.000,0.161
2026-07-12T02:56:36Z,21.51,40.00,49,0.152,0,0.000,0.161
2026-07-12T02:56:37Z,21.51,40.00,49,0.152,0,0.000,0.161
2026-07-12T02:56:38Z,21.51,40.00,49,0.152,0,0.000,0.161
2026-07-12T02:56:39Z,21.51,40.00,49,0.152,0,0.000,0.161
2026-07-12T02:56:40Z,21.51,40.00,49,0.152,0,0.000,0.161
2026-07-12T02:56:41Z,21.51,40.00,49,0.152,0,0.000,0.161
2026-07-12T02:56:42Z,21.51,40.00,49,0.152,0,0.000,0.161
2026-07-12T02:56:43Z,21.51,40.00,49,0.152,0,0.000,0.161
2026-07-12T02:56:44Z,24.51,40.00,49,0.152,0,0.000,0.161
2026-07-12T02:56:45Z,24.51,40.00,49,0.152,0,0.000,0.161
2026-07-12T02:56:46Z,24.51,40.00,49,0.152,0,0.000,0.161
2026-07-12T02:56:47Z,24.51,40.00,49,0.152,0,0.000,0.161
2026-07-12T02:56:48Z,24.51,40.00,49,0.152,0,0.000,0.161
2026-07-12T02:56:49Z,24.51,40.00,49,0.152,0,0.000,0.161
2026-07-12T02:56:50Z,24.51,40.00,49,0.152,0,0.000,0.161
2026-07-12T02:56:51Z,24.51,40.00,49,0.152,0,0.000,0.161
2026-07-12T02:56:52Z,24.51,40.00,49,0.152,0,0.000,0.161
2026-07-12T02:56:53Z,24.51,40.00,49,0.152,0,0.000,0.161
2026-07-12T02:56:54Z,24.51,40.00,49,0.152,0,0.000,0.161
2026-07-12T02:56:55Z,24.51,40.00,49,0.152,0,0.000,0.161
2026-07-12T02:56:56Z,24.51,40.00,49,0.152,0,0.000,0.161
2026-07-12T02:56:57Z,24.51,40.00,49,0.152,0,0.000,0.161
2026-07-12T02:56:58Z,24.51,40.00,49,0.152,0,0.000,0.161
2026-07-12T02:56:59Z,24.51,40.00,49,0.152,0,0.000,0.161
2026-07-12T02:57:00Z,24.51,40.00,49,0.152,0,0.000,0.161
2026-07-12T02:57:01Z,24.51,40.00,49,0.152,0,0.000,0.161
2026-07-12T02:57:02Z,24.51,40.00,49,0.152,0,0.000,0.161
2026-07-12T02:57:03Z,24.51,40.00,49,0.152,0,0.000,0.161
2026-07-12T02:57:04Z,24.51,40.00,49,0.152,0,0.000,0.161
2026-07-12T02:57:05Z,24.51,40.00,49,0.152,0,0.000,0.161
2026-07-12T02:57:06Z,24.51,40.00,49,0.152,0,0.000,0.161
2026-07-12T02:57:07Z,24.51,40.00,49,0.152,0,0.000,0.161
2026-07-12T02:57:08Z,24.51,40.00,49,0.152,0,0.000,0.161
2026-07-12T02:57:09Z,24.51,40.00,49,0.152,0,0.000,0.161
2026-07-12T02:57:10Z,24.51,40.00,49,0.152,0,0.000,0.161
2026-07-12T02:57:11Z,24.51,40.00,49,0.152,0,0.000,0.161
2026-07-12T02:57:12Z,24.51,40.00,49,0.152,0,0.000,0.161
2026-07-12T02:57:13Z,25.51,40.00,49,0.152,0,0.000,0.161
2026-07-12T02:57:14Z,25.51,40.00,49,0.152,0,0.000,0.161
2026-07-12T02:57:15Z,25.51,40.00,49,0.152,0,0.000,0.161
2026-07-12T02:57:16Z,25.51,40.00,49,0.152,0,0.000,0.161
2026-07-12T02:57:17Z,25.51,40.00,49,0.152,0,0.000,0.161
2026-07-12T02:57:18Z,25.51,40.00,49,0.152,0,0.000,0.161
2026-07-12T02:57:19Z,25.51,40.00,49,0.152,0,0.000,0.161
2026-07-12T02:57:20Z,25.51,40.00,49,0.152,0,0.000,0.161
2026-07-12T02:57:21Z,25.51,40.00,49,0.152,0,0.000,0.161
2026-07-12T02:57:22Z,25.51,40.00,49,0.152,0,0.000,0.161
2026-07-12T02:57:23Z,25.51,40.00,49,0.152,0,0.000,0.161
2026-07-12T02:57:24Z,27.51,40.00,49,0.152,0,0.000,0.161
2026-07-12T02:57:25Z,27.51,40.00,49,0.152,0,0.000,0.161
2026-07-12T02:57:26Z,27.51,40.00,49,0.152,0,0.000,0.161
2026-07-12T02:57:27Z,27.51,40.00,49,0.152,0,0.000,0.161
2026-07-12T02:57:28Z,27.51,40.00,49,0.152,0,0.000,0.161
2026-07-12T02:57:29Z,27.51,40.00,49,0.152,0,0.000,0.161
2026-07-12T02:57:30Z,27.51,40.00,49,0.152,0,0.000,0.161
2026-07-12T02:57:31Z,28.51,40.00,49,0.152,0,0.000,0.161
2026-07-12T02:57:32Z,28.51,40.00,49,0.152,0,0.000,0.161
2026-07-12T02:57:33Z,28.51,40.00,49,0.152,0,0.000,0.161
2026-07-12T02:57:34Z,28.51,40.00,49,0.152,0,0.000,0.161
2026-07-12T02:57:35Z,28.51,40.00,49,0.152,0,0.000,0.161
2026-07-12T02:57:36Z,28.51,40.00,49,0.152,0,0.000,0.161
2026-07-12T02:57:37Z,28.51,40.00,49,0.152,0,0.000,0.161
2026-07-12T02:57:38Z,28.51,40.00,49,0.152,0,0.000,0.161
2026-07-12T02:57:39Z,28.51,40.00,49,0.152,0,0.000,0.161
2026-07-12T02:57:40Z,28.51,40.00,49,0.152,0,0.000,0.161
2026-07-12T02:57:41Z,28.51,40.00,49,0.152,0,0.000,0.161
2026-07-12T02:57:42Z,28.51,40.00,49,0.152,0,0.000,0.161
2026-07-12T02:57:43Z,28.51,40.00,49,0.152,0,0.000,0.161
2026-07-12T02:57:44Z,28.51,40.00,49,0.152,0,0.000,0.161
2026-07-12T02:57:45Z,28.51,40.00,49,0.152,0,0.000,0.161
2026-07-12T02:57:46Z,28.51,40.00,49,0.152,0,0.000,0.161
2026-07-12T02:57:47Z,28.51,40.00,49,0.152,0,0.000,0.161
2026-07-12T02:57:48Z,28.51,40.00,49,0.152,0,0.000,0.161
2026-07-12T02:57:49Z,28.51,40.00,49,0.152,0,0.000,0.161
2026-07-12T02:57:50Z,29.51,40.00,49,0.152,0,0.000,0.161
2026-07-12T02:57:51Z,29.51,40.00,49,0.152,0,0.000,0.161
2026-07-12T02:57:52Z,29.51,40.00,49,0.152,0,0.000,0.161
2026-07-12T02:57:53Z,29.51,40.00,49,0.152,0,0.000,0.161
2026-07-12T02:57:54Z,29.51,40.00,49,0.152,0,0.000,0.161
2026-07-12T02:57:55Z,29.51,40.00,49,0.152,0,0.000,0.161
2026-07-12T02:57:56Z,29.51,40.00,49,0.152,0,0.000,0.161
2026-07-12T02:57:57Z,29.51,40.00,49,0.152,0,0.000,0.161
2026-07-12T02:57:58Z,29.51,40.00,49,0.152,0,0.000,0.161
2026-07-12T02:57:59Z,29.51,40.00,49,0.152,0,0.000,0.161
2026-07-12T02:58:00Z,29.51,40.00,49,0.152,0,0.000,0.161
2026-07-12T02:58:01Z,29.51,40.00,49,0.152,0,0.000,0.161
2026-07-12T02:58:02Z,29.51,40.00,49,0.152,0,0.000,0.161
2026-07-12T02:58:03Z,29.51,40.00,49,0.152,0,0.000,0.161
2026-07-12T02:58:04Z,29.51,40.00,49,0.152,0,0.000,0.161
2026-07-12T02:58:05Z,29.51,40.00,49,0.152,0,0.000,0.161
2026-07-12T02:58:06Z,29.51,40.00,49,0.152,0,0.000,0.161
2026-07-12T02:58:07Z,29.51,40.00,49,0.152,0,0.000,0.161
2026-07-12T02:58:08Z,29.51,40.00,49,0.152,0,0.000,0.161
2026-07-12T02:58:09Z,29.51,40.00,49,0.152,0,0.000,0.161
2026-07-12T02:58:10Z,29.51,40.00,49,0.152,0,0.000,0.161
2026-07-12T02:58:11Z,29.51,40.00,49,0.152,0,0.000,0.161
2026-07-12T02:58:12Z,29.51,40.00,49,0.152,0,0.000,0.161
2026-07-12T02:58:13Z,29.51,40.00,49,0.152,0,0.000,0.161
2026-07-12T02:58:14Z,29.51,40.00,49,0.152,0,0.000,0.161
2026-07-12T02:58:15Z,29.51,40.00,49,0.152,0,0.000,0.161
2026-07-12T02:58:16Z,29.51,40.00,49,0.152,0,0.000,0.161
2026-07-12T02:58:17Z,30.51,40.00,49,0.152,0,0.000,0.161
2026-07-12T02:58:18Z,30.51,40.00,49,0.152,0,0.000,0.161
2026-07-12T02:58:19Z,30.51,40.00,49,0.152,0,0.000,0.161
2026-07-12T02:58:20Z,30.51,40.00,49,0.152,0,0.000,0.161
2026-07-12T02:58:21Z,33.51,40.00,49,0.152,0,0.000,0.161
2026-07-12T02:58:22Z,33.51,40.00,49,0.152,0,0.000,0.161
2026-07-12T02:58:23Z,33.51,40.00,49,0.152,0,0.000,0.161
2026-07-12T02:58:24Z,33.51,40.00,49,0.152,0,0.000,0.161
2026-07-12T02:58:25Z,33.51,40.00,49,0.152,0,0.000,0.161
2026-07-12T02:58:26Z,33.51,40.00,49,0.152,0,0.000,0.161
2026-07-12T02:58:27Z,33.51,40.00,49,0.152,0,0.000,0.161
2026-07-12T02:58:28Z,33.51,40.00,49,0.152,0,0.000,0.161
2026-07-12T02:58:29Z,33.51,40.00,49,0.152,0,0.000,0.161
2026-07-12T02:58:30Z,33.51,40.00,49,0.152,0,0.000,0.161
2026-07-12T02:58:31Z,33.51,40.00,49,0.152,0,0.000,0.161
2026-07-12T02:58:32Z,33.51,40.00,49,0.152,0,0.000,0.161
2026-07-12T02:58:33Z,33.51,40.00,49,0.152,0,0.000,0.161
2026-07-12T02:58:34Z,33.51,40.00,49,0.152,0,0.000,0.161
2026-07-12T02:58:35Z,33.51,40.00,49,0.152,0,0.000,0.161
2026-07-12T02:58:36Z,33.51,40.00,49,0.152,0,0.000,0.161
2026-07-12T02:58:37Z,33.51,40.00,49,0.152,0,0.000,0.161
2026-07-12T02:58:38Z,33.51,40.00,49,0.152,0,0.000,0.161
2026-07-12T02:58:39Z,33.51,40.00,49,0.152,0,0.000,0.161
2026-07-12T02:58:40Z,33.51,40.00,49,0.152,0,0.000,0.161
2026-07-12T02:58:41Z,33.51,40.00,49,0.152,0,0.000,0.161
2026-07-12T02:58:42Z,33.51,40.00,49,0.152,0,0.000,0.161
2026-07-12T02:58:43Z,33.51,40.00,49,0.152,0,0.000,0.161
2026-07-12T02:58:44Z,21.21,40.00,50,0.156,0,0.000,0.165
2026-07-12T02:58:45Z,21.21,40.00,50,0.156,0,0.000,0.165
2026-07-12T02:58:46Z,21.21,40.00,50,0.156,0,0.000,0.165
2026-07-12T02:58:47Z,21.21,40.00,50,0.156,0,0.000,0.165
2026-07-12T02:58:48Z,21.21,40.00,50,0.156,0,0.000,0.165
2026-07-12T02:58:49Z,21.21,40.00,50,0.156,0,0.000,0.165
2026-07-12T02:58:50Z,21.21,40.00,50,0.156,0,0.000,0.165
2026-07-12T02:58:51Z,22.21,40.00,50,0.156,0,0.000,0.165
2026-07-12T02:58:52Z,22.21,40.00,50,0.156,0,0.000,0.165
2026-07-12T02:58:53Z,22.21,40.00,50,0.156,0,0.000,0.165
2026-07-12T02:58:54Z,22.21,40.00,50,0.156,0,0.000,0.165
2026-07-12T02:58:55Z,22.21,40.00,50,0.156,0,0.000,0.165
2026-07-12T02:58:56Z,22.21,40.00,50,0.156,0,0.000,0.165
2026-07-12T02:58:57Z,22.21,40.00,50,0.156,0,0.000,0.165
2026-07-12T02:58:58Z,22.21,40.00,50,0.156,0,0.000,0.165
2026-07-12T02:58:59Z,22.21,40.00,50,0.156,0,0.000,0.165
2026-07-12T02:59:00Z,22.21,40.00,50,0.156,0,0.000,0.165
2026-07-12T02:59:01Z,22.21,40.00,50,0.156,0,0.000,0.165
2026-07-12T02:59:02Z,22.21,40.00,50,0.156,0,0.000,0.165
2026-07-12T02:59:03Z,22.21,40.00,50,0.156,0,0.000,0.165
2026-07-12T02:59:04Z,22.21,40.00,50,0.156,0,0.000,0.165
2026-07-12T02:59:05Z,22.21,40.00,50,0.156,0,0.000,0.165
2026-07-12T02:59:06Z,22.21,40.00,50,0.156,0,0.000,0.165
2026-07-12T02:59:07Z,22.21,40.00,50,0.156,0,0.000,0.165
2026-07-12T02:59:08Z,23.21,40.00,50,0.156,0,0.000,0.165
2026-07-12T02:59:09Z,23.21,40.00,50,0.156,0,0.000,0.165
2026-07-12T02:59:10Z,23.21,40.00,50,0.156,0,0.000,0.165
2026-07-12T02:59:11Z,23.21,40.00,50,0.156,0,0.000,0.165
2026-07-12T02:59:12Z,23.21,40.00,50,0.156,0,0.000,0.165
2026-07-12T02:59:13Z,23.21,40.00,50,0.156,0,0.000,0.165
2026-07-12T02:59:14Z,23.21,40.00,50,0.156,0,0.000,0.165
2026-07-12T02:59:15Z,23.21,40.00,50,0.156,0,0.000,0.165
2026-07-12T02:59:16Z,23.21,40.00,50,0.156,0,0.000,0.165
2026-07-12T02:59:17Z,23.21,40.00,50,0.156,0,0.000,0.165
2026-07-12T02:59:18Z,23.21,40.00,50,0.156,0,0.000,0.165
2026-07-12T02:59:19Z,23.21,40.00,50,0.156,0,0.000,0.165
2026-07-12T02:59:20Z,23.21,40.00,50,0.156,0,0.000,0.165
2026-07-12T02:59:21Z,26.21,40.00,50,0.156,0,0.000,0.165
2026-07-12T02:59:22Z,26.21,40.00,50,0.156,0,0.000,0.165
2026-07-12T02:59:23Z,26.21,40.00,50,0.156,0,0.000,0.165
2026-07-12T02:59:24Z,26.21,40.00,50,0.156,0,0.000,0.165
2026-07-12T02:59:25Z,26.21,40.00,50,0.156,0,0.000,0.165
2026-07-12T02:59:26Z,26.21,40.00,50,0.156,0,0.000,0.165
2026-07-12T02:59:27Z,26.21,40.00,50,0.156,0,0.000,0.165
2026-07-12T02:59:28Z,26.21,40.00,50,0.156,0,0.000,0.165
2026-07-12T02:59:29Z,26.21,40.00,50,0.156,0,0.000,0.165
2026-07-12T02:59:30Z,26.21,40.00,50,0.156,0,0.000,0.165
2026-07-12T02:59:31Z,26.21,40.00,50,0.156,0,0.000,0.165
2026-07-12T02:59:32Z,26.21,40.00,50,0.156,0,0.000,0.165
2026-07-12T02:59:33Z,26.21,40.00,50,0.156,0,0.000,0.165
2026-07-12T02:59:34Z,26.21,40.00,50,0.156,0,0.000,0.165
2026-07-12T02:59:35Z,26.21,40.00,50,0.156,0,0.000,0.165
2026-07-12T02:59:36Z,26.21,40.00,50,0.156,0,0.000,0.165
2026-07-12T02:59:37Z,26.21,40.00,50,0.156,0,0.000,0.165
2026-07-12T02:59:38Z,26.21,40.00,50,0.156,0,0.000,0.165
2026-07-12T02:59:39Z,26.21,40.00,50,0.156,0,0.000,0.165
2026-07-12T02:59:40Z,26.21,40.00,50,0.156,0,0.000,0.165
2026-07-12T02:59:41Z,26.21,40.00,50,0.156,0,0.000,0.165
2026-07-12T02:59:42Z,26.21,40.00,50,0.156,0,0.000,0.165
2026-07-12T02:59:43Z,26.21,40.00,50,0.156,0,0.000,0.165
2026-07-12T02:59:44Z,26.21,40.00,50,0.156,0,0.000,0.165
2026-07-12T02:59:45Z,26.21,40.00,50,0.156,0,0.000,0.165
2026-07-12T02:59:46Z,26.21,40.00,50,0.156,0,0.000,0.165
2026-07-12T02:59:47Z,27.21,40.00,50,0.156,0,0.000,0.165
2026-07-12T02:59:48Z,27.21,40.00,50,0.156,0,0.000,0.165
2026-07-12T02:59:49Z,27.21,40.00,50,0.156,0,0.000,0.165
2026-07-12T02:59:50Z,27.21,40.00,50,0.156,0,0.000,0.165
2026-07-12T02:59:51Z,27.21,40.00,50,0.156,0,0.000,0.165
2026-07-12T02:59:52Z,27.21,40.00,50,0.156,0,0.000,0.165
2026-07-12T02:59:53Z,27.21,40.00,50,0.156,0,0.000,0.165
2026-07-12T02:59:54Z,27.21,40.00,50,0.156,0,0.000,0.165
2026-07-12T02:59:55Z,27.21,40.00,50,0.156,0,0.000,0.165
2026-07-12T02:59:56Z,27.21,40.00,50,0.156,0,0.000,0.165
2026-07-12T02:59:57Z,27.21,40.00,50,0.156,0,0.000,0.165
2026-07-12T02:59:58Z,27.21,40.00,50,0.156,0,0.000,0.165
2026-07-12T02:59:59Z,27.21,40.00,50,0.156,0,0.000,0.165
2026-07-12T03:00:00Z,27.21,40.00,50,0.156,0,0.000,0.165
2026-07-12T03:00:01Z,27.21,40.00,50,0.156,0,0.000,0.165
2026-07-12T03:00:02Z,27.21,40.00,50,0.156,0,0.000,0.165
2026-07-12T03:00:03Z,27.21,40.00,50,0.156,0,0.000,0.165
2026-07-12T03:00:04Z,27.21,40.00,50,0.156,0,0.000,0.165
2026-07-12T03:00:05Z,27.21,40.00,50,0.156,0,0.000,0.165
2026-07-12T03:00:06Z,27.21,40.00,50,0.156,0,0.000,0.165
2026-07-12T03:00:07Z,27.21,40.00,50,0.156,0,0.000,0.165
2026-07-12T03:00:08Z,27.21,40.00,50,0.156,0,0.000,0.165
2026-07-12T03:00:09Z,27.21,40.00,50,0.156,0,0.000,0.165
2026-07-12T03:00:10Z,27.21,40.00,50,0.156,0,0.000,0.165
2026-07-12T03:00:11Z,27.21,40.00,50,0.156,0,0.000,0.165
2026-07-12T03:00:12Z,27.21,40.00,50,0.156,0,0.000,0.165
2026-07-12T03:00:13Z,27.21,40.00,50,0.156,0,0.000,0.165
2026-07-12T03:00:14Z,28.21,40.00,50,0.156,0,0.000,0.165
2026-07-12T03:00:15Z,28.21,40.00,50,0.156,0,0.000,0.165
2026-07-12T03:00:16Z,28.21,40.00,50,0.156,0,0.000,0.165
2026-07-12T03:00:17Z,30.21,40.00,50,0.156,0,0.000,0.165
2026-07-12T03:00:18Z,30.21,40.00,50,0.156,0,0.000,0.165
2026-07-12T03:00:19Z,30.21,40.00,50,0.156,0,0.000,0.165
2026-07-12T03:00:20Z,30.21,40.00,50,0.156,0,0.000,0.165
2026-07-12T03:00:21Z,31.21,40.00,50,0.156,0,0.000,0.165
2026-07-12T03:00:22Z,31.21,40.00,50,0.156,0,0.000,0.165
2026-07-12T03:00:23Z,31.21,40.00,50,0.156,0,0.000,0.165
2026-07-12T03:00:24Z,31.21,40.00,50,0.156,0,0.000,0.165
2026-07-12T03:00:25Z,31.21,40.00,50,0.156,0,0.000,0.165
2026-07-12T03:00:26Z,31.21,40.00,50,0.156,0,0.000,0.165
2026-07-12T03:00:27Z,31.21,40.00,50,0.156,0,0.000,0.165
2026-07-12T03:00:28Z,31.21,40.00,50,0.156,0,0.000,0.165
2026-07-12T03:00:29Z,31.21,40.00,50,0.156,0,0.000,0.165
2026-07-12T03:00:30Z,31.21,40.00,50,0.156,0,0.000,0.165
2026-07-12T03:00:31Z,31.21,40.00,50,0.156,0,0.000,0.165
2026-07-12T03:00:32Z,31.21,40.00,50,0.156,0,0.000,0.165
2026-07-12T03:00:33Z,31.21,40.00,50,0.156,0,0.000,0.165
2026-07-12T03:00:34Z,31.21,40.00,50,0.156,0,0.000,0.165
2026-07-12T03:00:35Z,31.21,40.00,50,0.156,0,0.000,0.165
2026-07-12T03:00:36Z,31.21,40.00,50,0.156,0,0.000,0.165
2026-07-12T03:00:37Z,31.21,40.00,50,0.156,0,0.000,0.165
2026-07-12T03:00:38Z,31.21,40.00,50,0.156,0,0.000,0.165
2026-07-12T03:00:39Z,31.21,40.00,50,0.156,0,0.000,0.165
2026-07-12T03:00:40Z,31.21,40.00,50,0.156,0,0.000,0.165
2026-07-12T03:00:41Z,31.21,40.00,50,0.156,0,0.000,0.165
2026-07-12T03:00:42Z,31.21,40.00,50,0.156,0,0.000,0.165
2026-07-12T03:00:43Z,31.21,40.00,50,0.156,0,0.000,0.165
2026-07-12T03:00:44Z,31.21,40.00,50,0.156,0,0.000,0.165
2026-07-12T03:00:45Z,31.21,40.00,50,0.156,0,0.000,0.165
2026-07-12T03:00:46Z,31.21,40.00,50,0.156,0,0.000,0.165
2026-07-12T03:00:47Z,32.21,40.00,50,0.156,0,0.000,0.165
2026-07-12T03:00:48Z,32.21,40.00,50,0.156,0,0.000,0.165
2026-07-12T03:00:49Z,32.21,40.00,50,0.156,0,0.000,0.165
2026-07-12T03:00:50Z,32.21,40.00,50,0.156,0,0.000,0.165
2026-07-12T03:00:51Z,34.21,40.00,50,0.156,0,0.000,0.165
2026-07-12T03:00:52Z,34.21,40.00,50,0.156,0,0.000,0.165
2026-07-12T03:00:53Z,34.21,40.00,50,0.156,0,0.000,0.165
2026-07-12T03:00:54Z,34.21,40.00,50,0.156,0,0.000,0.165
2026-07-12T03:00:55Z,34.21,40.00,50,0.156,0,0.000,0.165
2026-07-12T03:00:56Z,34.21,40.00,50,0.156,0,0.000,0.165
2026-07-12T03:00:57Z,34.21,40.00,50,0.156,0,0.000,0.165
2026-07-12T03:00:58Z,34.21,40.00,50,0.156,0,0.000,0.165
2026-07-12T03:00:59Z,34.21,40.00,50,0.156,0,0.000,0.165
2026-07-12T03:01:00Z,34.21,40.00,50,0.156,0,0.000,0.165
2026-07-12T03:01:01Z,34.21,40.00,50,0.156,0,0.000,0.165
2026-07-12T03:01:02Z,34.21,40.00,50,0.156,0,0.000,0.165
2026-07-12T03:01:03Z,34.21,40.00,50,0.156,0,0.000,0.165
2026-07-12T03:01:04Z,34.21,40.00,50,0.156,0,0.000,0.165
2026-07-12T03:01:05Z,18.23,40.00,51,0.158,0,0.000,0.167
2026-07-12T03:01:06Z,18.23,40.00,51,0.158,0,0.000,0.167
2026-07-12T03:01:07Z,18.23,40.00,51,0.158,0,0.000,0.167
2026-07-12T03:01:08Z,18.23,40.00,51,0.158,0,0.000,0.167
2026-07-12T03:01:09Z,18.23,40.00,51,0.158,0,0.000,0.167
2026-07-12T03:01:10Z,18.23,40.00,51,0.158,0,0.000,0.167
2026-07-12T03:01:11Z,18.23,40.00,51,0.158,0,0.000,0.167
2026-07-12T03:01:12Z,18.23,40.00,51,0.158,0,0.000,0.167
2026-07-12T03:01:13Z,18.23,40.00,51,0.158,0,0.000,0.167
2026-07-12T03:01:14Z,18.23,40.00,51,0.158,0,0.000,0.167
2026-07-12T03:01:15Z,18.23,40.00,51,0.158,0,0.000,0.167
2026-07-12T03:01:16Z,18.23,40.00,51,0.158,0,0.000,0.167
2026-07-12T03:01:17Z,19.23,40.00,51,0.158,0,0.000,0.167
2026-07-12T03:01:18Z,19.23,40.00,51,0.158,0,0.000,0.167
2026-07-12T03:01:19Z,19.23,40.00,51,0.158,0,0.000,0.167
2026-07-12T03:01:20Z,19.23,40.00,51,0.158,0,0.000,0.167
2026-07-12T03:01:21Z,20.23,40.00,51,0.158,0,0.000,0.167
2026-07-12T03:01:22Z,20.23,40.00,51,0.158,0,0.000,0.167
2026-07-12T03:01:23Z,20.23,40.00,51,0.158,0,0.000,0.167
2026-07-12T03:01:24Z,20.23,40.00,51,0.158,0,0.000,0.167
2026-07-12T03:01:25Z,20.23,40.00,51,0.158,0,0.000,0.167
2026-07-12T03:01:26Z,20.23,40.00,51,0.158,0,0.000,0.167
2026-07-12T03:01:27Z,20.23,40.00,51,0.158,0,0.000,0.167
2026-07-12T03:01:28Z,20.23,40.00,51,0.158,0,0.000,0.167
2026-07-12T03:01:29Z,20.23,40.00,51,0.158,0,0.000,0.167
2026-07-12T03:01:30Z,20.23,40.00,51,0.158,0,0.000,0.167
2026-07-12T03:01:31Z,20.23,40.00,51,0.158,0,0.000,0.167
2026-07-12T03:01:32Z,20.23,40.00,51,0.158,0,0.000,0.167
2026-07-12T03:01:33Z,20.23,40.00,51,0.158,0,0.000,0.167
2026-07-12T03:01:34Z,20.23,40.00,51,0.158,0,0.000,0.167
2026-07-12T03:01:35Z,20.23,40.00,51,0.158,0,0.000,0.167
2026-07-12T03:01:36Z,20.23,40.00,51,0.158,0,0.000,0.167
2026-07-12T03:01:37Z,20.23,40.00,51,0.158,0,0.000,0.167
2026-07-12T03:01:38Z,20.23,40.00,51,0.158,0,0.000,0.167
2026-07-12T03:01:39Z,20.23,40.00,51,0.158,0,0.000,0.167
2026-07-12T03:01:40Z,20.23,40.00,51,0.158,0,0.000,0.167
2026-07-12T03:01:41Z,20.23,40.00,51,0.158,0,0.000,0.167
2026-07-12T03:01:42Z,20.23,40.00,51,0.158,0,0.000,0.167
2026-07-12T03:01:43Z,24.23,40.00,51,0.158,0,0.000,0.167
2026-07-12T03:01:44Z,24.23,40.00,51,0.158,0,0.000,0.167
2026-07-12T03:01:45Z,24.23,40.00,51,0.158,0,0.000,0.167
2026-07-12T03:01:46Z,24.23,40.00,51,0.158,0,0.000,0.167
2026-07-12T03:01:47Z,24.23,40.00,51,0.158,0,0.000,0.167
2026-07-12T03:01:48Z,24.23,40.00,51,0.158,0,0.000,0.167
2026-07-12T03:01:49Z,24.23,40.00,51,0.158,0,0.000,0.167
2026-07-12T03:01:50Z,24.23,40.00,51,0.158,0,0.000,0.167
2026-07-12T03:01:51Z,24.23,40.00,51,0.158,0,0.000,0.167
2026-07-12T03:01:52Z,24.23,40.00,51,0.158,0,0.000,0.167
2026-07-12T03:01:53Z,24.23,40.00,51,0.158,0,0.000,0.167
2026-07-12T03:01:54Z,24.23,40.00,51,0.158,0,0.000,0.167
2026-07-12T03:01:55Z,24.23,40.00,51,0.158,0,0.000,0.167
2026-07-12T03:01:56Z,24.23,40.00,51,0.158,0,0.000,0.167
2026-07-12T03:01:57Z,24.23,40.00,51,0.158,0,0.000,0.167
2026-07-12T03:01:58Z,24.23,40.00,51,0.158,0,0.000,0.167
2026-07-12T03:01:59Z,24.23,40.00,51,0.158,0,0.000,0.167
2026-07-12T03:02:00Z,24.23,40.00,51,0.158,0,0.000,0.167
2026-07-12T03:02:01Z,24.23,40.00,51,0.158,0,0.000,0.167
2026-07-12T03:02:02Z,24.23,40.00,51,0.158,0,0.000,0.167
2026-07-12T03:02:03Z,24.23,40.00,51,0.158,0,0.000,0.167
2026-07-12T03:02:04Z,24.23,40.00,51,0.158,0,0.000,0.167
2026-07-12T03:02:05Z,24.23,40.00,51,0.158,0,0.000,0.167
2026-07-12T03:02:06Z,24.23,40.00,51,0.158,0,0.000,0.167
2026-07-12T03:02:07Z,24.23,40.00,51,0.158,0,0.000,0.167
2026-07-12T03:02:08Z,24.23,40.00,51,0.158,0,0.000,0.167
2026-07-12T03:02:09Z,24.23,40.00,51,0.158,0,0.000,0.167
2026-07-12T03:02:10Z,24.23,40.00,51,0.158,0,0.000,0.167
2026-07-12T03:02:11Z,24.23,40.00,51,0.158,0,0.000,0.167
2026-07-12T03:02:12Z,24.23,40.00,51,0.158,0,0.000,0.167
2026-07-12T03:02:13Z,24.23,40.00,51,0.158,0,0.000,0.167
2026-07-12T03:02:14Z,24.23,40.00,51,0.158,0,0.000,0.167
2026-07-12T03:02:15Z,24.23,40.00,51,0.158,0,0.000,0.167
2026-07-12T03:02:16Z,25.23,40.00,51,0.158,0,0.000,0.167
2026-07-12T03:02:17Z,25.23,40.00,51,0.158,0,0.000,0.167
2026-07-12T03:02:18Z,25.23,40.00,51,0.158,0,0.000,0.167
2026-07-12T03:02:19Z,25.23,40.00,51,0.158,0,0.000,0.167
2026-07-12T03:02:20Z,25.23,40.00,51,0.158,0,0.000,0.167
2026-07-12T03:02:21Z,25.23,40.00,51,0.158,0,0.000,0.167
2026-07-12T03:02:22Z,25.23,40.00,51,0.158,0,0.000,0.167
2026-07-12T03:02:23Z,25.23,40.00,51,0.158,0,0.000,0.167
2026-07-12T03:02:24Z,25.23,40.00,51,0.158,0,0.000,0.167
2026-07-12T03:02:25Z,25.23,40.00,51,0.158,0,0.000,0.167
2026-07-12T03:02:26Z,25.23,40.00,51,0.158,0,0.000,0.167
2026-07-12T03:02:27Z,25.23,40.00,51,0.158,0,0.000,0.167
2026-07-12T03:02:28Z,25.23,40.00,51,0.158,0,0.000,0.167
2026-07-12T03:02:29Z,25.23,40.00,51,0.158,0,0.000,0.167
2026-07-12T03:02:30Z,25.23,40.00,51,0.158,0,0.000,0.167
2026-07-12T03:02:31Z,25.23,40.00,51,0.158,0,0.000,0.167
2026-07-12T03:02:32Z,25.23,40.00,51,0.158,0,0.000,0.167
2026-07-12T03:02:33Z,25.23,40.00,51,0.158,0,0.000,0.167
2026-07-12T03:02:34Z,25.23,40.00,51,0.158,0,0.000,0.167
2026-07-12T03:02:35Z,25.23,40.00,51,0.158,0,0.000,0.167
2026-07-12T03:02:36Z,25.23,40.00,51,0.158,0,0.000,0.167
2026-07-12T03:02:37Z,25.23,40.00,51,0.158,0,0.000,0.167
2026-07-12T03:02:38Z,25.23,40.00,51,0.158,0,0.000,0.167
2026-07-12T03:02:39Z,25.23,40.00,51,0.158,0,0.000,0.167
2026-07-12T03:02:40Z,25.23,40.00,51,0.158,0,0.000,0.167
2026-07-12T03:02:41Z,25.23,40.00,51,0.158,0,0.000,0.167
2026-07-12T03:02:42Z,25.23,40.00,51,0.158,0,0.000,0.167
2026-07-12T03:02:43Z,25.23,40.00,51,0.158,0,0.000,0.167
2026-07-12T03:02:44Z,25.23,40.00,51,0.158,0,0.000,0.167
2026-07-12T03:02:45Z,25.23,40.00,51,0.158,0,0.000,0.167
2026-07-12T03:02:46Z,25.23,40.00,51,0.158,0,0.000,0.167
2026-07-12T03:02:47Z,25.23,40.00,51,0.158,0,0.000,0.167
2026-07-12T03:02:48Z,25.23,40.00,51,0.158,0,0.000,0.167
2026-07-12T03:02:49Z,25.23,40.00,51,0.158,0,0.000,0.167
2026-07-12T03:02:50Z,25.23,40.00,51,0.158,0,0.000,0.167
2026-07-12T03:02:51Z,25.23,40.00,51,0.158,0,0.000,0.167
2026-07-12T03:02:52Z,25.23,40.00,51,0.158,0,0.000,0.167
2026-07-12T03:02:53Z,25.23,40.00,51,0.158,0,0.000,0.167
2026-07-12T03:02:54Z,25.23,40.00,51,0.158,0,0.000,0.167
2026-07-12T03:02:55Z,25.23,40.00,51,0.158,0,0.000,0.167
2026-07-12T03:02:56Z,25.23,40.00,51,0.158,0,0.000,0.167
2026-07-12T03:02:57Z,25.23,40.00,51,0.158,0,0.000,0.167
2026-07-12T03:02:58Z,25.23,40.00,51,0.158,0,0.000,0.167
2026-07-12T03:02:59Z,25.23,40.00,51,0.158,0,0.000,0.167
2026-07-12T03:03:00Z,25.23,40.00,51,0.158,0,0.000,0.167
2026-07-12T03:03:01Z,25.23,40.00,51,0.158,0,0.000,0.167
2026-07-12T03:03:02Z,25.23,40.00,51,0.158,0,0.000,0.167
2026-07-12T03:03:03Z,25.23,40.00,51,0.158,0,0.000,0.167
2026-07-12T03:03:04Z,25.23,40.00,51,0.158,0,0.000,0.167
2026-07-12T03:03:05Z,25.23,40.00,51,0.158,0,0.000,0.167
2026-07-12T03:03:06Z,25.23,40.00,51,0.158,0,0.000,0.167
2026-07-12T03:03:07Z,25.23,40.00,51,0.158,0,0.000,0.167
2026-07-12T03:03:08Z,25.23,40.00,51,0.158,0,0.000,0.167
2026-07-12T03:03:09Z,25.23,40.00,51,0.158,0,0.000,0.167
2026-07-12T03:03:10Z,25.23,40.00,51,0.158,0,0.000,0.167
2026-07-12T03:03:11Z,25.23,40.00,51,0.158,0,0.000,0.167
2026-07-12T03:03:12Z,25.23,40.00,51,0.158,0,0.000,0.167
2026-07-12T03:03:13Z,25.23,40.00,51,0.158,0,0.000,0.167
2026-07-12T03:03:14Z,25.23,40.00,51,0.158,0,0.000,0.167
2026-07-12T03:03:15Z,25.23,40.00,51,0.158,0,0.000,0.167
2026-07-12T03:03:16Z,25.23,40.00,51,0.158,0,0.000,0.167
2026-07-12T03:03:17Z,25.23,40.00,51,0.158,0,0.000,0.167
2026-07-12T03:03:18Z,25.23,40.00,51,0.158,0,0.000,0.167
2026-07-12T03:03:19Z,25.23,40.00,51,0.158,0,0.000,0.167
2026-07-12T03:03:20Z,25.23,40.00,51,0.158,0,0.000,0.167
2026-07-12T03:03:21Z,25.23,40.00,51,0.158,0,0.000,0.167
2026-07-12T03:03:22Z,25.23,40.00,51,0.158,0,0.000,0.167
2026-07-12T03:03:23Z,25.23,40.00,51,0.158,0,0.000,0.167
2026-07-12T03:03:24Z,25.23,40.00,51,0.158,0,0.000,0.167
2026-07-12T03:03:25Z,25.23,40.00,51,0.158,0,0.000,0.167
2026-07-12T03:03:26Z,25.23,40.00,51,0.158,0,0.000,0.167
2026-07-12T03:03:27Z,25.23,40.00,51,0.158,0,0.000,0.167
2026-07-12T03:03:28Z,25.23,40.00,51,0.158,0,0.000,0.167
2026-07-12T03:03:29Z,25.23,40.00,51,0.158,0,0.000,0.167
2026-07-12T03:03:30Z,25.23,40.00,51,0.158,0,0.000,0.167
2026-07-12T03:03:31Z,25.23,40.00,51,0.158,0,0.000,0.167
2026-07-12T03:03:32Z,25.23,40.00,51,0.158,0,0.000,0.167
2026-07-12T03:03:33Z,25.23,40.00,51,0.158,0,0.000,0.167
2026-07-12T03:03:34Z,25.23,40.00,51,0.158,0,0.000,0.167
2026-07-12T03:03:35Z,25.23,40.00,51,0.158,0,0.000,0.167
2026-07-12T03:03:36Z,25.23,40.00,51,0.158,0,0.000,0.167
2026-07-12T03:03:37Z,25.23,40.00,51,0.158,0,0.000,0.167
2026-07-12T03:03:38Z,25.23,40.00,51,0.158,0,0.000,0.167
2026-07-12T03:03:39Z,25.23,40.00,51,0.158,0,0.000,0.167
2026-07-12T03:03:40Z,25.23,40.00,51,0.158,0,0.000,0.167
2026-07-12T03:03:41Z,25.23,40.00,51,0.158,0,0.000,0.167
2026-07-12T03:03:42Z,25.23,40.00,51,0.158,0,0.000,0.167
2026-07-12T03:03:43Z,25.23,40.00,51,0.158,0,0.000,0.167
2026-07-12T03:03:44Z,25.23,40.00,51,0.158,0,0.000,0.167
2026-07-12T03:03:45Z,25.23,40.00,51,0.158,0,0.000,0.167
2026-07-12T03:03:46Z,25.23,40.00,51,0.158,0,0.000,0.167
2026-07-12T03:03:47Z,25.23,40.00,51,0.158,0,0.000,0.167
2026-07-12T03:03:48Z,25.23,40.00,51,0.158,0,0.000,0.167
2026-07-12T03:03:49Z,25.23,40.00,51,0.158,0,0.000,0.167
2026-07-12T03:03:50Z,25.23,40.00,51,0.158,0,0.000,0.167
2026-07-12T03:03:51Z,25.23,40.00,51,0.158,0,0.000,0.167
2026-07-12T03:03:52Z,25.23,40.00,51,0.158,0,0.000,0.167
2026-07-12T03:03:53Z,25.23,40.00,51,0.158,0,0.000,0.167
2026-07-12T03:03:54Z,25.23,40.00,51,0.158,0,0.000,0.167
2026-07-12T03:03:55Z,25.23,40.00,51,0.158,0,0.000,0.167
2026-07-12T03:03:56Z,25.23,40.00,51,0.158,0,0.000,0.167
2026-07-12T03:03:57Z,25.23,40.00,51,0.158,0,0.000,0.167
2026-07-12T03:03:58Z,25.23,40.00,51,0.158,0,0.000,0.167
2026-07-12T03:03:59Z,25.23,40.00,51,0.158,0,0.000,0.167
2026-07-12T03:04:00Z,25.23,40.00,51,0.158,0,0.000,0.167
2026-07-12T03:04:01Z,25.23,40.00,51,0.158,0,0.000,0.167
2026-07-12T03:04:02Z,25.23,40.00,51,0.158,0,0.000,0.167
2026-07-12T03:04:03Z,25.23,40.00,51,0.158,0,0.000,0.167
2026-07-12T03:04:04Z,25.23,40.00,51,0.158,0,0.000,0.167
2026-07-12T03:04:05Z,25.23,40.00,51,0.158,0,0.000,0.167
2026-07-12T03:04:06Z,25.23,40.00,51,0.158,0,0.000,0.167
2026-07-12T03:04:07Z,25.23,40.00,51,0.158,0,0.000,0.167
2026-07-12T03:04:08Z,25.23,40.00,51,0.158,0,0.000,0.167
2026-07-12T03:04:09Z,25.23,40.00,51,0.158,0,0.000,0.167
2026-07-12T03:04:10Z,25.23,40.00,51,0.158,0,0.000,0.167
2026-07-12T03:04:11Z,25.23,40.00,51,0.158,0,0.000,0.167
2026-07-12T03:04:12Z,25.23,40.00,51,0.158,0,0.000,0.167
2026-07-12T03:04:13Z,25.23,40.00,51,0.158,0,0.000,0.167
2026-07-12T03:04:14Z,25.23,40.00,51,0.158,0,0.000,0.167
2026-07-12T03:04:15Z,25.23,40.00,51,0.158,0,0.000,0.167
2026-07-12T03:04:16Z,25.23,40.00,51,0.158,0,0.000,0.167
2026-07-12T03:04:17Z,25.23,40.00,51,0.158,0,0.000,0.167
2026-07-12T03:04:18Z,25.23,40.00,51,0.158,0,0.000,0.167
2026-07-12T03:04:19Z,25.23,40.00,51,0.158,0,0.000,0.167
2026-07-12T03:04:20Z,25.23,40.00,51,0.158,0,0.000,0.167
2026-07-12T03:04:21Z,25.23,40.00,51,0.158,0,0.000,0.167
2026-07-12T03:04:22Z,25.23,40.00,51,0.158,0,0.000,0.167
2026-07-12T03:04:23Z,25.23,40.00,51,0.158,0,0.000,0.167
2026-07-12T03:04:24Z,25.23,40.00,51,0.158,0,0.000,0.167
2026-07-12T03:04:25Z,25.23,40.00,51,0.158,0,0.000,0.167
2026-07-12T03:04:26Z,25.23,40.00,51,0.158,0,0.000,0.167
2026-07-12T03:04:27Z,25.23,40.00,51,0.158,0,0.000,0.167
2026-07-12T03:04:28Z,25.23,40.00,51,0.158,0,0.000,0.167
2026-07-12T03:04:29Z,25.23,40.00,51,0.158,0,0.000,0.167
2026-07-12T03:04:30Z,25.23,40.00,51,0.158,0,0.000,0.167
2026-07-12T03:04:31Z,25.23,40.00,51,0.158,0,0.000,0.167
2026-07-12T03:04:32Z,25.23,40.00,51,0.158,0,0.000,0.167
2026-07-12T03:04:33Z,25.23,40.00,51,0.158,0,0.000,0.167
2026-07-12T03:04:34Z,25.23,40.00,51,0.158,0,0.000,0.167
2026-07-12T03:04:35Z,25.23,40.00,51,0.158,0,0.000,0.167
2026-07-12T03:04:36Z,25.23,40.00,51,0.158,0,0.000,0.167
