timestamp_iso,attempted_rps,achieved_rps,errors,p50_ms,p95_ms,p99_ms,p999_ms,max_ms
2026-07-15T11:27:03.389Z,0.00,0.00,0,2.17,15.06,15.06,15.06,15.06
2026-07-15T11:27:04.387Z,3.01,3.01,0,1.93,2.53,2.53,2.53,2.53
2026-07-15T11:27:05.388Z,3.00,3.00,0,2.29,2.35,2.35,2.35,2.35
2026-07-15T11:27:06.387Z,3.00,3.00,0,1.97,5.98,5.98,5.98,5.98
2026-07-15T11:27:07.388Z,3.00,3.00,0,2.01,6.51,6.51,6.51,6.51
2026-07-15T11:27:08.387Z,3.00,3.00,0,1.92,9.85,9.85,9.85,9.85
2026-07-15T11:27:09.387Z,3.00,3.00,0,1.99,2.21,2.21,2.21,2.21
2026-07-15T11:27:10.387Z,3.00,2.00,0,1.25,2.39,2.39,2.39,2.39
2026-07-15T11:27:11.387Z,3.00,3.00,0,1.76,7.23,7.23,7.23,7.23
2026-07-15T11:27:12.387Z,3.00,3.00,0,1.88,1.93,1.93,1.93,1.93
2026-07-15T11:27:13.387Z,3.00,3.00,0,5.96,6.05,6.05,6.05,6.05
2026-07-15T11:27:14.387Z,3.00,3.00,0,2.31,8.85,8.85,8.85,8.85
2026-07-15T11:27:15.387Z,3.00,3.00,0,1.75,2.27,2.27,2.27,2.27
2026-07-15T11:27:16.387Z,3.00,3.00,0,2.24,8.90,8.90,8.90,8.90
2026-07-15T11:27:17.387Z,3.00,4.00,0,1.82,7151.62,7151.62,7151.62,7151.62
2026-07-15T11:27:18.387Z,3.00,3.00,0,1.61,1.75,1.75,1.75,1.75
2026-07-15T11:27:19.387Z,3.00,3.00,0,2.04,2.07,2.07,2.07,2.07
2026-07-15T11:27:20.387Z,3.00,3.00,0,2.06,2.43,2.43,2.43,2.43
2026-07-15T11:27:21.387Z,3.00,3.00,0,2.12,3.10,3.10,3.10,3.10
2026-07-15T11:27:22.387Z,3.00,3.00,0,1.83,2.01,2.01,2.01,2.01
2026-07-15T11:27:23.387Z,3.00,3.00,0,1.93,8.26,8.26,8.26,8.26
2026-07-15T11:27:24.387Z,3.00,3.00,0,2.12,5.18,5.18,5.18,5.18
2026-07-15T11:27:25.387Z,3.00,2.00,0,1.77,2.03,2.03,2.03,2.03
2026-07-15T11:27:26.387Z,3.00,2.00,0,2.73,7.86,7.86,7.86,7.86
2026-07-15T11:27:27.387Z,3.00,3.00,0,1.88,2.03,2.03,2.03,2.03
2026-07-15T11:27:28.387Z,3.00,3.00,0,1.54,1.76,1.76,1.76,1.76
2026-07-15T11:27:29.387Z,3.00,2.00,0,1.60,1.70,1.70,1.70,1.70
2026-07-15T11:27:30.387Z,3.00,4.00,0,8.32,4538.37,4538.37,4538.37,4538.37
2026-07-15T11:27:31.387Z,3.00,3.00,0,2.47,4.35,4.35,4.35,4.35
2026-07-15T11:27:32.387Z,3.00,4.00,0,4.22,6930.43,6930.43,6930.43,6930.43
2026-07-15T11:27:33.387Z,3.00,3.00,0,2.25,3.16,3.16,3.16,3.16
2026-07-15T11:27:34.387Z,3.00,2.00,0,5.29,17.66,17.66,17.66,17.66
2026-07-15T11:27:35.387Z,3.00,3.00,0,2.78,3.94,3.94,3.94,3.94
2026-07-15T11:27:36.387Z,3.00,2.00,0,5.64,10.96,10.96,10.96,10.96
2026-07-15T11:27:37.387Z,3.00,3.00,0,3.34,4.08,4.08,4.08,4.08
2026-07-15T11:27:38.387Z,3.00,2.00,0,1.53,2.69,2.69,2.69,2.69
2026-07-15T11:27:39.387Z,3.00,0.00,0,0.00,0.00,0.00,0.00,0.00
2026-07-15T11:27:40.387Z,3.00,0.00,0,0.00,0.00,0.00,0.00,0.00
2026-07-15T11:27:41.387Z,3.00,0.00,0,0.00,0.00,0.00,0.00,0.00
2026-07-15T11:27:42.387Z,3.00,2.00,0,1271.81,4562.94,4562.94,4562.94,4562.94
2026-07-15T11:27:43.387Z,3.00,4.00,0,4255.74,13869.06,13869.06,13869.06,13869.06
2026-07-15T11:27:44.387Z,3.00,0.00,0,0.00,0.00,0.00,0.00,0.00
2026-07-15T11:27:45.387Z,3.00,0.00,0,0.00,0.00,0.00,0.00,0.00
2026-07-15T11:27:46.387Z,3.00,0.00,0,0.00,0.00,0.00,0.00,0.00
2026-07-15T11:27:47.387Z,3.00,6.00,0,6348.80,7946.24,7946.24,7946.24,7946.24
2026-07-15T11:27:48.387Z,3.00,9.00,0,3414.02,8519.68,8519.68,8519.68,8519.68
2026-07-15T11:27:49.387Z,3.00,6.00,0,1943.55,2904.06,2904.06,2904.06,2904.06
2026-07-15T11:27:50.387Z,3.00,0.00,0,0.00,0.00,0.00,0.00,0.00
2026-07-15T11:27:51.387Z,3.00,1.00,0,9986.05,9986.05,9986.05,9986.05,9986.05
2026-07-15T11:27:52.387Z,3.00,0.00,0,0.00,0.00,0.00,0.00,0.00
2026-07-15T11:27:53.387Z,3.00,8.00,0,3428.35,5099.52,5099.52,5099.52,5099.52
2026-07-15T11:27:54.387Z,3.00,0.00,0,0.00,0.00,0.00,0.00,0.00
2026-07-15T11:27:55.387Z,3.00,4.00,0,1928.19,3678.21,3678.21,3678.21,3678.21
2026-07-15T11:27:56.387Z,3.00,6.00,0,690.18,13639.68,13639.68,13639.68,13639.68
2026-07-15T11:27:57.387Z,3.00,7.00,0,5324.80,7323.65,7323.65,7323.65,7323.65
2026-07-15T11:27:58.387Z,3.00,2.00,0,975.87,1286.14,1286.14,1286.14,1286.14
2026-07-15T11:27:59.387Z,3.00,0.00,0,0.00,0.00,0.00,0.00,0.00
2026-07-15T11:28:00.387Z,3.00,1.00,0,4218.88,4218.88,4218.88,4218.88,4218.88
2026-07-15T11:28:01.387Z,3.00,1.00,0,25067.52,25067.52,25067.52,25067.52,25067.52
2026-07-15T11:28:02.387Z,3.00,0.00,0,0.00,0.00,0.00,0.00,0.00
2026-07-15T11:28:03.387Z,3.00,0.00,0,0.00,0.00,0.00,0.00,0.00
2026-07-15T11:28:04.387Z,3.00,0.00,0,0.00,0.00,0.00,0.00,0.00
2026-07-15T11:28:05.387Z,3.00,1.00,0,8986.62,8986.62,8986.62,8986.62,8986.62
2026-07-15T11:28:06.387Z,3.00,1.00,0,5001.22,5001.22,5001.22,5001.22,5001.22
2026-07-15T11:28:07.387Z,3.00,3.00,0,8863.74,9183.23,9183.23,9183.23,9183.23
2026-07-15T11:28:08.387Z,3.00,0.00,0,0.00,0.00,0.00,0.00,0.00
2026-07-15T11:28:09.387Z,3.00,0.00,0,0.00,0.00,0.00,0.00,0.00
2026-07-15T11:28:10.387Z,3.00,1.00,0,16744.45,16744.45,16744.45,16744.45,16744.45
2026-07-15T11:28:11.387Z,3.00,0.00,0,0.00,0.00,0.00,0.00,0.00
2026-07-15T11:28:12.387Z,3.00,2.00,0,14319.62,38043.65,38043.65,38043.65,38043.65
2026-07-15T11:28:13.387Z,3.00,0.00,0,0.00,0.00,0.00,0.00,0.00
2026-07-15T11:28:14.387Z,3.00,0.00,0,0.00,0.00,0.00,0.00,0.00
2026-07-15T11:28:15.386Z,3.00,0.00,0,0.00,0.00,0.00,0.00,0.00
2026-07-15T11:28:16.387Z,3.00,5.00,0,13049.86,16433.15,16433.15,16433.15,16433.15
2026-07-15T11:28:17.387Z,3.00,6.00,0,12230.66,17563.65,17563.65,17563.65,17563.65
2026-07-15T11:28:18.387Z,3.00,0.00,0,0.00,0.00,0.00,0.00,0.00
2026-07-15T11:28:19.387Z,3.00,3.00,0,18137.09,23642.11,23642.11,23642.11,23642.11
2026-07-15T11:28:20.387Z,3.00,0.00,0,0.00,0.00,0.00,0.00,0.00
2026-07-15T11:28:21.387Z,3.00,11.00,0,13492.22,18677.76,18677.76,18677.76,18677.76
2026-07-15T11:28:22.387Z,3.00,7.00,0,12263.42,23560.19,23560.19,23560.19,23560.19
2026-07-15T11:28:23.387Z,3.00,6.00,0,10764.29,23429.12,23429.12,23429.12,23429.12
2026-07-15T11:28:24.387Z,3.00,7.00,0,10149.89,22757.38,22757.38,22757.38,22757.38
2026-07-15T11:28:25.386Z,3.00,0.00,0,0.00,0.00,0.00,0.00,0.00
2026-07-15T11:28:26.387Z,3.00,3.00,0,12713.98,13008.90,13008.90,13008.90,13008.90
2026-07-15T11:28:27.387Z,3.00,1.00,0,10231.81,10231.81,10231.81,10231.81,10231.81
2026-07-15T11:28:28.387Z,3.00,0.00,0,0.00,0.00,0.00,0.00,0.00
2026-07-15T11:28:29.387Z,3.00,3.00,0,12550.14,12828.67,12828.67,12828.67,12828.67
2026-07-15T11:28:30.387Z,3.00,0.00,0,0.00,0.00,0.00,0.00,0.00
2026-07-15T11:28:31.387Z,3.00,3.00,0,13410.30,15343.62,15343.62,15343.62,15343.62
2026-07-15T11:28:32.387Z,3.00,12.00,0,10272.77,16064.51,16064.51,16064.51,16064.51
2026-07-15T11:28:33.387Z,3.00,5.00,0,9224.19,30883.84,30883.84,30883.84,30883.84
2026-07-15T11:28:34.387Z,3.00,4.00,0,13623.30,14909.44,14909.44,14909.44,14909.44
2026-07-15T11:28:35.387Z,3.00,2.00,0,7360.51,7671.81,7671.81,7671.81,7671.81
2026-07-15T11:28:36.387Z,3.00,4.00,0,7688.19,8007.68,8007.68,8007.68,8007.68
2026-07-15T11:28:37.387Z,3.00,10.00,0,7340.03,18350.08,18350.08,18350.08,18350.08
2026-07-15T11:28:38.387Z,3.00,3.00,0,5873.66,6205.44,6205.44,6205.44,6205.44
2026-07-15T11:28:39.387Z,3.00,3.00,0,6078.46,10010.62,10010.62,10010.62,10010.62
2026-07-15T11:28:40.387Z,3.00,1.00,0,13574.14,13574.14,13574.14,13574.14,13574.14
2026-07-15T11:28:41.387Z,3.00,2.00,0,5480.45,5529.60,5529.60,5529.60,5529.60
2026-07-15T11:28:42.387Z,3.00,0.00,0,0.00,0.00,0.00,0.00,0.00
2026-07-15T11:28:43.387Z,3.00,1.00,0,13811.71,13811.71,13811.71,13811.71,13811.71
2026-07-15T11:28:44.387Z,3.00,0.00,0,0.00,0.00,0.00,0.00,0.00
2026-07-15T11:28:45.387Z,3.00,0.00,0,0.00,0.00,0.00,0.00,0.00
2026-07-15T11:28:46.387Z,3.00,0.00,0,0.00,0.00,0.00,0.00,0.00
2026-07-15T11:28:47.386Z,3.00,0.00,0,0.00,0.00,0.00,0.00,0.00
2026-07-15T11:28:48.387Z,3.00,0.00,0,0.00,0.00,0.00,0.00,0.00
2026-07-15T11:28:49.387Z,3.00,0.00,0,0.00,0.00,0.00,0.00,0.00
2026-07-15T11:28:50.387Z,3.00,2.00,0,15327.23,20299.78,20299.78,20299.78,20299.78
2026-07-15T11:28:51.387Z,3.00,11.00,0,13230.08,20365.31,20365.31,20365.31,20365.31
2026-07-15T11:28:52.387Z,3.00,0.00,0,0.00,0.00,0.00,0.00,0.00
2026-07-15T11:28:53.387Z,3.00,1.00,0,19464.19,19464.19,19464.19,19464.19,19464.19
2026-07-15T11:28:54.387Z,3.00,1.00,0,14278.66,14278.66,14278.66,14278.66,14278.66
2026-07-15T11:28:55.387Z,3.00,1.00,0,13074.43,13074.43,13074.43,13074.43,13074.43
2026-07-15T11:28:56.387Z,3.00,4.00,0,15228.93,21037.06,21037.06,21037.06,21037.06
2026-07-15T11:28:57.387Z,3.00,0.00,0,0.00,0.00,0.00,0.00,0.00
2026-07-15T11:28:58.387Z,3.00,1.00,0,15540.22,15540.22,15540.22,15540.22,15540.22
2026-07-15T11:28:59.387Z,3.00,2.00,0,15417.34,33406.98,33406.98,33406.98,33406.98
2026-07-15T11:29:00.387Z,3.00,0.00,0,0.00,0.00,0.00,0.00,0.00
2026-07-15T11:29:01.387Z,3.00,0.00,0,0.00,0.00,0.00,0.00,0.00
2026-07-15T11:29:02.387Z,3.00,1.00,0,17809.41,17809.41,17809.41,17809.41,17809.41
2026-07-15T11:29:03.387Z,3.00,5.00,0,20480.00,50167.81,50167.81,50167.81,50167.81
2026-07-15T11:29:04.386Z,3.00,0.00,0,0.00,0.00,0.00,0.00,0.00
2026-07-15T11:29:05.387Z,3.00,1.00,0,18743.30,18743.30,18743.30,18743.30,18743.30
2026-07-15T11:29:06.387Z,3.00,0.00,0,0.00,0.00,0.00,0.00,0.00
2026-07-15T11:29:07.387Z,3.00,0.00,0,0.00,0.00,0.00,0.00,0.00
2026-07-15T11:29:08.387Z,3.00,1.00,0,23052.29,23052.29,23052.29,23052.29,23052.29
2026-07-15T11:29:09.387Z,3.00,1.00,1,22134.78,22134.78,22134.78,22134.78,22134.78
2026-07-15T11:29:10.387Z,3.00,0.00,0,0.00,0.00,0.00,0.00,0.00
2026-07-15T11:29:11.387Z,3.00,1.00,0,22593.54,22593.54,22593.54,22593.54,22593.54
2026-07-15T11:29:12.387Z,3.00,1.00,1,38240.26,38240.26,38240.26,38240.26,38240.26
2026-07-15T11:29:13.387Z,3.00,2.00,0,23625.73,27213.82,27213.82,27213.82,27213.82
2026-07-15T11:29:14.387Z,3.00,0.00,0,0.00,0.00,0.00,0.00,0.00
2026-07-15T11:29:15.387Z,3.00,8.00,1,23904.26,27164.67,27164.67,27164.67,27164.67
2026-07-15T11:29:16.387Z,3.00,0.00,1,0.00,0.00,0.00,0.00,0.00
2026-07-15T11:29:17.387Z,3.00,3.00,2,24854.53,26820.61,26820.61,26820.61,26820.61
2026-07-15T11:29:18.387Z,3.00,0.00,1,0.00,0.00,0.00,0.00,0.00
2026-07-15T11:29:19.387Z,3.00,0.00,0,0.00,0.00,0.00,0.00,0.00
2026-07-15T11:29:20.387Z,3.00,5.00,1,26542.08,38928.38,38928.38,38928.38,38928.38
2026-07-15T11:29:21.387Z,3.00,0.00,1,0.00,0.00,0.00,0.00,0.00
2026-07-15T11:29:22.387Z,3.00,5.00,0,26443.78,34275.33,34275.33,34275.33,34275.33
2026-07-15T11:29:23.387Z,3.00,4.00,0,25493.50,26116.10,26116.10,26116.10,26116.10
2026-07-15T11:29:24.387Z,3.00,0.00,0,0.00,0.00,0.00,0.00,0.00
2026-07-15T11:29:25.387Z,3.00,0.00,0,0.00,0.00,0.00,0.00,0.00
2026-07-15T11:29:26.387Z,3.00,0.00,0,0.00,0.00,0.00,0.00,0.00
2026-07-15T11:29:27.387Z,3.00,6.00,0,27934.72,29196.29,29196.29,29196.29,29196.29
2026-07-15T11:29:28.387Z,3.00,0.00,1,0.00,0.00,0.00,0.00,0.00
2026-07-15T11:29:29.387Z,3.00,0.00,0,0.00,0.00,0.00,0.00,0.00
2026-07-15T11:29:30.387Z,3.00,0.00,0,0.00,0.00,0.00,0.00,0.00
2026-07-15T11:29:31.387Z,3.00,3.00,1,36798.46,51085.31,51085.31,51085.31,51085.31
2026-07-15T11:29:32.387Z,3.00,14.00,0,28459.01,31965.18,31965.18,31965.18,31965.18
2026-07-15T11:29:33.387Z,3.00,8.00,3,24854.53,26148.86,26148.86,26148.86,26148.86
2026-07-15T11:29:34.387Z,3.00,0.00,0,0.00,0.00,0.00,0.00,0.00
2026-07-15T11:29:35.387Z,3.00,5.00,0,25083.90,25739.26,25739.26,25739.26,25739.26
2026-07-15T11:29:36.387Z,3.00,0.00,0,0.00,0.00,0.00,0.00,0.00
2026-07-15T11:29:37.387Z,3.00,0.00,0,0.00,0.00,0.00,0.00,0.00
2026-07-15T11:29:38.387Z,3.00,0.00,0,0.00,0.00,0.00,0.00,0.00
2026-07-15T11:29:39.387Z,3.00,1.00,0,27475.97,27475.97,27475.97,27475.97,27475.97
2026-07-15T11:29:40.387Z,3.00,7.00,0,26574.85,28196.86,28196.86,28196.86,28196.86
2026-07-15T11:29:41.387Z,3.00,0.00,0,0.00,0.00,0.00,0.00,0.00
2026-07-15T11:29:42.387Z,3.00,1.00,0,31375.36,31375.36,31375.36,31375.36,31375.36
2026-07-15T11:29:43.387Z,3.00,3.00,0,28082.18,28409.86,28409.86,28409.86,28409.86
2026-07-15T11:29:44.387Z,3.00,0.00,0,0.00,0.00,0.00,0.00,0.00
2026-07-15T11:29:45.387Z,3.00,3.00,0,28999.68,29294.59,29294.59,29294.59,29294.59
2026-07-15T11:29:46.387Z,3.00,0.00,0,0.00,0.00,0.00,0.00,0.00
2026-07-15T11:29:47.387Z,3.00,0.00,0,0.00,0.00,0.00,0.00,0.00
2026-07-15T11:29:48.387Z,2.00,0.00,0,0.00,0.00,0.00,0.00,0.00
2026-07-15T11:29:49.387Z,1.00,0.00,1,0.00,0.00,0.00,0.00,0.00
2026-07-15T11:29:50.387Z,3.00,0.00,3,0.00,0.00,0.00,0.00,0.00
2026-07-15T11:29:51.387Z,3.00,0.00,3,0.00,0.00,0.00,0.00,0.00
2026-07-15T11:29:52.387Z,3.00,0.00,3,0.00,0.00,0.00,0.00,0.00
2026-07-15T11:29:53.387Z,3.00,0.00,3,0.00,0.00,0.00,0.00,0.00
2026-07-15T11:29:54.386Z,3.00,0.00,3,0.00,0.00,0.00,0.00,0.00
2026-07-15T11:29:55.387Z,3.00,0.00,3,0.00,0.00,0.00,0.00,0.00
2026-07-15T11:29:56.387Z,6.00,3.00,3,47448.06,47611.90,47611.90,47611.90,47611.90
2026-07-15T11:29:57.387Z,3.00,3.00,3,39747.58,40075.26,40075.26,40075.26,40075.26
2026-07-15T11:29:58.387Z,3.00,3.00,2,40009.73,84803.58,84803.58,84803.58,84803.58
2026-07-15T11:29:59.387Z,3.00,0.00,2,0.00,0.00,0.00,0.00,0.00
2026-07-15T11:30:00.387Z,3.00,1.00,3,76283.90,76283.90,76283.90,76283.90,76283.90
2026-07-15T11:30:01.387Z,3.00,0.00,3,0.00,0.00,0.00,0.00,0.00
2026-07-15T11:30:02.387Z,3.00,0.00,3,0.00,0.00,0.00,0.00,0.00
2026-07-15T11:30:03.387Z,3.00,2.00,3,35160.06,48922.62,48922.62,48922.62,48922.62
2026-07-15T11:30:04.387Z,3.00,1.00,3,45973.50,45973.50,45973.50,45973.50,45973.50
2026-07-15T11:30:05.387Z,3.00,1.00,2,45678.59,45678.59,45678.59,45678.59,45678.59
2026-07-15T11:30:06.387Z,3.00,0.00,3,0.00,0.00,0.00,0.00,0.00
2026-07-15T11:30:07.387Z,3.00,5.00,3,29589.50,38371.33,38371.33,38371.33,38371.33
2026-07-15T11:30:08.387Z,3.00,0.00,0,0.00,0.00,0.00,0.00,0.00
2026-07-15T11:30:09.387Z,3.00,7.00,0,29507.58,30965.76,30965.76,30965.76,30965.76
2026-07-15T11:30:10.387Z,3.00,1.00,1,63930.37,63930.37,63930.37,63930.37,63930.37
2026-07-15T11:30:11.387Z,3.00,2.00,0,29343.74,29605.89,29605.89,29605.89,29605.89
2026-07-15T11:30:12.387Z,3.00,0.00,1,0.00,0.00,0.00,0.00,0.00
2026-07-15T11:30:13.387Z,3.00,0.00,3,0.00,0.00,0.00,0.00,0.00
2026-07-15T11:30:14.387Z,3.00,2.00,3,29966.34,34865.15,34865.15,34865.15,34865.15
2026-07-15T11:30:15.387Z,3.00,4.00,0,29704.19,30294.02,30294.02,30294.02,30294.02
2026-07-15T11:30:16.387Z,3.00,4.00,0,28983.30,29573.12,29573.12,29573.12,29573.12
2026-07-15T11:30:17.387Z,3.00,2.00,0,29212.67,29507.58,29507.58,29507.58,29507.58
2026-07-15T11:30:18.387Z,3.00,2.00,0,28950.53,29229.06,29229.06,29229.06,29229.06
2026-07-15T11:30:19.387Z,3.00,4.00,0,27918.34,28508.16,28508.16,28508.16,28508.16
2026-07-15T11:30:20.387Z,3.00,2.00,0,28540.93,28819.46,28819.46,28819.46,28819.46
2026-07-15T11:30:21.387Z,3.00,0.00,0,0.00,0.00,0.00,0.00,0.00
2026-07-15T11:30:22.386Z,3.00,0.00,0,0.00,0.00,0.00,0.00,0.00
2026-07-15T11:30:23.387Z,3.00,3.00,1,30523.39,32817.15,32817.15,32817.15,32817.15
2026-07-15T11:30:24.387Z,3.00,0.00,0,0.00,0.00,0.00,0.00,0.00
2026-07-15T11:30:25.387Z,3.00,0.00,1,0.00,0.00,0.00,0.00,0.00
2026-07-15T11:30:26.387Z,3.00,0.00,5,0.00,0.00,0.00,0.00,0.00
2026-07-15T11:30:27.387Z,3.00,6.00,1,30031.87,32980.99,32980.99,32980.99,32980.99
2026-07-15T11:30:28.387Z,3.00,1.00,0,32768.00,32768.00,32768.00,32768.00,32768.00
2026-07-15T11:30:29.387Z,3.00,2.00,0,30949.38,36470.78,36470.78,36470.78,36470.78
2026-07-15T11:30:30.387Z,3.00,0.00,2,0.00,0.00,0.00,0.00,0.00
2026-07-15T11:30:31.387Z,3.00,3.00,1,32325.63,48660.48,48660.48,48660.48,48660.48
2026-07-15T11:30:32.387Z,3.00,2.00,1,30687.23,31326.21,31326.21,31326.21,31326.21
2026-07-15T11:30:33.387Z,3.00,2.00,0,30228.48,30556.16,30556.16,30556.16,30556.16
2026-07-15T11:30:34.387Z,3.00,1.00,3,41975.81,41975.81,41975.81,41975.81,41975.81
2026-07-15T11:30:35.387Z,3.00,3.00,0,35192.83,35389.44,35389.44,35389.44,35389.44
2026-07-15T11:30:36.387Z,3.00,1.00,0,31571.97,31571.97,31571.97,31571.97,31571.97
2026-07-15T11:30:37.387Z,3.00,1.00,2,32030.72,32030.72,32030.72,32030.72,32030.72
2026-07-15T11:30:38.387Z,3.00,0.00,2,0.00,0.00,0.00,0.00,0.00
2026-07-15T11:30:39.387Z,3.00,0.00,3,0.00,0.00,0.00,0.00,0.00
2026-07-15T11:30:40.387Z,3.00,1.00,2,33685.50,33685.50,33685.50,33685.50,33685.50
2026-07-15T11:30:41.387Z,3.00,1.00,2,34799.62,34799.62,34799.62,34799.62,34799.62
2026-07-15T11:30:42.387Z,3.00,4.00,3,35913.73,39223.30,39223.30,39223.30,39223.30
2026-07-15T11:30:43.387Z,3.00,0.00,0,0.00,0.00,0.00,0.00,0.00
2026-07-15T11:30:44.387Z,3.00,9.00,1,30162.94,36274.18,36274.18,36274.18,36274.18
2026-07-15T11:30:45.387Z,3.00,0.00,0,0.00,0.00,0.00,0.00,0.00
2026-07-15T11:30:46.387Z,3.00,1.00,1,29376.51,29376.51,29376.51,29376.51,29376.51
2026-07-15T11:30:47.387Z,3.00,5.00,0,29327.36,37126.14,37126.14,37126.14,37126.14
2026-07-15T11:30:48.387Z,3.00,3.00,0,30867.46,33128.45,33128.45,33128.45,33128.45
2026-07-15T11:30:49.387Z,3.00,3.00,0,29884.42,30195.71,30195.71,30195.71,30195.71
2026-07-15T11:30:50.387Z,3.00,11.00,0,28229.63,30375.94,30375.94,30375.94,30375.94
2026-07-15T11:30:51.387Z,3.00,0.00,1,0.00,0.00,0.00,0.00,0.00
2026-07-15T11:30:52.387Z,3.00,9.00,0,27377.66,29917.18,29917.18,29917.18,29917.18
2026-07-15T11:30:53.387Z,3.00,1.00,0,25788.42,25788.42,25788.42,25788.42,25788.42
2026-07-15T11:30:54.387Z,3.00,1.00,0,26902.53,26902.53,26902.53,26902.53,26902.53
2026-07-15T11:30:55.387Z,3.00,4.00,0,26345.47,27607.04,27607.04,27607.04,27607.04
2026-07-15T11:30:56.387Z,3.00,2.00,0,25804.80,26050.56,26050.56,26050.56,26050.56
2026-07-15T11:30:57.387Z,3.00,2.00,0,28475.39,33456.13,33456.13,33456.13,33456.13
2026-07-15T11:30:58.387Z,3.00,2.00,0,26918.91,29900.80,29900.80,29900.80,29900.80
2026-07-15T11:30:59.387Z,3.00,3.00,0,26066.94,26689.54,26689.54,26689.54,26689.54
2026-07-15T11:31:00.387Z,3.00,1.00,0,56819.71,56819.71,56819.71,56819.71,56819.71
2026-07-15T11:31:01.386Z,3.00,0.00,0,0.00,0.00,0.00,0.00,0.00
2026-07-15T11:31:02.387Z,3.00,4.00,1,30900.22,31490.05,31490.05,31490.05,31490.05
2026-07-15T11:31:03.386Z,3.00,0.00,0,0.00,0.00,0.00,0.00,0.00
2026-07-15T11:31:04.387Z,3.00,6.99,0,30310.40,65634.30,65634.30,65634.30,65634.30
2026-07-15T11:31:05.387Z,3.00,0.00,1,0.00,0.00,0.00,0.00,0.00
2026-07-15T11:31:06.387Z,3.00,4.00,1,30474.24,37289.98,37289.98,37289.98,37289.98
2026-07-15T11:31:07.387Z,3.00,0.00,0,0.00,0.00,0.00,0.00,0.00
2026-07-15T11:31:08.387Z,3.00,2.00,0,29130.75,32423.94,32423.94,32423.94,32423.94
2026-07-15T11:31:09.387Z,3.00,8.00,0,29966.34,31162.37,31162.37,31162.37,31162.37
2026-07-15T11:31:10.387Z,3.00,0.00,2,0.00,0.00,0.00,0.00,0.00
2026-07-15T11:31:11.387Z,3.00,2.00,0,28999.68,29327.36,29327.36,29327.36,29327.36
2026-07-15T11:31:12.387Z,3.00,2.00,0,26918.91,30244.86,30244.86,30244.86,30244.86
2026-07-15T11:31:13.387Z,3.00,3.00,0,29622.27,29884.42,29884.42,29884.42,29884.42
2026-07-15T11:31:14.386Z,3.00,0.00,0,0.00,0.00,0.00,0.00,0.00
2026-07-15T11:31:15.387Z,3.00,5.00,0,31145.98,32784.38,32784.38,32784.38,32784.38
2026-07-15T11:31:16.387Z,3.00,1.00,1,31473.66,31473.66,31473.66,31473.66,31473.66
2026-07-15T11:31:17.387Z,3.00,0.00,0,0.00,0.00,0.00,0.00,0.00
2026-07-15T11:31:18.387Z,3.00,0.00,0,0.00,0.00,0.00,0.00,0.00
2026-07-15T11:31:19.387Z,3.00,0.00,1,0.00,0.00,0.00,0.00,0.00
2026-07-15T11:31:20.387Z,3.00,0.00,3,0.00,0.00,0.00,0.00,0.00
2026-07-15T11:31:21.386Z,3.00,0.00,3,0.00,0.00,0.00,0.00,0.00
2026-07-15T11:31:22.387Z,3.00,1.00,3,36569.09,36569.09,36569.09,36569.09,36569.09
2026-07-15T11:31:23.387Z,3.00,0.00,3,0.00,0.00,0.00,0.00,0.00
2026-07-15T11:31:24.386Z,3.00,0.00,3,0.00,0.00,0.00,0.00,0.00
2026-07-15T11:31:25.387Z,3.00,1.00,3,40075.26,40075.26,40075.26,40075.26,40075.26
2026-07-15T11:31:26.387Z,3.00,0.00,2,0.00,0.00,0.00,0.00,0.00
2026-07-15T11:31:27.386Z,3.00,0.00,3,0.00,0.00,0.00,0.00,0.00
2026-07-15T11:31:28.387Z,3.00,0.00,3,0.00,0.00,0.00,0.00,0.00
2026-07-15T11:31:29.387Z,3.00,0.00,3,0.00,0.00,0.00,0.00,0.00
2026-07-15T11:31:30.387Z,3.00,1.00,2,42139.65,42139.65,42139.65,42139.65,42139.65
2026-07-15T11:31:31.387Z,3.00,0.00,3,0.00,0.00,0.00,0.00,0.00
2026-07-15T11:31:32.387Z,3.00,2.00,3,36864.00,44400.64,44400.64,44400.64,44400.64
2026-07-15T11:31:33.387Z,3.00,0.00,2,0.00,0.00,0.00,0.00,0.00
2026-07-15T11:31:34.387Z,3.00,0.00,3,0.00,0.00,0.00,0.00,0.00
2026-07-15T11:31:35.387Z,3.00,0.00,3,0.00,0.00,0.00,0.00,0.00
2026-07-15T11:31:36.387Z,3.00,0.00,3,0.00,0.00,0.00,0.00,0.00
2026-07-15T11:31:37.387Z,3.00,0.00,3,0.00,0.00,0.00,0.00,0.00
2026-07-15T11:31:38.387Z,3.00,0.00,3,0.00,0.00,0.00,0.00,0.00
2026-07-15T11:31:39.387Z,3.00,1.00,2,36044.80,36044.80,36044.80,36044.80,36044.80
2026-07-15T11:31:40.387Z,3.00,0.00,3,0.00,0.00,0.00,0.00,0.00
2026-07-15T11:31:41.387Z,3.00,5.00,3,41058.30,52723.71,52723.71,52723.71,52723.71
2026-07-15T11:31:42.386Z,3.00,0.00,1,0.00,0.00,0.00,0.00,0.00
2026-07-15T11:31:43.387Z,3.00,1.00,1,34537.47,34537.47,34537.47,34537.47,34537.47
2026-07-15T11:31:44.387Z,3.00,0.00,3,0.00,0.00,0.00,0.00,0.00
2026-07-15T11:31:45.387Z,3.00,4.00,3,32145.41,64159.74,64159.74,64159.74,64159.74
2026-07-15T11:31:46.387Z,3.00,9.00,1,27836.42,29409.28,29409.28,29409.28,29409.28
2026-07-15T11:31:47.387Z,3.00,0.00,0,0.00,0.00,0.00,0.00,0.00
2026-07-15T11:31:48.387Z,3.00,3.00,1,27787.26,61243.39,61243.39,61243.39,61243.39
2026-07-15T11:31:49.387Z,3.00,9.00,0,27918.34,61833.22,61833.22,61833.22,61833.22
2026-07-15T11:31:50.387Z,3.00,10.00,0,24117.25,25673.73,25673.73,25673.73,25673.73
2026-07-15T11:31:51.387Z,3.00,0.00,0,0.00,0.00,0.00,0.00,0.00
2026-07-15T11:31:52.387Z,3.00,0.00,2,0.00,0.00,0.00,0.00,0.00
2026-07-15T11:31:53.387Z,3.00,2.00,0,24051.71,24281.09,24281.09,24281.09,24281.09
2026-07-15T11:31:54.387Z,3.00,7.00,0,25886.72,26869.76,26869.76,26869.76,26869.76
2026-07-15T11:31:55.387Z,3.00,0.00,0,0.00,0.00,0.00,0.00,0.00
2026-07-15T11:31:56.387Z,3.00,0.00,0,0.00,0.00,0.00,0.00,0.00
2026-07-15T11:31:57.387Z,3.00,0.00,0,0.00,0.00,0.00,0.00,0.00
2026-07-15T11:31:58.386Z,3.00,0.00,0,0.00,0.00,0.00,0.00,0.00
2026-07-15T11:31:59.387Z,3.00,6.99,0,27131.90,70713.34,70713.34,70713.34,70713.34
2026-07-15T11:32:00.387Z,3.00,2.00,0,26476.54,26804.22,26804.22,26804.22,26804.22
2026-07-15T11:32:01.387Z,3.00,0.00,0,0.00,0.00,0.00,0.00,0.00
2026-07-15T11:32:02.387Z,0.00,0.00,0,0.00,0.00,0.00,0.00,0.00
2026-07-15T11:32:03.387Z,3.00,0.00,1,0.00,0.00,0.00,0.00,0.00
2026-07-15T11:32:04.387Z,3.00,12.00,0,28295.17,47775.74,47775.74,47775.74,47775.74
2026-07-15T11:32:05.387Z,3.00,0.00,0,0.00,0.00,0.00,0.00,0.00
2026-07-15T11:32:06.387Z,3.00,1.00,0,26640.38,26640.38,26640.38,26640.38,26640.38
2026-07-15T11:32:07.387Z,3.00,4.00,0,28573.70,29196.29,29196.29,29196.29,29196.29
2026-07-15T11:32:08.387Z,3.00,0.00,0,0.00,0.00,0.00,0.00,0.00
2026-07-15T11:32:09.387Z,3.00,5.00,0,28426.24,29442.05,29442.05,29442.05,29442.05
2026-07-15T11:32:10.387Z,3.00,1.00,0,27885.57,27885.57,27885.57,27885.57,27885.57
2026-07-15T11:32:11.387Z,3.00,1.00,0,30408.70,30408.70,30408.70,30408.70,30408.70
2026-07-15T11:32:12.387Z,3.00,1.00,0,29999.10,29999.10,29999.10,29999.10,29999.10
2026-07-15T11:32:13.387Z,3.00,2.00,0,29704.19,31490.05,31490.05,31490.05,31490.05
2026-07-15T11:32:14.387Z,3.00,0.00,0,0.00,0.00,0.00,0.00,0.00
2026-07-15T11:32:15.386Z,2.00,0.00,0,0.00,0.00,0.00,0.00,0.00
2026-07-15T11:32:16.387Z,2.00,0.00,2,0.00,0.00,0.00,0.00,0.00
2026-07-15T11:32:17.387Z,3.00,0.00,3,0.00,0.00,0.00,0.00,0.00
2026-07-15T11:32:18.387Z,3.00,0.00,3,0.00,0.00,0.00,0.00,0.00
2026-07-15T11:32:19.387Z,4.00,1.00,3,35520.51,35520.51,35520.51,35520.51,35520.51
2026-07-15T11:32:20.387Z,4.00,1.00,3,50069.50,50069.50,50069.50,50069.50,50069.50
2026-07-15T11:32:21.387Z,3.00,0.00,3,0.00,0.00,0.00,0.00,0.00
2026-07-15T11:32:22.387Z,3.00,0.00,3,0.00,0.00,0.00,0.00,0.00
2026-07-15T11:32:23.387Z,3.00,0.00,3,0.00,0.00,0.00,0.00,0.00
2026-07-15T11:32:24.387Z,3.00,0.00,3,0.00,0.00,0.00,0.00,0.00
2026-07-15T11:32:25.387Z,3.00,1.00,3,40337.41,40337.41,40337.41,40337.41,40337.41
2026-07-15T11:32:26.387Z,3.00,2.00,2,30949.38,42205.18,42205.18,42205.18,42205.18
2026-07-15T11:32:27.387Z,3.00,7.00,1,42303.49,59834.37,59834.37,59834.37,59834.37
2026-07-15T11:32:28.387Z,3.00,4.00,3,27852.80,47874.05,47874.05,47874.05,47874.05
2026-07-15T11:32:29.387Z,3.00,4.00,1,27967.49,32260.10,32260.10,32260.10,32260.10
2026-07-15T11:32:30.387Z,3.00,2.00,1,28950.53,29130.75,29130.75,29130.75,29130.75
2026-07-15T11:32:31.387Z,3.00,1.00,0,30310.40,30310.40,30310.40,30310.40,30310.40
2026-07-15T11:32:32.387Z,3.00,6.00,0,28393.47,29769.73,29769.73,29769.73,29769.73
2026-07-15T11:32:33.387Z,3.00,3.00,0,28278.78,28852.22,28852.22,28852.22,28852.22
2026-07-15T11:32:34.387Z,3.00,4.00,0,26443.78,28016.64,28016.64,28016.64,28016.64
2026-07-15T11:32:35.387Z,3.00,0.00,0,0.00,0.00,0.00,0.00,0.00
2026-07-15T11:32:36.387Z,3.00,0.00,0,0.00,0.00,0.00,0.00,0.00
2026-07-15T11:32:37.387Z,3.00,1.00,0,28999.68,28999.68,28999.68,28999.68,28999.68
2026-07-15T11:32:38.387Z,3.00,0.00,0,0.00,0.00,0.00,0.00,0.00
2026-07-15T11:32:39.387Z,3.00,0.00,0,0.00,0.00,0.00,0.00,0.00
2026-07-15T11:32:40.387Z,3.00,6.00,1,32784.38,37224.45,37224.45,37224.45,37224.45
2026-07-15T11:32:41.387Z,3.00,0.00,0,0.00,0.00,0.00,0.00,0.00
2026-07-15T11:32:42.387Z,3.00,2.00,3,33308.67,33587.20,33587.20,33587.20,33587.20
2026-07-15T11:32:43.387Z,3.00,3.00,1,29458.43,29720.58,29720.58,29720.58,29720.58
2026-07-15T11:32:44.387Z,3.00,0.00,1,0.00,0.00,0.00,0.00,0.00
2026-07-15T11:32:45.387Z,3.00,4.00,1,34504.70,35127.30,35127.30,35127.30,35127.30
2026-07-15T11:32:46.387Z,3.00,9.00,0,29032.45,34635.78,34635.78,34635.78,34635.78
2026-07-15T11:32:47.387Z,3.00,0.00,0,0.00,0.00,0.00,0.00,0.00
2026-07-15T11:32:48.387Z,3.00,1.00,0,29097.98,29097.98,29097.98,29097.98,29097.98
2026-07-15T11:32:49.387Z,3.00,0.00,0,0.00,0.00,0.00,0.00,0.00
2026-07-15T11:32:50.387Z,3.00,0.00,0,0.00,0.00,0.00,0.00,0.00
2026-07-15T11:32:51.387Z,3.00,1.00,3,36438.02,36438.02,36438.02,36438.02,36438.02
2026-07-15T11:32:52.387Z,3.00,0.00,2,0.00,0.00,0.00,0.00,0.00
2026-07-15T11:32:53.387Z,3.00,1.00,2,31440.90,31440.90,31440.90,31440.90,31440.90
2026-07-15T11:32:54.387Z,3.00,0.00,3,0.00,0.00,0.00,0.00,0.00
2026-07-15T11:32:55.387Z,3.00,2.00,2,35717.12,71041.02,71041.02,71041.02,71041.02
2026-07-15T11:32:56.387Z,3.00,1.00,2,32718.85,32718.85,32718.85,32718.85,32718.85
2026-07-15T11:32:57.387Z,3.00,0.00,3,0.00,0.00,0.00,0.00,0.00
2026-07-15T11:32:58.387Z,3.00,0.00,3,0.00,0.00,0.00,0.00,0.00
2026-07-15T11:32:59.387Z,3.00,0.00,3,0.00,0.00,0.00,0.00,0.00
2026-07-15T11:33:00.387Z,3.00,2.00,1,39747.58,40042.50,40042.50,40042.50,40042.50
2026-07-15T11:33:01.387Z,3.00,0.00,2,0.00,0.00,0.00,0.00,0.00
2026-07-15T11:33:02.387Z,3.00,0.00,3,0.00,0.00,0.00,0.00,0.00
2026-07-15T11:33:03.387Z,3.00,0.00,3,0.00,0.00,0.00,0.00,0.00
2026-07-15T11:33:04.387Z,3.00,0.00,3,0.00,0.00,0.00,0.00,0.00
2026-07-15T11:33:05.387Z,3.00,0.00,3,0.00,0.00,0.00,0.00,0.00
2026-07-15T11:33:06.387Z,3.00,0.00,3,0.00,0.00,0.00,0.00,0.00
2026-07-15T11:33:07.387Z,3.00,0.00,3,0.00,0.00,0.00,0.00,0.00
2026-07-15T11:33:08.387Z,3.00,0.00,3,0.00,0.00,0.00,0.00,0.00
2026-07-15T11:33:09.387Z,3.00,3.00,3,48627.71,50757.63,50757.63,50757.63,50757.63
2026-07-15T11:33:10.387Z,3.00,0.00,2,0.00,0.00,0.00,0.00,0.00
2026-07-15T11:33:11.387Z,3.00,1.00,3,44793.86,44793.86,44793.86,44793.86,44793.86
2026-07-15T11:33:12.387Z,3.00,5.00,3,42172.42,66093.06,66093.06,66093.06,66093.06
2026-07-15T11:33:13.387Z,3.00,4.00,2,30326.78,94306.30,94306.30,94306.30,94306.30
2026-07-15T11:33:14.387Z,3.00,0.00,0,0.00,0.00,0.00,0.00,0.00
2026-07-15T11:33:15.387Z,3.00,0.00,1,0.00,0.00,0.00,0.00,0.00
2026-07-15T11:33:16.387Z,3.00,2.00,1,30425.09,30752.77,30752.77,30752.77,30752.77
2026-07-15T11:33:17.387Z,3.00,0.00,1,0.00,0.00,0.00,0.00,0.00
2026-07-15T11:33:18.387Z,3.00,3.00,1,32276.48,33357.82,33357.82,33357.82,33357.82
2026-07-15T11:33:19.387Z,3.00,4.00,2,31244.29,33538.05,33538.05,33538.05,33538.05
2026-07-15T11:33:20.387Z,3.00,15.00,1,27885.57,32456.70,32456.70,32456.70,32456.70
2026-07-15T11:33:21.387Z,3.00,10.00,0,24182.78,28770.30,28770.30,28770.30,28770.30
2026-07-15T11:33:22.387Z,3.00,1.00,0,22577.15,22577.15,22577.15,22577.15,22577.15
2026-07-15T11:33:23.387Z,3.00,4.00,0,22708.22,23298.05,23298.05,23298.05,23298.05
2026-07-15T11:33:24.387Z,3.00,3.00,0,22380.54,27967.49,27967.49,27967.49,27967.49
2026-07-15T11:33:25.387Z,3.00,0.00,0,0.00,0.00,0.00,0.00,0.00
2026-07-15T11:33:26.387Z,3.00,3.00,0,27574.27,27901.95,27901.95,27901.95,27901.95
2026-07-15T11:33:27.387Z,3.00,0.00,0,0.00,0.00,0.00,0.00,0.00
2026-07-15T11:33:28.387Z,3.00,0.00,0,0.00,0.00,0.00,0.00,0.00
2026-07-15T11:33:29.387Z,3.00,4.00,0,25182.21,25804.80,25804.80,25804.80,25804.80
2026-07-15T11:33:30.387Z,3.00,3.00,0,28016.64,28344.32,28344.32,28344.32,28344.32
2026-07-15T11:33:31.387Z,3.00,0.00,0,0.00,0.00,0.00,0.00,0.00
2026-07-15T11:33:32.387Z,3.00,5.00,0,27197.44,29474.82,29474.82,29474.82,29474.82
2026-07-15T11:33:33.387Z,3.00,3.00,0,27279.36,27607.04,27607.04,27607.04,27607.04
2026-07-15T11:33:34.387Z,3.00,2.00,0,24674.30,25083.90,25083.90,25083.90,25083.90
2026-07-15T11:33:35.387Z,3.00,1.00,0,25985.02,25985.02,25985.02,25985.02,25985.02
2026-07-15T11:33:36.387Z,3.00,0.00,0,0.00,0.00,0.00,0.00,0.00
2026-07-15T11:33:37.387Z,3.00,1.00,0,30670.85,30670.85,30670.85,30670.85,30670.85
2026-07-15T11:33:38.387Z,3.00,2.00,1,29736.96,30015.49,30015.49,30015.49,30015.49
2026-07-15T11:33:39.387Z,3.00,1.00,0,28229.63,28229.63,28229.63,28229.63,28229.63
2026-07-15T11:33:40.387Z,3.00,0.00,0,0.00,0.00,0.00,0.00,0.00
2026-07-15T11:33:41.387Z,3.00,0.00,0,0.00,0.00,0.00,0.00,0.00
2026-07-15T11:33:42.387Z,3.00,0.00,1,0.00,0.00,0.00,0.00,0.00
2026-07-15T11:33:43.387Z,3.00,0.00,3,0.00,0.00,0.00,0.00,0.00
2026-07-15T11:33:44.387Z,3.00,1.00,3,34832.38,34832.38,34832.38,34832.38,34832.38
2026-07-15T11:33:45.387Z,3.00,0.00,2,0.00,0.00,0.00,0.00,0.00
2026-07-15T11:33:46.387Z,3.00,0.00,3,0.00,0.00,0.00,0.00,0.00
2026-07-15T11:33:47.387Z,3.00,0.00,3,0.00,0.00,0.00,0.00,0.00
2026-07-15T11:33:48.386Z,3.00,0.00,3,0.00,0.00,0.00,0.00,0.00
2026-07-15T11:33:49.387Z,3.00,1.00,2,37715.97,37715.97,37715.97,37715.97,37715.97
2026-07-15T11:33:50.387Z,3.00,0.00,3,0.00,0.00,0.00,0.00,0.00
2026-07-15T11:33:51.387Z,3.00,0.00,3,0.00,0.00,0.00,0.00,0.00
2026-07-15T11:33:52.387Z,3.00,2.00,3,41746.43,42008.58,42008.58,42008.58,42008.58
2026-07-15T11:33:53.387Z,3.00,4.00,3,41320.45,58130.43,58130.43,58130.43,58130.43
2026-07-15T11:33:54.386Z,3.00,0.00,2,0.00,0.00,0.00,0.00,0.00
2026-07-15T11:33:55.387Z,3.00,1.00,3,47579.14,47579.14,47579.14,47579.14,47579.14
2026-07-15T11:33:56.387Z,3.00,0.00,3,0.00,0.00,0.00,0.00,0.00
2026-07-15T11:33:57.387Z,3.00,1.00,2,30048.26,30048.26,30048.26,30048.26,30048.26
2026-07-15T11:33:58.387Z,3.00,6.00,0,29163.52,30031.87,30031.87,30031.87,30031.87
2026-07-15T11:33:59.387Z,3.00,9.00,0,29982.72,100270.08,100270.08,100270.08,100270.08
2026-07-15T11:34:00.387Z,3.00,0.00,1,0.00,0.00,0.00,0.00,0.00
2026-07-15T11:34:01.387Z,3.00,1.00,0,30867.46,30867.46,30867.46,30867.46,30867.46
2026-07-15T11:34:02.387Z,3.00,0.00,1,0.00,0.00,0.00,0.00,0.00
2026-07-15T11:34:03.387Z,3.00,0.00,0,0.00,0.00,0.00,0.00,0.00
2026-07-15T11:34:04.387Z,3.00,0.00,3,0.00,0.00,0.00,0.00,0.00
2026-07-15T11:34:05.386Z,3.00,0.00,3,0.00,0.00,0.00,0.00,0.00
2026-07-15T11:34:06.387Z,3.00,1.00,2,32784.38,32784.38,32784.38,32784.38,32784.38
2026-07-15T11:34:07.387Z,3.00,0.00,3,0.00,0.00,0.00,0.00,0.00
2026-07-15T11:34:08.387Z,3.00,0.00,3,0.00,0.00,0.00,0.00,0.00
2026-07-15T11:34:09.387Z,3.00,1.00,3,37421.06,37421.06,37421.06,37421.06,37421.06
2026-07-15T11:34:10.387Z,3.00,0.00,3,0.00,0.00,0.00,0.00,0.00
2026-07-15T11:34:11.387Z,3.00,0.00,3,0.00,0.00,0.00,0.00,0.00
2026-07-15T11:34:12.387Z,3.00,1.00,2,38371.33,38371.33,38371.33,38371.33,38371.33
2026-07-15T11:34:13.387Z,3.00,0.00,3,0.00,0.00,0.00,0.00,0.00
2026-07-15T11:34:14.387Z,3.00,1.00,3,41353.22,41353.22,41353.22,41353.22,41353.22
2026-07-15T11:34:15.387Z,3.00,0.00,3,0.00,0.00,0.00,0.00,0.00
2026-07-15T11:34:16.387Z,3.00,0.00,3,0.00,0.00,0.00,0.00,0.00
2026-07-15T11:34:17.387Z,3.00,0.00,2,0.00,0.00,0.00,0.00,0.00
2026-07-15T11:34:18.387Z,3.00,0.00,3,0.00,0.00,0.00,0.00,0.00
2026-07-15T11:34:19.386Z,3.00,0.00,3,0.00,0.00,0.00,0.00,0.00
2026-07-15T11:34:20.387Z,3.00,1.00,3,33456.13,33456.13,33456.13,33456.13,33456.13
2026-07-15T11:34:21.387Z,3.00,1.00,1,45252.61,45252.61,45252.61,45252.61,45252.61
2026-07-15T11:34:22.387Z,3.00,1.00,1,30670.85,30670.85,30670.85,30670.85,30670.85
2026-07-15T11:34:23.387Z,3.00,0.00,3,0.00,0.00,0.00,0.00,0.00
2026-07-15T11:34:24.387Z,3.00,0.00,3,0.00,0.00,0.00,0.00,0.00
2026-07-15T11:34:25.387Z,3.00,0.00,3,0.00,0.00,0.00,0.00,0.00
2026-07-15T11:34:26.387Z,3.00,0.00,3,0.00,0.00,0.00,0.00,0.00
2026-07-15T11:34:27.387Z,3.00,0.00,3,0.00,0.00,0.00,0.00,0.00
2026-07-15T11:34:28.387Z,3.00,1.00,3,36274.18,36274.18,36274.18,36274.18,36274.18
2026-07-15T11:34:29.387Z,3.00,1.00,1,38600.70,38600.70,38600.70,38600.70,38600.70
2026-07-15T11:34:30.387Z,3.00,0.00,3,0.00,0.00,0.00,0.00,0.00
2026-07-15T11:34:31.387Z,3.00,2.00,2,30015.49,31981.57,31981.57,31981.57,31981.57
2026-07-15T11:34:32.387Z,3.00,2.00,0,30343.17,39583.74,39583.74,39583.74,39583.74
2026-07-15T11:34:33.387Z,3.00,1.00,3,34996.22,34996.22,34996.22,34996.22,34996.22
2026-07-15T11:34:34.387Z,3.00,0.00,2,0.00,0.00,0.00,0.00,0.00
2026-07-15T11:34:35.387Z,3.00,10.00,0,29392.90,33112.06,33112.06,33112.06,33112.06
2026-07-15T11:34:36.387Z,3.00,2.00,0,26787.84,28082.18,28082.18,28082.18,28082.18
2026-07-15T11:34:37.387Z,3.00,2.00,0,28295.17,28606.46,28606.46,28606.46,28606.46
2026-07-15T11:34:38.387Z,3.00,0.00,0,0.00,0.00,0.00,0.00,0.00
2026-07-15T11:34:39.386Z,3.00,0.00,0,0.00,0.00,0.00,0.00,0.00
2026-07-15T11:34:40.387Z,3.00,3.00,0,30277.63,30572.54,30572.54,30572.54,30572.54
2026-07-15T11:34:41.387Z,3.00,1.00,0,30031.87,30031.87,30031.87,30031.87,30031.87
2026-07-15T11:34:42.387Z,3.00,3.00,0,34504.70,34799.62,34799.62,34799.62,34799.62
2026-07-15T11:34:43.387Z,3.00,2.00,0,32964.61,33226.75,33226.75,33226.75,33226.75
2026-07-15T11:34:44.387Z,3.00,1.00,2,62291.97,62291.97,62291.97,62291.97,62291.97
2026-07-15T11:34:45.387Z,3.00,1.00,2,32047.10,32047.10,32047.10,32047.10,32047.10
2026-07-15T11:34:46.387Z,3.00,0.00,3,0.00,0.00,0.00,0.00,0.00
2026-07-15T11:34:47.387Z,3.00,0.00,3,0.00,0.00,0.00,0.00,0.00
2026-07-15T11:34:48.387Z,3.00,2.00,2,36208.64,36536.32,36536.32,36536.32,36536.32
2026-07-15T11:34:49.387Z,3.00,2.00,1,31277.06,36208.64,36208.64,36208.64,36208.64
2026-07-15T11:34:50.387Z,3.00,0.00,1,0.00,0.00,0.00,0.00,0.00
2026-07-15T11:34:51.387Z,3.00,1.00,3,37027.84,37027.84,37027.84,37027.84,37027.84
2026-07-15T11:34:52.387Z,3.00,0.00,3,0.00,0.00,0.00,0.00,0.00
2026-07-15T11:34:53.387Z,3.00,1.00,3,34832.38,34832.38,34832.38,34832.38,34832.38
2026-07-15T11:34:54.387Z,3.00,1.00,0,38469.63,38469.63,38469.63,38469.63,38469.63
2026-07-15T11:34:55.387Z,3.00,2.00,2,30081.02,35651.58,35651.58,35651.58,35651.58
2026-07-15T11:34:56.387Z,3.00,0.00,2,0.00,0.00,0.00,0.00,0.00
2026-07-15T11:34:57.387Z,3.00,1.00,3,38666.24,38666.24,38666.24,38666.24,38666.24
2026-07-15T11:34:58.387Z,3.00,2.00,1,29818.88,32030.72,32030.72,32030.72,32030.72
2026-07-15T11:34:59.387Z,3.00,5.00,1,35192.83,52133.89,52133.89,52133.89,52133.89
2026-07-15T11:35:00.387Z,3.00,4.00,0,29687.81,48398.34,48398.34,48398.34,48398.34
2026-07-15T11:35:01.387Z,3.00,4.00,0,32423.94,48726.02,48726.02,48726.02,48726.02
2026-07-15T11:35:02.387Z,3.00,6.00,0,30343.17,31260.67,31260.67,31260.67,31260.67
2026-07-15T11:35:03.387Z,3.00,3.00,1,28540.93,29229.06,29229.06,29229.06,29229.06
2026-07-15T11:35:04.387Z,3.00,0.00,0,0.00,0.00,0.00,0.00,0.00
2026-07-15T11:35:05.387Z,3.00,3.00,0,31064.06,31375.36,31375.36,31375.36,31375.36
2026-07-15T11:35:06.387Z,3.00,0.00,0,0.00,0.00,0.00,0.00,0.00
2026-07-15T11:35:07.387Z,3.00,0.00,1,0.00,0.00,0.00,0.00,0.00
2026-07-15T11:35:08.387Z,3.00,3.00,1,32686.08,33013.76,33013.76,33013.76,33013.76
2026-07-15T11:35:09.387Z,3.00,0.00,1,0.00,0.00,0.00,0.00,0.00
2026-07-15T11:35:10.387Z,3.00,0.00,3,0.00,0.00,0.00,0.00,0.00
2026-07-15T11:35:11.387Z,3.00,1.00,3,42401.79,42401.79,42401.79,42401.79,42401.79
2026-07-15T11:35:12.387Z,3.00,0.00,3,0.00,0.00,0.00,0.00,0.00
2026-07-15T11:35:13.387Z,3.00,6.00,2,35061.76,36896.77,36896.77,36896.77,36896.77
2026-07-15T11:35:14.387Z,3.00,1.00,1,28590.08,28590.08,28590.08,28590.08,28590.08
2026-07-15T11:35:15.387Z,3.00,0.00,1,0.00,0.00,0.00,0.00,0.00
2026-07-15T11:35:16.387Z,3.00,1.00,1,30162.94,30162.94,30162.94,30162.94,30162.94
2026-07-15T11:35:17.387Z,3.00,4.00,1,32636.93,33357.82,33357.82,33357.82,33357.82
2026-07-15T11:35:18.387Z,3.00,1.00,0,32096.26,32096.26,32096.26,32096.26,32096.26
2026-07-15T11:35:19.387Z,3.00,1.00,1,31932.42,31932.42,31932.42,31932.42,31932.42
2026-07-15T11:35:20.387Z,3.00,0.00,3,0.00,0.00,0.00,0.00,0.00
2026-07-15T11:35:21.387Z,3.00,1.00,2,32391.17,32391.17,32391.17,32391.17,32391.17
2026-07-15T11:35:22.387Z,3.00,1.00,1,34275.33,34275.33,34275.33,34275.33,34275.33
2026-07-15T11:35:23.387Z,3.00,3.00,3,31440.90,34439.17,34439.17,34439.17,34439.17
2026-07-15T11:35:24.387Z,3.00,0.00,0,0.00,0.00,0.00,0.00,0.00
2026-07-15T11:35:25.387Z,3.00,1.00,2,36503.55,36503.55,36503.55,36503.55,36503.55
2026-07-15T11:35:26.387Z,3.00,4.00,1,31866.88,34930.69,34930.69,34930.69,34930.69
2026-07-15T11:35:27.387Z,3.00,0.00,0,0.00,0.00,0.00,0.00,0.00
2026-07-15T11:35:28.387Z,3.00,1.00,3,31326.21,31326.21,31326.21,31326.21,31326.21
2026-07-15T11:35:29.387Z,3.00,0.00,2,0.00,0.00,0.00,0.00,0.00
2026-07-15T11:35:30.387Z,3.00,0.00,3,0.00,0.00,0.00,0.00,0.00
2026-07-15T11:35:31.387Z,3.00,0.00,3,0.00,0.00,0.00,0.00,0.00
2026-07-15T11:35:32.387Z,3.00,0.00,3,0.00,0.00,0.00,0.00,0.00
2026-07-15T11:35:33.387Z,3.00,1.00,2,34504.70,34504.70,34504.70,34504.70,34504.70
2026-07-15T11:35:34.387Z,3.00,14.00,1,28475.39,38699.01,38699.01,38699.01,38699.01
2026-07-15T11:35:35.387Z,3.00,3.00,0,27295.74,39354.37,39354.37,39354.37,39354.37
2026-07-15T11:35:36.386Z,3.00,0.00,0,0.00,0.00,0.00,0.00,0.00
2026-07-15T11:35:37.387Z,3.00,4.00,0,40271.87,40796.16,40796.16,40796.16,40796.16
2026-07-15T11:35:38.387Z,3.00,0.00,0,0.00,0.00,0.00,0.00,0.00
2026-07-15T11:35:39.387Z,3.00,0.00,0,0.00,0.00,0.00,0.00,0.00
2026-07-15T11:35:40.387Z,3.00,0.00,1,0.00,0.00,0.00,0.00,0.00
2026-07-15T11:35:41.387Z,3.00,0.00,1,0.00,0.00,0.00,0.00,0.00
2026-07-15T11:35:42.387Z,3.00,0.00,2,0.00,0.00,0.00,0.00,0.00
2026-07-15T11:35:43.387Z,3.00,6.00,3,31670.27,55934.98,55934.98,55934.98,55934.98
2026-07-15T11:35:44.387Z,3.00,3.00,0,34734.08,35389.44,35389.44,35389.44,35389.44
2026-07-15T11:35:45.387Z,3.00,2.00,0,28721.15,29360.13,29360.13,29360.13,29360.13
2026-07-15T11:35:46.387Z,3.00,0.00,1,0.00,0.00,0.00,0.00,0.00
2026-07-15T11:35:47.386Z,3.00,0.00,1,0.00,0.00,0.00,0.00,0.00
2026-07-15T11:35:48.386Z,3.00,0.00,3,0.00,0.00,0.00,0.00,0.00
2026-07-15T11:35:49.387Z,3.00,1.00,2,34340.86,34340.86,34340.86,34340.86,34340.86
2026-07-15T11:35:50.387Z,3.00,0.00,3,0.00,0.00,0.00,0.00,0.00
2026-07-15T11:35:51.387Z,3.00,0.00,3,0.00,0.00,0.00,0.00,0.00
2026-07-15T11:35:52.387Z,3.00,0.00,3,0.00,0.00,0.00,0.00,0.00
2026-07-15T11:35:53.387Z,3.00,3.00,2,36470.78,38797.31,38797.31,38797.31,38797.31
2026-07-15T11:35:54.387Z,3.00,1.00,1,38961.15,38961.15,38961.15,38961.15,38961.15
2026-07-15T11:35:55.387Z,3.00,1.00,1,36372.48,36372.48,36372.48,36372.48,36372.48
2026-07-15T11:35:56.387Z,3.00,0.00,3,0.00,0.00,0.00,0.00,0.00
2026-07-15T11:35:57.387Z,3.00,2.00,2,32538.62,33112.06,33112.06,33112.06,33112.06
2026-07-15T11:35:58.387Z,3.00,0.00,1,0.00,0.00,0.00,0.00,0.00
2026-07-15T11:35:59.387Z,3.00,1.00,3,33652.74,33652.74,33652.74,33652.74,33652.74
2026-07-15T11:36:00.387Z,3.00,0.00,3,0.00,0.00,0.00,0.00,0.00
2026-07-15T11:36:01.386Z,3.00,0.00,3,0.00,0.00,0.00,0.00,0.00
2026-07-15T11:36:02.387Z,3.00,0.00,3,0.00,0.00,0.00,0.00,0.00
2026-07-15T11:36:03.387Z,3.00,1.00,2,39550.98,39550.98,39550.98,39550.98,39550.98
2026-07-15T11:36:04.387Z,3.00,0.00,3,0.00,0.00,0.00,0.00,0.00
2026-07-15T11:36:05.387Z,3.00,2.00,2,37814.27,41353.22,41353.22,41353.22,41353.22
2026-07-15T11:36:06.386Z,3.00,0.00,3,0.00,0.00,0.00,0.00,0.00
2026-07-15T11:36:07.386Z,3.00,0.00,3,0.00,0.00,0.00,0.00,0.00
2026-07-15T11:36:08.387Z,3.00,1.00,3,40992.77,40992.77,40992.77,40992.77,40992.77
2026-07-15T11:36:09.387Z,3.00,0.00,2,0.00,0.00,0.00,0.00,0.00
2026-07-15T11:36:10.387Z,3.00,2.00,2,36700.16,63963.14,63963.14,63963.14,63963.14
2026-07-15T11:36:11.387Z,3.00,0.00,3,0.00,0.00,0.00,0.00,0.00
2026-07-15T11:36:12.387Z,3.00,1.00,3,99614.72,99614.72,99614.72,99614.72,99614.72
2026-07-15T11:36:13.386Z,3.00,0.00,2,0.00,0.00,0.00,0.00,0.00
2026-07-15T11:36:14.386Z,3.00,0.00,3,0.00,0.00,0.00,0.00,0.00
2026-07-15T11:36:15.387Z,3.00,3.00,3,39485.44,59473.92,59473.92,59473.92,59473.92
2026-07-15T11:36:16.387Z,3.00,2.00,1,30375.94,30720.00,30720.00,30720.00,30720.00
2026-07-15T11:36:17.387Z,3.00,0.00,1,0.00,0.00,0.00,0.00,0.00
2026-07-15T11:36:18.387Z,3.00,0.00,3,0.00,0.00,0.00,0.00,0.00
2026-07-15T11:36:19.387Z,3.00,5.00,2,32423.94,40665.09,40665.09,40665.09,40665.09
2026-07-15T11:36:20.387Z,3.00,0.00,0,0.00,0.00,0.00,0.00,0.00
2026-07-15T11:36:21.387Z,3.00,0.00,0,0.00,0.00,0.00,0.00,0.00
2026-07-15T11:36:22.387Z,3.00,1.00,3,93978.62,93978.62,93978.62,93978.62,93978.62
2026-07-15T11:36:23.387Z,3.00,0.00,3,0.00,0.00,0.00,0.00,0.00
2026-07-15T11:36:24.387Z,3.00,0.00,3,0.00,0.00,0.00,0.00,0.00
2026-07-15T11:36:25.387Z,3.00,1.00,2,33718.27,33718.27,33718.27,33718.27,33718.27
2026-07-15T11:36:26.387Z,3.00,2.00,3,36241.41,36569.09,36569.09,36569.09,36569.09
2026-07-15T11:36:27.386Z,3.00,0.00,2,0.00,0.00,0.00,0.00,0.00
2026-07-15T11:36:28.387Z,3.00,1.00,2,37257.22,37257.22,37257.22,37257.22,37257.22
2026-07-15T11:36:29.387Z,3.00,4.00,1,30867.46,32342.02,32342.02,32342.02,32342.02
2026-07-15T11:36:30.387Z,3.00,3.00,0,30490.62,35323.90,35323.90,35323.90,35323.90
2026-07-15T11:36:31.387Z,3.00,7.00,0,29376.51,30310.40,30310.40,30310.40,30310.40
2026-07-15T11:36:32.387Z,3.00,1.00,0,28180.48,28180.48,28180.48,28180.48,28180.48
2026-07-15T11:36:33.387Z,3.00,1.00,0,33783.81,33783.81,33783.81,33783.81,33783.81
2026-07-15T11:36:34.386Z,3.00,0.00,0,0.00,0.00,0.00,0.00,0.00
2026-07-15T11:36:35.387Z,3.00,9.99,0,29245.44,33816.58,33816.58,33816.58,33816.58
2026-07-15T11:36:36.386Z,3.00,0.00,0,0.00,0.00,0.00,0.00,0.00
2026-07-15T11:36:37.387Z,3.00,7.99,0,28524.54,29835.26,29835.26,29835.26,29835.26
2026-07-15T11:36:38.387Z,3.00,3.00,0,29179.90,36143.10,36143.10,36143.10,36143.10
2026-07-15T11:36:39.387Z,3.00,6.00,0,25264.13,33783.81,33783.81,33783.81,33783.81
2026-07-15T11:36:40.387Z,3.00,4.00,0,24821.76,29655.04,29655.04,29655.04,29655.04
2026-07-15T11:36:41.386Z,3.00,0.00,0,0.00,0.00,0.00,0.00,0.00
2026-07-15T11:36:42.386Z,3.00,0.00,0,0.00,0.00,0.00,0.00,0.00
2026-07-15T11:36:43.386Z,3.00,0.00,0,0.00,0.00,0.00,0.00,0.00
2026-07-15T11:36:44.387Z,3.00,3.00,0,30031.87,30932.99,30932.99,30932.99,30932.99
2026-07-15T11:36:45.386Z,3.00,0.00,0,0.00,0.00,0.00,0.00,0.00
2026-07-15T11:36:46.387Z,3.00,1.00,0,30015.49,30015.49,30015.49,30015.49,30015.49
2026-07-15T11:36:47.387Z,3.00,7.00,0,30932.99,36143.10,36143.10,36143.10,36143.10
2026-07-15T11:36:48.387Z,3.00,2.00,0,27688.96,28016.64,28016.64,28016.64,28016.64
2026-07-15T11:36:49.387Z,3.00,0.00,1,0.00,0.00,0.00,0.00,0.00
2026-07-15T11:36:50.387Z,3.00,7.00,0,29360.13,33144.83,33144.83,33144.83,33144.83
2026-07-15T11:36:51.386Z,3.00,0.00,0,0.00,0.00,0.00,0.00,0.00
2026-07-15T11:36:52.387Z,3.00,3.00,0,30982.14,31326.21,31326.21,31326.21,31326.21
2026-07-15T11:36:53.387Z,3.00,6.00,0,29409.28,66027.52,66027.52,66027.52,66027.52
2026-07-15T11:36:54.387Z,3.00,0.00,0,0.00,0.00,0.00,0.00,0.00
2026-07-15T11:36:55.387Z,3.00,2.00,0,30965.76,35815.42,35815.42,35815.42,35815.42
2026-07-15T11:36:56.387Z,3.00,2.00,1,30670.85,30982.14,30982.14,30982.14,30982.14
2026-07-15T11:36:57.387Z,3.00,3.00,0,29638.66,31309.82,31309.82,31309.82,31309.82
2026-07-15T11:36:58.387Z,3.00,3.00,0,30556.16,33505.28,33505.28,33505.28,33505.28
2026-07-15T11:36:59.387Z,3.00,0.00,0,0.00,0.00,0.00,0.00,0.00
2026-07-15T11:37:00.387Z,0.00,0.00,0,0.00,0.00,0.00,0.00,0.00
2026-07-15T11:37:01.387Z,2.00,2.00,0,34373.63,34701.31,34701.31,34701.31,34701.31
2026-07-15T11:37:02.387Z,2.00,1.00,1,46923.78,46923.78,46923.78,46923.78,46923.78
2026-07-15T11:37:03.387Z,5.00,2.00,3,31883.26,32210.94,32210.94,32210.94,32210.94
2026-07-15T11:37:04.386Z,3.00,0.00,3,0.00,0.00,0.00,0.00,0.00
2026-07-15T11:37:05.387Z,5.99,4.00,3,35946.50,36929.54,36929.54,36929.54,36929.54
2026-07-15T11:37:06.387Z,3.00,5.00,3,28393.47,38240.26,38240.26,38240.26,38240.26
2026-07-15T11:37:07.387Z,3.00,0.00,1,0.00,0.00,0.00,0.00,0.00
2026-07-15T11:37:08.387Z,3.00,0.00,1,0.00,0.00,0.00,0.00,0.00
2026-07-15T11:37:09.387Z,3.00,7.00,3,28950.53,101580.80,101580.80,101580.80,101580.80
2026-07-15T11:37:10.387Z,3.00,5.00,1,27475.97,28049.41,28049.41,28049.41,28049.41
2026-07-15T11:37:11.387Z,3.00,18.00,1,25362.43,41746.43,41746.43,41746.43,41746.43
2026-07-15T11:37:12.387Z,3.00,2.00,0,21544.96,28098.56,28098.56,28098.56,28098.56
2026-07-15T11:37:13.387Z,3.00,7.00,0,22233.09,23805.95,23805.95,23805.95,23805.95
2026-07-15T11:37:14.387Z,3.00,5.00,1,21479.42,61636.61,61636.61,61636.61,61636.61
2026-07-15T11:37:15.387Z,3.00,5.00,0,20611.07,35848.19,35848.19,35848.19,35848.19
2026-07-15T11:37:16.387Z,3.00,1.00,0,22249.47,22249.47,22249.47,22249.47,22249.47
2026-07-15T11:37:17.387Z,3.00,0.00,0,0.00,0.00,0.00,0.00,0.00
2026-07-15T11:37:18.386Z,3.00,0.00,0,0.00,0.00,0.00,0.00,0.00
2026-07-15T11:37:19.387Z,3.00,4.00,0,23052.29,24707.07,24707.07,24707.07,24707.07
2026-07-15T11:37:20.387Z,3.00,2.00,0,22970.37,26263.55,26263.55,26263.55,26263.55
2026-07-15T11:37:21.387Z,3.00,1.00,0,50135.04,50135.04,50135.04,50135.04,50135.04
2026-07-15T11:37:22.387Z,3.00,0.00,0,0.00,0.00,0.00,0.00,0.00
2026-07-15T11:37:23.387Z,3.00,1.00,0,24100.86,24100.86,24100.86,24100.86,24100.86
2026-07-15T11:37:24.387Z,3.00,0.00,0,0.00,0.00,0.00,0.00,0.00
2026-07-15T11:37:25.387Z,3.00,1.00,1,22822.91,22822.91,22822.91,22822.91,22822.91
2026-07-15T11:37:26.387Z,3.00,1.00,0,27590.66,27590.66,27590.66,27590.66,27590.66
2026-07-15T11:37:27.387Z,3.00,1.00,0,29949.95,29949.95,29949.95,29949.95,29949.95
2026-07-15T11:37:28.387Z,3.00,0.00,2,0.00,0.00,0.00,0.00,0.00
2026-07-15T11:37:29.387Z,3.00,1.00,0,31997.95,31997.95,31997.95,31997.95,31997.95
2026-07-15T11:37:30.387Z,3.00,3.00,0,28409.86,30392.32,30392.32,30392.32,30392.32
2026-07-15T11:37:31.387Z,3.00,3.00,1,28557.31,100859.90,100859.90,100859.90,100859.90
2026-07-15T11:37:32.387Z,3.00,1.00,0,29261.82,29261.82,29261.82,29261.82,29261.82
2026-07-15T11:37:33.387Z,3.00,4.00,0,28246.02,40534.02,40534.02,40534.02,40534.02
2026-07-15T11:37:34.387Z,3.00,0.00,1,0.00,0.00,0.00,0.00,0.00
2026-07-15T11:37:35.387Z,3.00,1.00,2,32800.77,32800.77,32800.77,32800.77,32800.77
2026-07-15T11:37:36.387Z,3.00,0.00,1,0.00,0.00,0.00,0.00,0.00
2026-07-15T11:37:37.386Z,3.00,0.00,0,0.00,0.00,0.00,0.00,0.00
2026-07-15T11:37:38.387Z,3.00,0.00,2,0.00,0.00,0.00,0.00,0.00
2026-07-15T11:37:39.387Z,3.00,0.00,3,0.00,0.00,0.00,0.00,0.00
2026-07-15T11:37:40.387Z,3.00,1.00,3,32686.08,32686.08,32686.08,32686.08,32686.08
2026-07-15T11:37:41.387Z,3.00,1.00,2,36667.39,36667.39,36667.39,36667.39,36667.39
2026-07-15T11:37:42.387Z,3.00,0.00,2,0.00,0.00,0.00,0.00,0.00
2026-07-15T11:37:43.387Z,3.00,0.00,3,0.00,0.00,0.00,0.00,0.00
2026-07-15T11:37:44.387Z,3.00,1.00,3,33816.58,33816.58,33816.58,33816.58,33816.58
2026-07-15T11:37:45.387Z,3.00,1.00,1,38207.49,38207.49,38207.49,38207.49,38207.49
2026-07-15T11:37:46.386Z,3.00,0.00,3,0.00,0.00,0.00,0.00,0.00
2026-07-15T11:37:47.386Z,3.00,0.00,3,0.00,0.00,0.00,0.00,0.00
2026-07-15T11:37:48.387Z,3.00,3.00,2,40632.32,40927.23,40927.23,40927.23,40927.23
2026-07-15T11:37:49.387Z,3.00,2.00,1,33783.81,59736.06,59736.06,59736.06,59736.06
2026-07-15T11:37:50.387Z,3.00,1.00,3,44236.80,44236.80,44236.80,44236.80,44236.80
2026-07-15T11:37:51.387Z,3.00,12.00,0,29507.58,33144.83,33144.83,33144.83,33144.83
2026-07-15T11:37:52.387Z,3.00,5.00,0,26460.16,29179.90,29179.90,29179.90,29179.90
2026-07-15T11:37:53.387Z,3.00,3.00,0,26312.70,29229.06,29229.06,29229.06,29229.06
2026-07-15T11:37:54.387Z,3.00,1.00,0,27836.42,27836.42,27836.42,27836.42,27836.42
2026-07-15T11:37:55.386Z,3.00,0.00,1,0.00,0.00,0.00,0.00,0.00
2026-07-15T11:37:56.387Z,3.00,1.00,0,27525.12,27525.12,27525.12,27525.12,27525.12
2026-07-15T11:37:57.387Z,3.00,1.00,0,28229.63,28229.63,28229.63,28229.63,28229.63
2026-07-15T11:37:58.387Z,3.00,1.00,0,97386.50,97386.50,97386.50,97386.50,97386.50
2026-07-15T11:37:59.386Z,3.00,0.00,0,0.00,0.00,0.00,0.00,0.00
2026-07-15T11:38:00.387Z,3.00,0.00,2,0.00,0.00,0.00,0.00,0.00
2026-07-15T11:38:01.387Z,3.00,4.00,3,33079.30,33718.27,33718.27,33718.27,33718.27
2026-07-15T11:38:02.386Z,3.00,0.00,0,0.00,0.00,0.00,0.00,0.00
2026-07-15T11:38:03.387Z,3.00,1.00,1,48168.96,48168.96,48168.96,48168.96,48168.96
2026-07-15T11:38:04.387Z,3.00,8.00,1,31211.52,35127.30,35127.30,35127.30,35127.30
2026-07-15T11:38:05.386Z,3.00,0.00,0,0.00,0.00,0.00,0.00,0.00
2026-07-15T11:38:06.386Z,3.00,0.00,1,0.00,0.00,0.00,0.00,0.00
2026-07-15T11:38:07.387Z,3.00,0.00,3,0.00,0.00,0.00,0.00,0.00
2026-07-15T11:38:08.387Z,3.00,1.00,2,31358.98,31358.98,31358.98,31358.98,31358.98
2026-07-15T11:38:09.386Z,3.00,0.00,3,0.00,0.00,0.00,0.00,0.00
2026-07-15T11:38:10.387Z,3.00,3.00,1,34471.94,34734.08,34734.08,34734.08,34734.08
2026-07-15T11:38:11.386Z,3.00,0.00,2,0.00,0.00,0.00,0.00,0.00
2026-07-15T11:38:12.386Z,3.00,0.00,3,0.00,0.00,0.00,0.00,0.00
2026-07-15T11:38:13.387Z,3.00,0.00,2,0.00,0.00,0.00,0.00,0.00
2026-07-15T11:38:14.387Z,3.00,2.00,2,30343.17,33783.81,33783.81,33783.81,33783.81
2026-07-15T11:38:15.387Z,3.00,1.00,1,49315.84,49315.84,49315.84,49315.84,49315.84
2026-07-15T11:38:16.387Z,3.00,0.00,3,0.00,0.00,0.00,0.00,0.00
2026-07-15T11:38:17.387Z,3.00,2.00,2,32669.70,33685.50,33685.50,33685.50,33685.50
2026-07-15T11:38:18.387Z,3.00,0.00,1,0.00,0.00,0.00,0.00,0.00
2026-07-15T11:38:19.386Z,3.00,0.00,3,0.00,0.00,0.00,0.00,0.00
2026-07-15T11:38:20.387Z,3.00,5.00,1,39682.05,44630.02,44630.02,44630.02,44630.02
2026-07-15T11:38:21.387Z,3.00,2.00,0,33587.20,34177.02,34177.02,34177.02,34177.02
2026-07-15T11:38:22.386Z,3.00,0.00,0,0.00,0.00,0.00,0.00,0.00
2026-07-15T11:38:23.387Z,3.00,1.00,2,32096.26,32096.26,32096.26,32096.26,32096.26
2026-07-15T11:38:24.387Z,3.00,0.00,3,0.00,0.00,0.00,0.00,0.00
2026-07-15T11:38:25.387Z,3.00,5.00,3,34865.15,35520.51,35520.51,35520.51,35520.51
2026-07-15T11:38:26.386Z,3.00,0.00,3,0.00,0.00,0.00,0.00,0.00
2026-07-15T11:38:27.386Z,3.00,0.00,0,0.00,0.00,0.00,0.00,0.00
2026-07-15T11:38:28.386Z,3.00,0.00,2,0.00,0.00,0.00,0.00,0.00
2026-07-15T11:38:29.386Z,3.00,0.00,3,0.00,0.00,0.00,0.00,0.00
2026-07-15T11:38:30.387Z,3.00,3.00,2,32456.70,66125.82,66125.82,66125.82,66125.82
2026-07-15T11:38:31.387Z,3.00,2.00,1,39452.67,39780.35,39780.35,39780.35,39780.35
2026-07-15T11:38:32.387Z,3.00,4.00,2,31948.80,40632.32,40632.32,40632.32,40632.32
2026-07-15T11:38:33.387Z,3.00,2.00,0,29818.88,30425.09,30425.09,30425.09,30425.09
2026-07-15T11:38:34.386Z,3.00,0.00,0,0.00,0.00,0.00,0.00,0.00
2026-07-15T11:38:35.387Z,3.00,1.00,2,30703.62,30703.62,30703.62,30703.62,30703.62
2026-07-15T11:38:36.387Z,3.00,0.00,3,0.00,0.00,0.00,0.00,0.00
2026-07-15T11:38:37.386Z,3.00,0.00,3,0.00,0.00,0.00,0.00,0.00
2026-07-15T11:38:38.387Z,3.00,2.00,1,36798.46,45449.22,45449.22,45449.22,45449.22
2026-07-15T11:38:39.387Z,3.00,3.00,0,30785.54,35815.42,35815.42,35815.42,35815.42
2026-07-15T11:38:40.387Z,3.00,3.00,1,36634.62,66551.81,66551.81,66551.81,66551.81
2026-07-15T11:38:41.387Z,3.00,6.00,0,29474.82,30441.47,30441.47,30441.47,30441.47
2026-07-15T11:38:42.387Z,3.00,1.00,0,32915.46,32915.46,32915.46,32915.46,32915.46
2026-07-15T11:38:43.386Z,3.00,0.00,0,0.00,0.00,0.00,0.00,0.00
2026-07-15T11:38:44.386Z,3.00,0.00,3,0.00,0.00,0.00,0.00,0.00
2026-07-15T11:38:45.386Z,3.00,0.00,3,0.00,0.00,0.00,0.00,0.00
2026-07-15T11:38:46.387Z,3.00,4.00,3,33439.74,34078.72,34078.72,34078.72,34078.72
2026-07-15T11:38:47.387Z,3.00,1.00,1,43253.76,43253.76,43253.76,43253.76,43253.76
2026-07-15T11:38:48.386Z,3.00,0.00,1,0.00,0.00,0.00,0.00,0.00
2026-07-15T11:38:49.386Z,3.00,0.00,3,0.00,0.00,0.00,0.00,0.00
2026-07-15T11:38:50.386Z,3.00,0.00,3,0.00,0.00,0.00,0.00,0.00
2026-07-15T11:38:51.387Z,3.00,2.00,3,33030.14,46661.63,46661.63,46661.63,46661.63
2026-07-15T11:38:52.387Z,3.00,0.00,3,0.00,0.00,0.00,0.00,0.00
2026-07-15T11:38:53.387Z,3.00,2.00,3,43974.66,44335.10,44335.10,44335.10,44335.10
2026-07-15T11:38:54.387Z,3.00,2.00,0,35684.35,40370.18,40370.18,40370.18,40370.18
2026-07-15T11:38:55.387Z,3.00,0.00,2,0.00,0.00,0.00,0.00,0.00
2026-07-15T11:38:56.387Z,3.00,2.00,1,31981.57,32325.63,32325.63,32325.63,32325.63
2026-07-15T11:38:57.386Z,3.00,0.00,2,0.00,0.00,0.00,0.00,0.00
2026-07-15T11:38:58.387Z,3.00,0.00,3,0.00,0.00,0.00,0.00,0.00
2026-07-15T11:38:59.387Z,3.00,1.00,2,32702.46,32702.46,32702.46,32702.46,32702.46
2026-07-15T11:39:00.387Z,3.00,2.00,2,34963.46,35586.05,35586.05,35586.05,35586.05
2026-07-15T11:39:01.387Z,3.00,2.00,2,31244.29,34734.08,34734.08,34734.08,34734.08
2026-07-15T11:39:02.387Z,3.00,1.00,1,30703.62,30703.62,30703.62,30703.62,30703.62
2026-07-15T11:39:03.386Z,3.00,0.00,2,0.00,0.00,0.00,0.00,0.00
2026-07-15T11:39:04.387Z,3.00,3.00,3,32325.63,64290.82,64290.82,64290.82,64290.82
2026-07-15T11:39:05.387Z,3.00,0.00,1,0.00,0.00,0.00,0.00,0.00
2026-07-15T11:39:06.387Z,3.00,1.00,2,49184.77,49184.77,49184.77,49184.77,49184.77
2026-07-15T11:39:07.387Z,3.00,3.00,0,31539.20,31866.88,31866.88,31866.88,31866.88
2026-07-15T11:39:08.387Z,3.00,0.00,1,0.00,0.00,0.00,0.00,0.00
2026-07-15T11:39:09.387Z,3.00,0.00,3,0.00,0.00,0.00,0.00,0.00
2026-07-15T11:39:10.387Z,3.00,1.00,2,37748.74,37748.74,37748.74,37748.74,37748.74
2026-07-15T11:39:11.387Z,3.00,1.00,2,34144.26,34144.26,34144.26,34144.26,34144.26
2026-07-15T11:39:12.387Z,3.00,4.00,2,34504.70,43024.38,43024.38,43024.38,43024.38
2026-07-15T11:39:13.387Z,3.00,0.00,0,0.00,0.00,0.00,0.00,0.00
2026-07-15T11:39:14.387Z,3.00,0.00,2,0.00,0.00,0.00,0.00,0.00
2026-07-15T11:39:15.387Z,3.00,1.00,2,32342.02,32342.02,32342.02,32342.02,32342.02
2026-07-15T11:39:16.387Z,3.00,1.00,1,36208.64,36208.64,36208.64,36208.64,36208.64
2026-07-15T11:39:17.387Z,3.00,6.00,1,31047.68,36241.41,36241.41,36241.41,36241.41
2026-07-15T11:39:18.386Z,3.00,0.00,0,0.00,0.00,0.00,0.00,0.00
2026-07-15T11:39:19.387Z,3.00,6.99,1,29523.97,35749.89,35749.89,35749.89,35749.89
2026-07-15T11:39:20.387Z,3.00,20.00,0,26902.53,33751.04,36405.25,36405.25,36405.25
2026-07-15T11:39:21.387Z,3.00,2.00,0,28852.22,29147.14,29147.14,29147.14,29147.14
2026-07-15T11:39:22.387Z,3.00,1.00,0,45580.29,45580.29,45580.29,45580.29,45580.29
2026-07-15T11:39:23.387Z,3.00,6.00,0,25280.51,26230.78,26230.78,26230.78,26230.78
2026-07-15T11:39:24.387Z,3.00,0.00,0,0.00,0.00,0.00,0.00,0.00
2026-07-15T11:39:25.387Z,3.00,2.00,0,24100.86,24428.54,24428.54,24428.54,24428.54
2026-07-15T11:39:26.387Z,3.00,0.00,0,0.00,0.00,0.00,0.00,0.00
2026-07-15T11:39:27.387Z,3.00,1.00,0,25280.51,25280.51,25280.51,25280.51,25280.51
2026-07-15T11:39:28.387Z,3.00,0.00,0,0.00,0.00,0.00,0.00,0.00
2026-07-15T11:39:29.387Z,3.00,1.00,1,28327.94,28327.94,28327.94,28327.94,28327.94
2026-07-15T11:39:30.387Z,3.00,3.00,1,27688.96,31850.50,31850.50,31850.50,31850.50
2026-07-15T11:39:31.387Z,3.00,0.00,0,0.00,0.00,0.00,0.00,0.00
2026-07-15T11:39:32.387Z,3.00,7.00,0,28803.07,33161.22,33161.22,33161.22,33161.22
2026-07-15T11:39:33.387Z,3.00,0.00,0,0.00,0.00,0.00,0.00,0.00
2026-07-15T11:39:34.387Z,3.00,6.00,0,26771.46,28999.68,28999.68,28999.68,28999.68
2026-07-15T11:39:35.387Z,3.00,2.00,1,28409.86,28737.54,28737.54,28737.54,28737.54
2026-07-15T11:39:36.387Z,3.00,1.00,0,26361.86,26361.86,26361.86,26361.86,26361.86
2026-07-15T11:39:37.387Z,3.00,5.00,0,28409.86,70451.20,70451.20,70451.20,70451.20
2026-07-15T11:39:38.386Z,3.00,0.00,0,0.00,0.00,0.00,0.00,0.00
2026-07-15T11:39:39.386Z,3.00,0.00,0,0.00,0.00,0.00,0.00,0.00
2026-07-15T11:39:40.387Z,3.00,1.00,0,30113.79,30113.79,30113.79,30113.79,30113.79
2026-07-15T11:39:41.387Z,3.00,1.00,1,44990.46,44990.46,44990.46,44990.46,44990.46
2026-07-15T11:39:42.387Z,3.00,0.00,1,0.00,0.00,0.00,0.00,0.00
2026-07-15T11:39:43.386Z,3.00,0.00,2,0.00,0.00,0.00,0.00,0.00
2026-07-15T11:39:44.387Z,3.00,1.00,2,33177.60,33177.60,33177.60,33177.60,33177.60
2026-07-15T11:39:45.387Z,3.00,2.00,2,33718.27,38764.54,38764.54,38764.54,38764.54
2026-07-15T11:39:46.387Z,3.00,0.00,3,0.00,0.00,0.00,0.00,0.00
2026-07-15T11:39:47.387Z,3.00,0.00,3,0.00,0.00,0.00,0.00,0.00
2026-07-15T11:39:48.387Z,3.00,2.00,1,35487.74,36306.94,36306.94,36306.94,36306.94
2026-07-15T11:39:49.387Z,3.00,0.00,2,0.00,0.00,0.00,0.00,0.00
2026-07-15T11:39:50.387Z,3.00,2.00,2,31752.19,32079.87,32079.87,32079.87,32079.87
2026-07-15T11:39:51.387Z,3.00,2.00,1,32194.56,50528.26,50528.26,50528.26,50528.26
2026-07-15T11:39:52.387Z,3.00,7.00,3,31555.58,69599.23,69599.23,69599.23,69599.23
2026-07-15T11:39:53.387Z,3.00,4.00,0,29245.44,29573.12,29573.12,29573.12,29573.12
2026-07-15T11:39:54.387Z,3.00,8.00,0,27688.96,28934.14,28934.14,28934.14,28934.14
2026-07-15T11:39:55.386Z,3.00,0.00,0,0.00,0.00,0.00,0.00,0.00
2026-07-15T11:39:56.387Z,3.00,3.00,0,40861.70,41877.50,41877.50,41877.50,41877.50
2026-07-15T11:39:57.386Z,3.00,0.00,0,0.00,0.00,0.00,0.00,0.00
2026-07-15T11:39:58.387Z,3.00,2.00,0,27918.34,29835.26,29835.26,29835.26,29835.26
2026-07-15T11:39:59.387Z,3.00,5.00,0,30130.18,30769.15,30769.15,30769.15,30769.15
2026-07-15T11:40:00.387Z,3.00,7.00,0,26378.24,29458.43,29458.43,29458.43,29458.43
2026-07-15T11:40:01.386Z,3.00,0.00,0,0.00,0.00,0.00,0.00,0.00
2026-07-15T11:40:02.387Z,3.00,1.00,1,56197.12,56197.12,56197.12,56197.12,56197.12
2026-07-15T11:40:03.387Z,3.00,0.00,0,0.00,0.00,0.00,0.00,0.00
2026-07-15T11:40:04.387Z,3.00,2.00,0,32800.77,39124.99,39124.99,39124.99,39124.99
2026-07-15T11:40:05.387Z,3.00,10.00,0,28672.00,33275.90,33275.90,33275.90,33275.90
2026-07-15T11:40:06.387Z,3.00,1.00,1,31604.74,31604.74,31604.74,31604.74,31604.74
2026-07-15T11:40:07.387Z,3.00,4.00,0,25165.82,31342.59,31342.59,31342.59,31342.59
2026-07-15T11:40:08.386Z,3.00,0.00,0,0.00,0.00,0.00,0.00,0.00
2026-07-15T11:40:09.387Z,3.00,1.00,0,31293.44,31293.44,31293.44,31293.44,31293.44
2026-07-15T11:40:10.387Z,3.00,6.00,0,30031.87,31014.91,31014.91,31014.91,31014.91
2026-07-15T11:40:11.387Z,3.00,3.00,2,27377.66,27688.96,27688.96,27688.96,27688.96
2026-07-15T11:40:12.387Z,3.00,0.00,0,0.00,0.00,0.00,0.00,0.00
2026-07-15T11:40:13.386Z,3.00,0.00,0,0.00,0.00,0.00,0.00,0.00
2026-07-15T11:40:14.387Z,3.00,2.00,0,31440.90,31686.66,31686.66,31686.66,31686.66
2026-07-15T11:40:15.387Z,3.00,4.00,0,28360.70,62980.10,62980.10,62980.10,62980.10
2026-07-15T11:40:16.387Z,3.00,4.00,0,31637.50,32260.10,32260.10,32260.10,32260.10
2026-07-15T11:40:17.387Z,3.00,9.00,1,27721.73,67960.83,67960.83,67960.83,67960.83
2026-07-15T11:40:18.387Z,3.00,9.00,0,25772.03,27049.98,27049.98,27049.98,27049.98
2026-07-15T11:40:19.387Z,3.00,2.00,0,22528.00,30130.18,30130.18,30130.18,30130.18
2026-07-15T11:40:20.386Z,3.00,0.00,0,0.00,0.00,0.00,0.00,0.00
2026-07-15T11:40:21.386Z,3.00,0.00,0,0.00,0.00,0.00,0.00,0.00
2026-07-15T11:40:22.387Z,3.00,3.00,1,28033.02,28360.70,28360.70,28360.70,28360.70
2026-07-15T11:40:23.386Z,3.00,0.00,0,0.00,0.00,0.00,0.00,0.00
2026-07-15T11:40:24.387Z,3.00,1.00,0,35618.82,35618.82,35618.82,35618.82,35618.82
2026-07-15T11:40:25.387Z,3.00,1.00,0,28508.16,28508.16,28508.16,28508.16,28508.16
2026-07-15T11:40:26.387Z,3.00,0.00,1,0.00,0.00,0.00,0.00,0.00
2026-07-15T11:40:27.387Z,3.00,2.00,0,31932.42,32243.71,32243.71,32243.71,32243.71
2026-07-15T11:40:28.387Z,3.00,0.00,1,0.00,0.00,0.00,0.00,0.00
2026-07-15T11:40:29.387Z,3.00,2.00,1,33619.97,46825.47,46825.47,46825.47,46825.47
2026-07-15T11:40:30.386Z,3.00,0.00,2,0.00,0.00,0.00,0.00,0.00
2026-07-15T11:40:31.386Z,3.00,0.00,3,0.00,0.00,0.00,0.00,0.00
2026-07-15T11:40:32.387Z,3.00,2.00,1,33374.21,34701.31,34701.31,34701.31,34701.31
2026-07-15T11:40:33.386Z,3.00,0.00,3,0.00,0.00,0.00,0.00,0.00
2026-07-15T11:40:34.387Z,3.00,0.00,3,0.00,0.00,0.00,0.00,0.00
2026-07-15T11:40:35.387Z,3.00,0.00,3,0.00,0.00,0.00,0.00,0.00
2026-07-15T11:40:36.386Z,3.00,0.00,3,0.00,0.00,0.00,0.00,0.00
2026-07-15T11:40:37.387Z,3.00,3.00,3,35618.82,37945.34,37945.34,37945.34,37945.34
2026-07-15T11:40:38.387Z,3.00,5.00,1,38699.01,40337.41,40337.41,40337.41,40337.41
2026-07-15T11:40:39.387Z,3.00,6.00,2,28180.48,30425.09,30425.09,30425.09,30425.09
2026-07-15T11:40:40.387Z,3.00,2.00,2,27426.82,27754.50,27754.50,27754.50,27754.50
2026-07-15T11:40:41.386Z,3.00,0.00,0,0.00,0.00,0.00,0.00,0.00
2026-07-15T11:40:42.386Z,3.00,0.00,0,0.00,0.00,0.00,0.00,0.00
2026-07-15T11:40:43.387Z,3.00,0.00,0,0.00,0.00,0.00,0.00,0.00
2026-07-15T11:40:44.387Z,3.00,2.00,0,30130.18,31129.60,31129.60,31129.60,31129.60
2026-07-15T11:40:45.387Z,3.00,3.00,2,31981.57,67305.47,67305.47,67305.47,67305.47
2026-07-15T11:40:46.387Z,3.00,1.00,0,31768.58,31768.58,31768.58,31768.58,31768.58
2026-07-15T11:40:47.386Z,3.00,0.00,3,0.00,0.00,0.00,0.00,0.00
2026-07-15T11:40:48.387Z,3.00,5.00,1,29687.81,33259.52,33259.52,33259.52,33259.52
2026-07-15T11:40:49.387Z,3.00,3.00,0,33210.37,61407.23,61407.23,61407.23,61407.23
2026-07-15T11:40:50.387Z,3.00,13.00,0,28196.86,33357.82,33357.82,33357.82,33357.82
2026-07-15T11:40:51.387Z,3.00,4.00,1,26034.18,26689.54,26689.54,26689.54,26689.54
2026-07-15T11:40:52.387Z,3.00,3.00,0,25018.37,32620.54,32620.54,32620.54,32620.54
2026-07-15T11:40:53.387Z,3.00,0.00,0,0.00,0.00,0.00,0.00,0.00
2026-07-15T11:40:54.387Z,3.00,0.00,0,0.00,0.00,0.00,0.00,0.00
2026-07-15T11:40:55.387Z,3.00,2.00,0,26836.99,27164.67,27164.67,27164.67,27164.67
2026-07-15T11:40:56.387Z,3.00,0.00,0,0.00,0.00,0.00,0.00,0.00
2026-07-15T11:40:57.387Z,3.00,8.00,1,28508.16,45514.75,45514.75,45514.75,45514.75
2026-07-15T11:40:58.387Z,3.00,6.00,0,28033.02,31981.57,31981.57,31981.57,31981.57
2026-07-15T11:40:59.387Z,3.00,0.00,0,0.00,0.00,0.00,0.00,0.00
2026-07-15T11:41:00.387Z,3.00,3.00,0,25837.57,27623.42,27623.42,27623.42,27623.42
2026-07-15T11:41:01.387Z,3.00,0.00,0,0.00,0.00,0.00,0.00,0.00
2026-07-15T11:41:02.387Z,3.00,6.00,0,28540.93,30720.00,30720.00,30720.00,30720.00
2026-07-15T11:41:03.387Z,3.00,16.00,0,23855.10,29032.45,29032.45,29032.45,29032.45
2026-07-15T11:41:04.387Z,3.00,3.00,0,26198.02,28524.54,28524.54,28524.54,28524.54
2026-07-15T11:41:05.387Z,3.00,1.00,0,20611.07,20611.07,20611.07,20611.07,20611.07
2026-07-15T11:41:06.387Z,3.00,1.00,0,21250.05,21250.05,21250.05,21250.05,21250.05
2026-07-15T11:41:07.387Z,3.00,3.00,0,28819.46,29114.37,29114.37,29114.37,29114.37
2026-07-15T11:41:08.387Z,3.00,7.00,0,22331.39,69468.16,69468.16,69468.16,69468.16
2026-07-15T11:41:09.387Z,3.00,3.00,0,26001.41,26329.09,26329.09,26329.09,26329.09
2026-07-15T11:41:10.387Z,3.00,0.00,0,0.00,0.00,0.00,0.00,0.00
2026-07-15T11:41:11.387Z,3.00,0.00,0,0.00,0.00,0.00,0.00,0.00
2026-07-15T11:41:12.387Z,3.00,0.00,0,0.00,0.00,0.00,0.00,0.00
2026-07-15T11:41:13.387Z,3.00,1.00,0,33751.04,33751.04,33751.04,33751.04,33751.04
2026-07-15T11:41:14.387Z,3.00,11.00,0,23838.72,28360.70,28360.70,28360.70,28360.70
2026-07-15T11:41:15.387Z,3.00,2.00,0,21676.03,31539.20,31539.20,31539.20,31539.20
2026-07-15T11:41:16.387Z,3.00,0.00,0,0.00,0.00,0.00,0.00,0.00
2026-07-15T11:41:17.387Z,3.00,0.00,0,0.00,0.00,0.00,0.00,0.00
2026-07-15T11:41:18.387Z,3.00,0.00,1,0.00,0.00,0.00,0.00,0.00
2026-07-15T11:41:19.387Z,3.00,0.00,0,0.00,0.00,0.00,0.00,0.00
2026-07-15T11:41:20.387Z,3.00,0.00,1,0.00,0.00,0.00,0.00,0.00
2026-07-15T11:41:21.387Z,3.00,2.00,0,32473.09,34144.26,34144.26,34144.26,34144.26
2026-07-15T11:41:22.387Z,3.00,4.00,0,26230.78,32473.09,32473.09,32473.09,32473.09
2026-07-15T11:41:23.387Z,3.00,0.00,0,0.00,0.00,0.00,0.00,0.00
2026-07-15T11:41:24.387Z,3.00,16.00,0,26525.70,52690.94,52690.94,52690.94,52690.94
2026-07-15T11:41:25.387Z,3.00,8.00,2,22331.39,42991.62,42991.62,42991.62,42991.62
2026-07-15T11:41:26.387Z,3.00,2.00,1,20348.93,22872.06,22872.06,22872.06,22872.06
2026-07-15T11:41:27.387Z,3.00,6.00,0,19972.10,20561.92,20561.92,20561.92,20561.92
2026-07-15T11:41:28.387Z,3.00,5.00,1,27344.90,27951.10,27951.10,27951.10,27951.10
2026-07-15T11:41:29.387Z,3.00,0.00,0,0.00,0.00,0.00,0.00,0.00
2026-07-15T11:41:30.387Z,3.00,9.00,0,20004.86,61636.61,61636.61,61636.61,61636.61
2026-07-15T11:41:31.387Z,3.00,0.00,0,0.00,0.00,0.00,0.00,0.00
2026-07-15T11:41:32.386Z,3.00,0.00,0,0.00,0.00,0.00,0.00,0.00
2026-07-15T11:41:33.387Z,3.00,2.00,0,28639.23,28966.91,28966.91,28966.91,28966.91
2026-07-15T11:41:34.387Z,3.00,8.00,1,19464.19,28393.47,28393.47,28393.47,28393.47
2026-07-15T11:41:35.387Z,3.00,8.00,0,18186.24,21741.57,21741.57,21741.57,21741.57
2026-07-15T11:41:36.387Z,3.00,0.00,0,0.00,0.00,0.00,0.00,0.00
2026-07-15T11:41:37.387Z,3.00,2.00,0,17940.48,19890.18,19890.18,19890.18,19890.18
2026-07-15T11:41:38.387Z,3.00,0.00,0,0.00,0.00,0.00,0.00,0.00
2026-07-15T11:41:39.387Z,3.00,0.00,1,0.00,0.00,0.00,0.00,0.00
2026-07-15T11:41:40.387Z,3.00,2.00,0,18972.67,19234.82,19234.82,19234.82,19234.82
2026-07-15T11:41:41.387Z,3.00,0.00,1,0.00,0.00,0.00,0.00,0.00
2026-07-15T11:41:42.387Z,3.00,2.00,0,21135.36,53641.22,53641.22,53641.22,53641.22
2026-07-15T11:41:43.387Z,3.00,1.00,0,23592.96,23592.96,23592.96,23592.96,23592.96
2026-07-15T11:41:44.387Z,3.00,1.00,2,22151.17,22151.17,22151.17,22151.17,22151.17
2026-07-15T11:41:45.387Z,3.00,11.00,0,22216.70,25116.67,25116.67,25116.67,25116.67
2026-07-15T11:41:46.387Z,3.00,1.00,0,22724.61,22724.61,22724.61,22724.61,22724.61
2026-07-15T11:41:47.387Z,3.00,0.00,1,0.00,0.00,0.00,0.00,0.00
2026-07-15T11:41:48.387Z,3.00,1.00,1,22806.53,22806.53,22806.53,22806.53,22806.53
2026-07-15T11:41:49.387Z,3.00,0.00,0,0.00,0.00,0.00,0.00,0.00
2026-07-15T11:41:50.387Z,3.00,6.00,0,23035.90,23969.79,23969.79,23969.79,23969.79
2026-07-15T11:41:51.387Z,3.00,0.00,0,0.00,0.00,0.00,0.00,0.00
2026-07-15T11:41:52.387Z,3.00,3.00,1,22888.45,23199.74,23199.74,23199.74,23199.74
2026-07-15T11:41:53.387Z,3.00,0.00,0,0.00,0.00,0.00,0.00,0.00
2026-07-15T11:41:54.387Z,3.00,0.00,1,0.00,0.00,0.00,0.00,0.00
2026-07-15T11:41:55.387Z,3.00,5.00,0,25575.42,40173.57,40173.57,40173.57,40173.57
2026-07-15T11:41:56.387Z,3.00,0.00,0,0.00,0.00,0.00,0.00,0.00
2026-07-15T11:41:57.387Z,3.00,0.00,0,0.00,0.00,0.00,0.00,0.00
2026-07-15T11:41:58.387Z,3.00,2.00,0,24461.31,30375.94,30375.94,30375.94,30375.94
2026-07-15T11:41:59.387Z,3.00,0.00,0,0.00,0.00,0.00,0.00,0.00
2026-07-15T11:42:00.387Z,3.00,1.00,0,25968.64,25968.64,25968.64,25968.64,25968.64
2026-07-15T11:42:01.387Z,3.00,0.00,0,0.00,0.00,0.00,0.00,0.00
2026-07-15T11:42:02.387Z,3.00,3.00,2,31195.14,32522.24,32522.24,32522.24,32522.24
2026-07-15T11:42:03.387Z,3.00,0.00,1,0.00,0.00,0.00,0.00,0.00
2026-07-15T11:42:04.386Z,3.00,0.00,0,0.00,0.00,0.00,0.00,0.00
2026-07-15T11:42:05.387Z,3.00,2.00,0,30703.62,30998.53,30998.53,30998.53,30998.53
2026-07-15T11:42:06.387Z,3.00,11.00,0,31047.68,54329.34,54329.34,54329.34,54329.34
2026-07-15T11:42:07.387Z,3.00,2.00,2,31129.60,31457.28,31457.28,31457.28,31457.28
2026-07-15T11:42:08.386Z,3.00,0.00,1,0.00,0.00,0.00,0.00,0.00
2026-07-15T11:42:09.387Z,3.00,1.00,1,28868.61,28868.61,28868.61,28868.61,28868.61
2026-07-15T11:42:10.387Z,3.00,0.00,0,0.00,0.00,0.00,0.00,0.00
2026-07-15T11:42:11.387Z,3.00,0.00,0,0.00,0.00,0.00,0.00,0.00
2026-07-15T11:42:12.387Z,3.00,0.00,3,0.00,0.00,0.00,0.00,0.00
2026-07-15T11:42:13.387Z,3.00,1.00,1,36110.34,36110.34,36110.34,36110.34,36110.34
2026-07-15T11:42:14.387Z,3.00,0.00,3,0.00,0.00,0.00,0.00,0.00
2026-07-15T11:42:15.387Z,3.00,1.00,2,33816.58,33816.58,33816.58,33816.58,33816.58
2026-07-15T11:42:16.387Z,3.00,0.00,3,0.00,0.00,0.00,0.00,0.00
2026-07-15T11:42:17.387Z,3.00,1.00,2,36372.48,36372.48,36372.48,36372.48,36372.48
2026-07-15T11:42:18.387Z,3.00,0.00,3,0.00,0.00,0.00,0.00,0.00
2026-07-15T11:42:19.387Z,3.00,0.00,3,0.00,0.00,0.00,0.00,0.00
2026-07-15T11:42:20.387Z,3.00,0.00,2,0.00,0.00,0.00,0.00,0.00
2026-07-15T11:42:21.387Z,3.00,1.00,2,39976.96,39976.96,39976.96,39976.96,39976.96
2026-07-15T11:42:22.387Z,3.00,2.00,2,38993.92,39321.60,39321.60,39321.60,39321.60
2026-07-15T11:42:23.387Z,3.00,0.00,2,0.00,0.00,0.00,0.00,0.00
2026-07-15T11:42:24.387Z,3.00,0.00,3,0.00,0.00,0.00,0.00,0.00
2026-07-15T11:42:25.386Z,3.00,0.00,3,0.00,0.00,0.00,0.00,0.00
2026-07-15T11:42:26.387Z,3.00,0.00,2,0.00,0.00,0.00,0.00,0.00
2026-07-15T11:42:27.387Z,3.00,0.00,3,0.00,0.00,0.00,0.00,0.00
2026-07-15T11:42:28.386Z,3.00,0.00,3,0.00,0.00,0.00,0.00,0.00
2026-07-15T11:42:29.387Z,3.00,1.00,2,32817.15,32817.15,32817.15,32817.15,32817.15
2026-07-15T11:42:30.387Z,3.00,1.00,2,40730.62,40730.62,40730.62,40730.62,40730.62
2026-07-15T11:42:31.387Z,3.00,2.00,2,30556.16,50855.94,50855.94,50855.94,50855.94
2026-07-15T11:42:32.387Z,3.00,1.00,2,33521.66,33521.66,33521.66,33521.66,33521.66
2026-07-15T11:42:33.387Z,3.00,0.00,2,0.00,0.00,0.00,0.00,0.00
2026-07-15T11:42:34.387Z,3.00,1.00,3,46465.02,46465.02,46465.02,46465.02,46465.02
2026-07-15T11:42:35.387Z,3.00,1.00,2,35684.35,35684.35,35684.35,35684.35,35684.35
2026-07-15T11:42:36.387Z,3.00,3.00,2,43417.60,44761.09,44761.09,44761.09,44761.09
2026-07-15T11:42:37.387Z,3.00,0.00,2,0.00,0.00,0.00,0.00,0.00
2026-07-15T11:42:38.387Z,3.00,0.00,3,0.00,0.00,0.00,0.00,0.00
2026-07-15T11:42:39.387Z,3.00,0.00,3,0.00,0.00,0.00,0.00,0.00
2026-07-15T11:42:40.387Z,3.00,0.00,3,0.00,0.00,0.00,0.00,0.00
2026-07-15T11:42:41.387Z,3.00,0.00,3,0.00,0.00,0.00,0.00,0.00
2026-07-15T11:42:42.387Z,3.00,0.00,3,0.00,0.00,0.00,0.00,0.00
2026-07-15T11:42:43.387Z,3.00,1.00,2,37715.97,37715.97,37715.97,37715.97,37715.97
2026-07-15T11:42:44.387Z,3.00,4.00,2,38502.40,64028.67,64028.67,64028.67,64028.67
2026-07-15T11:42:45.387Z,3.00,1.00,1,59408.38,59408.38,59408.38,59408.38,59408.38
2026-07-15T11:42:46.387Z,3.00,1.00,2,32718.85,32718.85,32718.85,32718.85,32718.85
2026-07-15T11:42:47.386Z,3.00,0.00,3,0.00,0.00,0.00,0.00,0.00
2026-07-15T11:42:48.387Z,3.00,3.00,3,33210.37,33505.28,33505.28,33505.28,33505.28
2026-07-15T11:42:49.387Z,3.00,2.00,0,28852.22,34471.94,34471.94,34471.94,34471.94
2026-07-15T11:42:50.387Z,3.00,4.00,0,31064.06,31670.27,31670.27,31670.27,31670.27
2026-07-15T11:42:51.387Z,3.00,6.00,1,29802.50,31719.42,31719.42,31719.42,31719.42
2026-07-15T11:42:52.387Z,3.00,3.00,0,28852.22,29147.14,29147.14,29147.14,29147.14
2026-07-15T11:42:53.387Z,3.00,3.00,0,28213.25,28491.78,28491.78,28491.78,28491.78
2026-07-15T11:42:54.387Z,3.00,0.00,0,0.00,0.00,0.00,0.00,0.00
2026-07-15T11:42:55.387Z,3.00,3.00,0,29147.14,31834.11,31834.11,31834.11,31834.11
2026-07-15T11:42:56.387Z,3.00,0.00,0,0.00,0.00,0.00,0.00,0.00
2026-07-15T11:42:57.387Z,3.00,2.00,0,30048.26,30703.62,30703.62,30703.62,30703.62
2026-07-15T11:42:58.387Z,3.00,0.00,0,0.00,0.00,0.00,0.00,0.00
2026-07-15T11:42:59.387Z,3.00,5.00,3,32243.71,56623.10,56623.10,56623.10,56623.10
2026-07-15T11:43:00.386Z,3.00,0.00,1,0.00,0.00,0.00,0.00,0.00
2026-07-15T11:43:01.387Z,3.00,0.00,2,0.00,0.00,0.00,0.00,0.00
2026-07-15T11:43:02.387Z,3.00,0.00,3,0.00,0.00,0.00,0.00,0.00
2026-07-15T11:43:03.387Z,3.00,0.00,3,0.00,0.00,0.00,0.00,0.00
2026-07-15T11:43:04.387Z,3.00,1.00,2,36634.62,36634.62,36634.62,36634.62,36634.62
2026-07-15T11:43:05.386Z,3.00,0.00,3,0.00,0.00,0.00,0.00,0.00
2026-07-15T11:43:06.386Z,3.00,0.00,3,0.00,0.00,0.00,0.00,0.00
2026-07-15T11:43:07.387Z,3.00,2.00,2,36831.23,39321.60,39321.60,39321.60,39321.60
2026-07-15T11:43:08.387Z,3.00,1.00,2,39714.82,39714.82,39714.82,39714.82,39714.82
2026-07-15T11:43:09.387Z,3.00,0.00,2,0.00,0.00,0.00,0.00,0.00
2026-07-15T11:43:10.386Z,3.00,0.00,3,0.00,0.00,0.00,0.00,0.00
2026-07-15T11:43:11.387Z,3.00,0.00,3,0.00,0.00,0.00,0.00,0.00
2026-07-15T11:43:12.387Z,3.00,1.00,3,38240.26,38240.26,38240.26,38240.26,38240.26
2026-07-15T11:43:13.387Z,3.00,1.00,1,35946.50,35946.50,35946.50,35946.50,35946.50
2026-07-15T11:43:14.387Z,3.00,0.00,3,0.00,0.00,0.00,0.00,0.00
2026-07-15T11:43:15.387Z,3.00,2.00,2,36372.48,36700.16,36700.16,36700.16,36700.16
2026-07-15T11:43:16.387Z,3.00,0.00,2,0.00,0.00,0.00,0.00,0.00
2026-07-15T11:43:17.387Z,3.00,1.00,2,51478.53,51478.53,51478.53,51478.53,51478.53
2026-07-15T11:43:18.387Z,3.00,0.00,3,0.00,0.00,0.00,0.00,0.00
2026-07-15T11:43:19.387Z,3.00,0.00,3,0.00,0.00,0.00,0.00,0.00
2026-07-15T11:43:20.387Z,3.00,0.00,3,0.00,0.00,0.00,0.00,0.00
2026-07-15T11:43:21.387Z,3.00,1.00,3,34635.78,34635.78,34635.78,34635.78,34635.78
2026-07-15T11:43:22.387Z,3.00,0.00,3,0.00,0.00,0.00,0.00,0.00
2026-07-15T11:43:23.386Z,3.00,0.00,3,0.00,0.00,0.00,0.00,0.00
2026-07-15T11:43:24.386Z,3.00,0.00,3,0.00,0.00,0.00,0.00,0.00
2026-07-15T11:43:25.387Z,3.00,0.00,2,0.00,0.00,0.00,0.00,0.00
2026-07-15T11:43:26.387Z,3.00,0.00,3,0.00,0.00,0.00,0.00,0.00
2026-07-15T11:43:27.387Z,3.00,1.00,3,64389.12,64389.12,64389.12,64389.12,64389.12
2026-07-15T11:43:28.386Z,3.00,0.00,3,0.00,0.00,0.00,0.00,0.00
2026-07-15T11:43:29.387Z,3.00,1.00,3,46399.49,46399.49,46399.49,46399.49,46399.49
2026-07-15T11:43:30.387Z,3.00,0.00,2,0.00,0.00,0.00,0.00,0.00
2026-07-15T11:43:31.387Z,3.00,4.00,3,45514.75,47841.28,47841.28,47841.28,47841.28
2026-07-15T11:43:32.387Z,3.00,3.00,1,29786.11,32456.70,32456.70,32456.70,32456.70
2026-07-15T11:43:33.387Z,3.00,0.00,0,0.00,0.00,0.00,0.00,0.00
2026-07-15T11:43:34.387Z,3.00,2.00,1,30720.00,31047.68,31047.68,31047.68,31047.68
2026-07-15T11:43:35.387Z,3.00,0.00,1,0.00,0.00,0.00,0.00,0.00
2026-07-15T11:43:36.387Z,3.00,0.00,3,0.00,0.00,0.00,0.00,0.00
2026-07-15T11:43:37.387Z,3.00,3.00,3,32784.38,33112.06,33112.06,33112.06,33112.06
2026-07-15T11:43:38.387Z,3.00,0.00,1,0.00,0.00,0.00,0.00,0.00
2026-07-15T11:43:39.387Z,3.00,0.00,3,0.00,0.00,0.00,0.00,0.00
2026-07-15T11:43:40.387Z,3.00,1.00,2,36405.25,36405.25,36405.25,36405.25,36405.25
2026-07-15T11:43:41.387Z,3.00,1.00,2,30359.55,30359.55,30359.55,30359.55,30359.55
2026-07-15T11:43:42.387Z,3.00,0.00,3,0.00,0.00,0.00,0.00,0.00
2026-07-15T11:43:43.387Z,3.00,2.00,2,32604.16,35913.73,35913.73,35913.73,35913.73
2026-07-15T11:43:44.387Z,3.00,0.00,1,0.00,0.00,0.00,0.00,0.00
2026-07-15T11:43:45.387Z,3.00,4.00,1,30130.18,37322.75,37322.75,37322.75,37322.75
2026-07-15T11:43:46.387Z,3.00,11.00,0,29540.35,32505.86,32505.86,32505.86,32505.86
2026-07-15T11:43:47.387Z,3.00,1.00,0,28000.26,28000.26,28000.26,28000.26,28000.26
2026-07-15T11:43:48.386Z,3.00,0.00,0,0.00,0.00,0.00,0.00,0.00
2026-07-15T11:43:49.386Z,3.00,0.00,0,0.00,0.00,0.00,0.00,0.00
2026-07-15T11:43:50.387Z,3.00,4.00,0,29835.26,30425.09,30425.09,30425.09,30425.09
2026-07-15T11:43:51.387Z,3.00,2.00,0,30916.61,31244.29,31244.29,31244.29,31244.29
2026-07-15T11:43:52.387Z,3.00,3.00,0,29392.90,30359.55,30359.55,30359.55,30359.55
2026-07-15T11:43:53.387Z,3.00,1.00,0,29999.10,29999.10,29999.10,29999.10,29999.10
2026-07-15T11:43:54.387Z,3.00,2.00,0,29736.96,32473.09,32473.09,32473.09,32473.09
2026-07-15T11:43:55.387Z,3.00,1.00,0,52461.57,52461.57,52461.57,52461.57,52461.57
2026-07-15T11:43:56.387Z,3.00,1.00,0,31965.18,31965.18,31965.18,31965.18,31965.18
2026-07-15T11:43:57.387Z,3.00,0.00,3,0.00,0.00,0.00,0.00,0.00
2026-07-15T11:43:58.387Z,3.00,0.00,3,0.00,0.00,0.00,0.00,0.00
2026-07-15T11:43:59.387Z,3.00,0.00,3,0.00,0.00,0.00,0.00,0.00
2026-07-15T11:44:00.387Z,3.00,1.00,3,35880.96,35880.96,35880.96,35880.96,35880.96
2026-07-15T11:44:01.387Z,3.00,0.00,2,0.00,0.00,0.00,0.00,0.00
2026-07-15T11:44:02.387Z,3.00,3.00,2,36110.34,37093.38,37093.38,37093.38,37093.38
2026-07-15T11:44:03.387Z,3.00,0.00,2,0.00,0.00,0.00,0.00,0.00
2026-07-15T11:44:04.387Z,3.00,1.00,2,33046.53,33046.53,33046.53,33046.53,33046.53
2026-07-15T11:44:05.387Z,3.00,1.00,3,42827.78,42827.78,42827.78,42827.78,42827.78
2026-07-15T11:44:06.387Z,3.00,0.00,2,0.00,0.00,0.00,0.00,0.00
2026-07-15T11:44:07.387Z,3.00,2.00,2,33980.42,34635.78,34635.78,34635.78,34635.78
2026-07-15T11:44:08.387Z,3.00,0.00,3,0.00,0.00,0.00,0.00,0.00
2026-07-15T11:44:09.387Z,3.00,2.00,2,29802.50,33423.36,33423.36,33423.36,33423.36
2026-07-15T11:44:10.387Z,3.00,1.00,0,44335.10,44335.10,44335.10,44335.10,44335.10
2026-07-15T11:44:11.387Z,3.00,0.00,3,0.00,0.00,0.00,0.00,0.00
2026-07-15T11:44:12.387Z,3.00,1.00,2,46497.79,46497.79,46497.79,46497.79,46497.79
2026-07-15T11:44:13.387Z,3.00,4.00,3,33095.68,39190.53,39190.53,39190.53,39190.53
2026-07-15T11:44:14.387Z,3.00,2.00,0,29081.60,29392.90,29392.90,29392.90,29392.90
2026-07-15T11:44:15.387Z,3.00,4.00,0,29442.05,31670.27,31670.27,31670.27,31670.27
2026-07-15T11:44:16.387Z,3.00,4.00,1,29491.20,54624.26,54624.26,54624.26,54624.26
2026-07-15T11:44:17.387Z,3.00,0.00,1,0.00,0.00,0.00,0.00,0.00
2026-07-15T11:44:18.387Z,3.00,7.00,0,29605.89,38273.02,38273.02,38273.02,38273.02
2026-07-15T11:44:19.387Z,3.00,0.00,0,0.00,0.00,0.00,0.00,0.00
2026-07-15T11:44:20.387Z,3.00,7.00,0,28377.09,60882.94,60882.94,60882.94,60882.94
2026-07-15T11:44:21.387Z,3.00,3.00,2,30949.38,31260.67,31260.67,31260.67,31260.67
2026-07-15T11:44:22.387Z,3.00,5.00,0,26705.92,27017.22,27017.22,27017.22,27017.22
2026-07-15T11:44:23.387Z,3.00,0.00,0,0.00,0.00,0.00,0.00,0.00
2026-07-15T11:44:24.387Z,3.00,1.00,1,35061.76,35061.76,35061.76,35061.76,35061.76
2026-07-15T11:44:25.387Z,3.00,4.00,0,27721.73,31309.82,31309.82,31309.82,31309.82
2026-07-15T11:44:26.387Z,3.00,3.00,0,30244.86,35815.42,35815.42,35815.42,35815.42
2026-07-15T11:44:27.387Z,3.00,2.00,0,28491.78,28721.15,28721.15,28721.15,28721.15
2026-07-15T11:44:28.387Z,3.00,3.00,1,29736.96,31244.29,31244.29,31244.29,31244.29
2026-07-15T11:44:29.387Z,3.00,0.00,0,0.00,0.00,0.00,0.00,0.00
2026-07-15T11:44:30.387Z,3.00,4.00,0,29589.50,30851.07,30851.07,30851.07,30851.07
2026-07-15T11:44:31.387Z,3.00,2.00,0,27705.34,28049.41,28049.41,28049.41,28049.41
2026-07-15T11:44:32.387Z,3.00,0.00,0,0.00,0.00,0.00,0.00,0.00
2026-07-15T11:44:33.387Z,3.00,1.00,0,31784.96,31784.96,31784.96,31784.96,31784.96
2026-07-15T11:44:34.386Z,3.00,0.00,0,0.00,0.00,0.00,0.00,0.00
2026-07-15T11:44:35.387Z,3.00,1.00,2,31883.26,31883.26,31883.26,31883.26,31883.26
2026-07-15T11:44:36.387Z,2.00,0.00,2,0.00,0.00,0.00,0.00,0.00
2026-07-15T11:44:37.387Z,3.00,0.00,3,0.00,0.00,0.00,0.00,0.00
2026-07-15T11:44:38.387Z,3.00,0.00,3,0.00,0.00,0.00,0.00,0.00
2026-07-15T11:44:39.387Z,4.00,1.00,3,35192.83,35192.83,35192.83,35192.83,35192.83
2026-07-15T11:44:40.387Z,3.00,0.00,3,0.00,0.00,0.00,0.00,0.00
2026-07-15T11:44:41.387Z,3.00,0.00,3,0.00,0.00,0.00,0.00,0.00
2026-07-15T11:44:42.387Z,3.00,3.00,2,38404.10,40861.70,40861.70,40861.70,40861.70
2026-07-15T11:44:43.386Z,3.00,0.00,2,0.00,0.00,0.00,0.00,0.00
2026-07-15T11:44:44.387Z,3.00,1.00,2,38338.56,38338.56,38338.56,38338.56,38338.56
2026-07-15T11:44:45.387Z,3.00,1.00,3,44040.19,44040.19,44040.19,44040.19,44040.19
2026-07-15T11:44:46.387Z,3.00,1.00,2,30752.77,30752.77,30752.77,30752.77,30752.77
2026-07-15T11:44:47.387Z,3.00,2.00,2,35061.76,41713.66,41713.66,41713.66,41713.66
2026-07-15T11:44:48.387Z,3.00,0.00,2,0.00,0.00,0.00,0.00,0.00
2026-07-15T11:44:49.387Z,3.00,2.00,2,36241.41,46596.10,46596.10,46596.10,46596.10
2026-07-15T11:44:50.387Z,3.00,1.00,1,33521.66,33521.66,33521.66,33521.66,33521.66
2026-07-15T11:44:51.387Z,3.00,2.00,1,31358.98,32669.70,32669.70,32669.70,32669.70
2026-07-15T11:44:52.387Z,3.00,1.00,2,12296.19,12296.19,12296.19,12296.19,12296.19
2026-07-15T11:44:53.387Z,3.00,2.00,3,32817.15,90177.54,90177.54,90177.54,90177.54
2026-07-15T11:44:54.387Z,3.00,0.00,2,0.00,0.00,0.00,0.00,0.00
2026-07-15T11:44:55.386Z,3.00,0.00,3,0.00,0.00,0.00,0.00,0.00
2026-07-15T11:44:56.387Z,3.00,0.00,3,0.00,0.00,0.00,0.00,0.00
2026-07-15T11:44:57.387Z,3.00,3.00,2,29999.10,35323.90,35323.90,35323.90,35323.90
2026-07-15T11:44:58.387Z,3.00,1.00,1,65011.71,65011.71,65011.71,65011.71,65011.71
2026-07-15T11:44:59.387Z,3.00,2.00,3,29540.35,38141.95,38141.95,38141.95,38141.95
2026-07-15T11:45:00.387Z,3.00,0.00,1,0.00,0.00,0.00,0.00,0.00
2026-07-15T11:45:01.387Z,3.00,0.00,3,0.00,0.00,0.00,0.00,0.00
2026-07-15T11:45:02.387Z,3.00,0.00,3,0.00,0.00,0.00,0.00,0.00
2026-07-15T11:45:03.387Z,3.00,2.00,2,32866.30,38764.54,38764.54,38764.54,38764.54
2026-07-15T11:45:04.387Z,3.00,0.00,3,0.00,0.00,0.00,0.00,0.00
2026-07-15T11:45:05.386Z,3.00,0.00,3,0.00,0.00,0.00,0.00,0.00
2026-07-15T11:45:06.387Z,3.00,1.00,1,32849.92,32849.92,32849.92,32849.92,32849.92
2026-07-15T11:45:07.387Z,3.00,0.00,3,0.00,0.00,0.00,0.00,0.00
2026-07-15T11:45:08.386Z,3.00,0.00,3,0.00,0.00,0.00,0.00,0.00
2026-07-15T11:45:09.387Z,3.00,1.00,2,55803.90,55803.90,55803.90,55803.90,55803.90
2026-07-15T11:45:10.386Z,3.00,0.00,3,0.00,0.00,0.00,0.00,0.00
2026-07-15T11:45:11.387Z,3.00,0.00,3,0.00,0.00,0.00,0.00,0.00
2026-07-15T11:45:12.386Z,3.00,0.00,3,0.00,0.00,0.00,0.00,0.00
2026-07-15T11:45:13.387Z,3.00,1.00,2,34045.95,34045.95,34045.95,34045.95,34045.95
2026-07-15T11:45:14.386Z,3.00,0.00,3,0.00,0.00,0.00,0.00,0.00
2026-07-15T11:45:15.386Z,3.00,0.00,3,0.00,0.00,0.00,0.00,0.00
2026-07-15T11:45:16.387Z,3.00,1.00,3,55640.06,55640.06,55640.06,55640.06,55640.06
2026-07-15T11:45:17.387Z,3.00,0.00,3,0.00,0.00,0.00,0.00,0.00
2026-07-15T11:45:18.386Z,3.00,0.00,3,0.00,0.00,0.00,0.00,0.00
2026-07-15T11:45:19.387Z,3.00,1.00,3,43057.15,43057.15,43057.15,43057.15,43057.15
2026-07-15T11:45:20.387Z,3.00,0.00,1,0.00,0.00,0.00,0.00,0.00
2026-07-15T11:45:21.387Z,3.00,1.00,2,38076.42,38076.42,38076.42,38076.42,38076.42
2026-07-15T11:45:22.387Z,3.00,3.00,0,30048.26,30556.16,30556.16,30556.16,30556.16
2026-07-15T11:45:23.387Z,3.00,0.00,2,0.00,0.00,0.00,0.00,0.00
2026-07-15T11:45:24.387Z,3.00,4.00,3,29868.03,34865.15,34865.15,34865.15,34865.15
2026-07-15T11:45:25.387Z,3.00,1.00,0,32997.38,32997.38,32997.38,32997.38,32997.38
2026-07-15T11:45:26.387Z,3.00,1.00,0,34144.26,34144.26,34144.26,34144.26,34144.26
2026-07-15T11:45:27.387Z,3.00,7.00,1,30425.09,32243.71,32243.71,32243.71,32243.71
2026-07-15T11:45:28.387Z,3.00,0.00,0,0.00,0.00,0.00,0.00,0.00
2026-07-15T11:45:29.387Z,3.00,1.00,0,31506.43,31506.43,31506.43,31506.43,31506.43
2026-07-15T11:45:30.387Z,3.00,0.00,1,0.00,0.00,0.00,0.00,0.00
2026-07-15T11:45:31.387Z,3.00,0.00,3,0.00,0.00,0.00,0.00,0.00
2026-07-15T11:45:32.387Z,3.00,0.00,3,0.00,0.00,0.00,0.00,0.00
2026-07-15T11:45:33.386Z,3.00,0.00,3,0.00,0.00,0.00,0.00,0.00
2026-07-15T11:45:34.386Z,3.00,0.00,3,0.00,0.00,0.00,0.00,0.00
2026-07-15T11:45:35.386Z,3.00,0.00,3,0.00,0.00,0.00,0.00,0.00
2026-07-15T11:45:36.387Z,3.00,1.00,3,67960.83,67960.83,67960.83,67960.83,67960.83
2026-07-15T11:45:37.387Z,3.00,0.00,3,0.00,0.00,0.00,0.00,0.00
2026-07-15T11:45:38.387Z,3.00,1.00,2,39911.42,39911.42,39911.42,39911.42,39911.42
2026-07-15T11:45:39.387Z,3.00,2.00,2,39485.44,98369.54,98369.54,98369.54,98369.54
2026-07-15T11:45:40.387Z,3.00,1.00,1,31670.27,31670.27,31670.27,31670.27,31670.27
2026-07-15T11:45:41.387Z,3.00,2.00,1,31293.44,31997.95,31997.95,31997.95,31997.95
2026-07-15T11:45:42.387Z,3.00,1.00,1,30474.24,30474.24,30474.24,30474.24,30474.24
2026-07-15T11:45:43.387Z,3.00,2.00,3,32620.54,33505.28,33505.28,33505.28,33505.28
2026-07-15T11:45:44.387Z,3.00,4.00,0,30031.87,44498.94,44498.94,44498.94,44498.94
2026-07-15T11:45:45.387Z,3.00,0.00,1,0.00,0.00,0.00,0.00,0.00
2026-07-15T11:45:46.387Z,3.00,4.00,0,31047.68,31342.59,31342.59,31342.59,31342.59
2026-07-15T11:45:47.387Z,3.00,2.00,0,30162.94,47808.51,47808.51,47808.51,47808.51
2026-07-15T11:45:48.387Z,3.00,0.00,1,0.00,0.00,0.00,0.00,0.00
2026-07-15T11:45:49.387Z,3.00,2.00,3,31604.74,31932.42,31932.42,31932.42,31932.42
2026-07-15T11:45:50.387Z,3.00,0.00,1,0.00,0.00,0.00,0.00,0.00
2026-07-15T11:45:51.387Z,3.00,0.00,3,0.00,0.00,0.00,0.00,0.00
2026-07-15T11:45:52.387Z,3.00,0.00,3,0.00,0.00,0.00,0.00,0.00
2026-07-15T11:45:53.386Z,3.00,0.00,3,0.00,0.00,0.00,0.00,0.00
2026-07-15T11:45:54.387Z,3.00,3.00,2,41844.74,57802.75,57802.75,57802.75,57802.75
2026-07-15T11:45:55.387Z,3.00,2.00,1,35258.37,35586.05,35586.05,35586.05,35586.05
2026-07-15T11:45:56.386Z,3.00,0.00,1,0.00,0.00,0.00,0.00,0.00
2026-07-15T11:45:57.386Z,3.00,0.00,3,0.00,0.00,0.00,0.00,0.00
2026-07-15T11:45:58.387Z,3.00,1.00,2,42663.94,42663.94,42663.94,42663.94,42663.94
2026-07-15T11:45:59.387Z,3.00,1.00,3,41746.43,41746.43,41746.43,41746.43,41746.43
2026-07-15T11:46:00.387Z,3.00,8.00,3,29196.29,35127.30,35127.30,35127.30,35127.30
2026-07-15T11:46:01.387Z,3.00,13.00,1,27049.98,37322.75,37322.75,37322.75,37322.75
2026-07-15T11:46:02.387Z,3.00,10.00,0,22200.32,23691.26,23691.26,23691.26,23691.26
2026-07-15T11:46:03.387Z,3.00,6.00,0,26836.99,102957.06,102957.06,102957.06,102957.06
2026-07-15T11:46:04.387Z,3.00,0.00,0,0.00,0.00,0.00,0.00,0.00
2026-07-15T11:46:05.387Z,3.00,1.00,0,48037.89,48037.89,48037.89,48037.89,48037.89
2026-07-15T11:46:06.387Z,3.00,1.00,0,23199.74,23199.74,23199.74,23199.74,23199.74
2026-07-15T11:46:07.387Z,3.00,8.00,0,22953.98,30244.86,30244.86,30244.86,30244.86
2026-07-15T11:46:08.387Z,3.00,7.00,1,20889.60,21823.49,21823.49,21823.49,21823.49
2026-07-15T11:46:09.387Z,3.00,0.00,0,0.00,0.00,0.00,0.00,0.00
2026-07-15T11:46:10.387Z,3.00,2.00,0,21561.34,21889.02,21889.02,21889.02,21889.02
2026-07-15T11:46:11.387Z,3.00,0.00,0,0.00,0.00,0.00,0.00,0.00
2026-07-15T11:46:12.387Z,3.00,0.00,1,0.00,0.00,0.00,0.00,0.00
2026-07-15T11:46:13.387Z,3.00,0.00,0,0.00,0.00,0.00,0.00,0.00
2026-07-15T11:46:14.387Z,3.00,0.00,0,0.00,0.00,0.00,0.00,0.00
2026-07-15T11:46:15.386Z,3.00,0.00,0,0.00,0.00,0.00,0.00,0.00
2026-07-15T11:46:16.386Z,3.00,0.00,0,0.00,0.00,0.00,0.00,0.00
2026-07-15T11:46:17.387Z,3.00,3.00,0,28016.64,28327.94,28327.94,28327.94,28327.94
2026-07-15T11:46:18.387Z,3.00,3.00,0,33947.65,34603.01,34603.01,34603.01,34603.01
2026-07-15T11:46:19.386Z,3.00,0.00,0,0.00,0.00,0.00,0.00,0.00
2026-07-15T11:46:20.387Z,3.00,0.00,0,0.00,0.00,0.00,0.00,0.00
2026-07-15T11:46:21.387Z,3.00,3.00,0,30277.63,30605.31,30605.31,30605.31,30605.31
2026-07-15T11:46:22.387Z,3.00,0.00,1,0.00,0.00,0.00,0.00,0.00
2026-07-15T11:46:23.387Z,3.00,1.00,2,31670.27,31670.27,31670.27,31670.27,31670.27
2026-07-15T11:46:24.386Z,3.00,0.00,1,0.00,0.00,0.00,0.00,0.00
2026-07-15T11:46:25.387Z,3.00,10.99,1,29999.10,32931.84,32931.84,32931.84,32931.84
2026-07-15T11:46:26.387Z,3.00,0.00,0,0.00,0.00,0.00,0.00,0.00
2026-07-15T11:46:27.387Z,3.00,0.00,0,0.00,0.00,0.00,0.00,0.00
2026-07-15T11:46:28.387Z,3.00,0.00,0,0.00,0.00,0.00,0.00,0.00
2026-07-15T11:46:29.387Z,3.00,0.00,2,0.00,0.00,0.00,0.00,0.00
2026-07-15T11:46:30.387Z,3.00,6.00,1,32292.86,52953.09,52953.09,52953.09,52953.09
2026-07-15T11:46:31.387Z,3.00,0.00,0,0.00,0.00,0.00,0.00,0.00
2026-07-15T11:46:32.387Z,3.00,0.00,2,0.00,0.00,0.00,0.00,0.00
2026-07-15T11:46:33.387Z,3.00,0.00,3,0.00,0.00,0.00,0.00,0.00
2026-07-15T11:46:34.387Z,3.00,1.00,1,30048.26,30048.26,30048.26,30048.26,30048.26
2026-07-15T11:46:35.387Z,3.00,1.00,2,660.99,660.99,660.99,660.99,660.99
2026-07-15T11:46:36.387Z,3.00,2.00,3,36536.32,37847.04,37847.04,37847.04,37847.04
2026-07-15T11:46:37.387Z,3.00,1.00,2,33030.14,33030.14,33030.14,33030.14,33030.14
2026-07-15T11:46:38.387Z,3.00,2.00,3,37388.29,37715.97,37715.97,37715.97,37715.97
2026-07-15T11:46:39.387Z,3.00,3.00,2,37453.82,62128.13,62128.13,62128.13,62128.13
2026-07-15T11:46:40.386Z,3.00,0.00,3,0.00,0.00,0.00,0.00,0.00
2026-07-15T11:46:41.386Z,3.00,0.00,3,0.00,0.00,0.00,0.00,0.00
2026-07-15T11:46:42.387Z,3.00,1.00,3,33816.58,33816.58,33816.58,33816.58,33816.58
2026-07-15T11:46:43.387Z,3.00,3.00,0,30539.78,35651.58,35651.58,35651.58,35651.58
2026-07-15T11:46:44.387Z,3.00,0.00,1,0.00,0.00,0.00,0.00,0.00
2026-07-15T11:46:45.386Z,3.00,0.00,3,0.00,0.00,0.00,0.00,0.00
2026-07-15T11:46:46.387Z,3.00,2.00,1,32210.94,32456.70,32456.70,32456.70,32456.70
2026-07-15T11:46:47.386Z,3.00,0.00,2,0.00,0.00,0.00,0.00,0.00
2026-07-15T11:46:48.387Z,3.00,0.00,3,0.00,0.00,0.00,0.00,0.00
2026-07-15T11:46:49.386Z,3.00,0.00,3,0.00,0.00,0.00,0.00,0.00
2026-07-15T11:46:50.387Z,3.00,1.00,2,33882.11,33882.11,33882.11,33882.11,33882.11
2026-07-15T11:46:51.387Z,3.00,0.00,2,0.00,0.00,0.00,0.00,0.00
2026-07-15T11:46:52.387Z,3.00,1.00,2,35389.44,35389.44,35389.44,35389.44,35389.44
2026-07-15T11:46:53.387Z,3.00,0.00,3,0.00,0.00,0.00,0.00,0.00
2026-07-15T11:46:54.387Z,3.00,0.00,3,0.00,0.00,0.00,0.00,0.00
2026-07-15T11:46:55.387Z,3.00,0.00,3,0.00,0.00,0.00,0.00,0.00
2026-07-15T11:46:56.387Z,3.00,0.00,3,0.00,0.00,0.00,0.00,0.00
2026-07-15T11:46:57.387Z,3.00,1.00,3,37191.68,37191.68,37191.68,37191.68,37191.68
2026-07-15T11:46:58.386Z,3.00,0.00,2,0.00,0.00,0.00,0.00,0.00
2026-07-15T11:46:59.386Z,3.00,0.00,3,0.00,0.00,0.00,0.00,0.00
2026-07-15T11:47:00.387Z,3.00,0.00,3,0.00,0.00,0.00,0.00,0.00
2026-07-15T11:47:01.387Z,3.00,1.00,3,56066.05,56066.05,56066.05,56066.05,56066.05
2026-07-15T11:47:02.387Z,1.00,0.00,2,0.00,0.00,0.00,0.00,0.00
2026-07-15T11:47:03.387Z,0.00,0.00,3,0.00,0.00,0.00,0.00,0.00
2026-07-15T11:47:04.387Z,0.00,0.00,1,0.00,0.00,0.00,0.00,0.00
2026-07-15T11:47:05.387Z,0.00,2.00,1,42532.86,44204.03,44204.03,44204.03,44204.03
2026-07-15T11:47:06.387Z,0.00,1.00,3,38993.92,38993.92,38993.92,38993.92,38993.92
2026-07-15T11:47:07.387Z,0.00,22.00,0,27459.58,35061.76,51445.76,51445.76,51445.76
2026-07-15T11:47:08.387Z,0.00,2.00,0,26247.17,26574.85,26574.85,26574.85,26574.85
2026-07-15T11:47:09.387Z,0.00,1.00,1,87425.02,87425.02,87425.02,87425.02,87425.02
2026-07-15T11:47:10.387Z,0.00,0.00,0,0.00,0.00,0.00,0.00,0.00
2026-07-15T11:47:11.387Z,0.00,0.00,0,0.00,0.00,0.00,0.00,0.00
2026-07-15T11:47:12.387Z,0.00,0.00,0,0.00,0.00,0.00,0.00,0.00
2026-07-15T11:47:13.387Z,0.00,0.00,1,0.00,0.00,0.00,0.00,0.00
2026-07-15T11:47:14.387Z,0.00,2.00,0,29147.14,29491.20,29491.20,29491.20,29491.20
2026-07-15T11:47:15.387Z,0.00,1.00,0,29032.45,29032.45,29032.45,29032.45,29032.45
2026-07-15T11:47:16.387Z,0.00,3.00,1,29573.12,29900.80,29900.80,29900.80,29900.80
2026-07-15T11:47:17.387Z,0.00,3.00,0,32538.62,76939.26,76939.26,76939.26,76939.26
2026-07-15T11:47:18.387Z,0.00,0.00,0,0.00,0.00,0.00,0.00,0.00
2026-07-15T11:47:19.387Z,0.00,0.00,2,0.00,0.00,0.00,0.00,0.00
2026-07-15T11:47:20.386Z,0.00,0.00,3,0.00,0.00,0.00,0.00,0.00
2026-07-15T11:47:21.387Z,0.00,0.00,3,0.00,0.00,0.00,0.00,0.00
2026-07-15T11:47:22.387Z,0.00,1.00,3,67960.83,67960.83,67960.83,67960.83,67960.83
2026-07-15T11:47:23.387Z,0.00,3.00,2,35717.12,36044.80,36044.80,36044.80,36044.80
2026-07-15T11:47:24.387Z,0.00,1.00,1,31604.74,31604.74,31604.74,31604.74,31604.74
2026-07-15T11:47:25.387Z,0.00,0.00,2,0.00,0.00,0.00,0.00,0.00
2026-07-15T11:47:26.387Z,0.00,0.00,3,0.00,0.00,0.00,0.00,0.00
2026-07-15T11:47:27.387Z,0.00,0.00,3,0.00,0.00,0.00,0.00,0.00
2026-07-15T11:47:28.387Z,0.00,3.00,2,39780.35,40501.25,40501.25,40501.25,40501.25
2026-07-15T11:47:29.386Z,0.00,0.00,1,0.00,0.00,0.00,0.00,0.00
2026-07-15T11:47:30.387Z,0.00,0.00,3,0.00,0.00,0.00,0.00,0.00
2026-07-15T11:47:31.387Z,0.00,0.00,3,0.00,0.00,0.00,0.00,0.00
2026-07-15T11:47:32.387Z,0.00,0.00,1,0.00,0.00,0.00,0.00,0.00
2026-07-15T11:47:33.387Z,0.00,0.00,0,0.00,0.00,0.00,0.00,0.00
2026-07-15T11:47:34.387Z,0.00,1.00,0,51019.78,51019.78,51019.78,51019.78,51019.78
2026-07-15T11:47:35.387Z,0.00,0.00,0,0.00,0.00,0.00,0.00,0.00
2026-07-15T11:47:36.387Z,0.00,0.00,0,0.00,0.00,0.00,0.00,0.00
2026-07-15T11:47:37.387Z,0.00,0.00,0,0.00,0.00,0.00,0.00,0.00
2026-07-15T11:47:38.387Z,0.00,3.00,0,43778.05,44138.50,44138.50,44138.50,44138.50
2026-07-15T11:47:39.386Z,0.00,0.00,0,0.00,0.00,0.00,0.00,0.00
2026-07-15T11:47:40.387Z,0.00,1.00,0,60981.25,60981.25,60981.25,60981.25,60981.25
2026-07-15T11:47:41.386Z,0.00,0.00,0,0.00,0.00,0.00,0.00,0.00
2026-07-15T11:47:42.386Z,0.00,0.00,0,0.00,0.00,0.00,0.00,0.00
2026-07-15T11:47:43.387Z,0.00,0.00,0,0.00,0.00,0.00,0.00,0.00
2026-07-15T11:47:44.387Z,0.00,0.00,0,0.00,0.00,0.00,0.00,0.00
2026-07-15T11:47:45.387Z,0.00,0.00,0,0.00,0.00,0.00,0.00,0.00
2026-07-15T11:47:46.387Z,0.00,0.00,0,0.00,0.00,0.00,0.00,0.00
2026-07-15T11:47:47.387Z,0.00,1.00,0,49315.84,49315.84,49315.84,49315.84,49315.84
2026-07-15T11:47:48.387Z,0.00,0.00,0,0.00,0.00,0.00,0.00,0.00
2026-07-15T11:47:49.387Z,0.00,0.00,0,0.00,0.00,0.00,0.00,0.00
2026-07-15T11:47:50.387Z,0.00,0.00,0,0.00,0.00,0.00,0.00,0.00
2026-07-15T11:47:51.387Z,0.00,0.00,0,0.00,0.00,0.00,0.00,0.00
2026-07-15T11:47:52.387Z,0.00,0.00,0,0.00,0.00,0.00,0.00,0.00
2026-07-15T11:47:53.387Z,0.00,0.00,0,0.00,0.00,0.00,0.00,0.00
2026-07-15T11:47:54.387Z,0.00,0.00,0,0.00,0.00,0.00,0.00,0.00
2026-07-15T11:47:55.387Z,0.00,0.00,0,0.00,0.00,0.00,0.00,0.00
2026-07-15T11:47:56.387Z,0.00,0.00,0,0.00,0.00,0.00,0.00,0.00
2026-07-15T11:47:57.387Z,0.00,0.00,0,0.00,0.00,0.00,0.00,0.00
2026-07-15T11:47:58.387Z,0.00,0.00,0,0.00,0.00,0.00,0.00,0.00
2026-07-15T11:47:59.386Z,0.00,0.00,0,0.00,0.00,0.00,0.00,0.00
2026-07-15T11:48:00.387Z,0.00,0.00,0,0.00,0.00,0.00,0.00,0.00
2026-07-15T11:48:01.387Z,0.00,1.00,0,61734.91,61734.91,61734.91,61734.91,61734.91
2026-07-15T11:48:02.387Z,0.00,0.00,0,0.00,0.00,0.00,0.00,0.00
2026-07-15T11:48:03.387Z,0.00,0.00,0,0.00,0.00,0.00,0.00,0.00
2026-07-15T11:48:04.387Z,0.00,0.00,0,0.00,0.00,0.00,0.00,0.00
2026-07-15T11:48:05.387Z,0.00,0.00,0,0.00,0.00,0.00,0.00,0.00
2026-07-15T11:48:06.387Z,0.00,0.00,0,0.00,0.00,0.00,0.00,0.00
2026-07-15T11:48:07.387Z,0.00,0.00,0,0.00,0.00,0.00,0.00,0.00
2026-07-15T11:48:08.387Z,0.00,0.00,0,0.00,0.00,0.00,0.00,0.00
2026-07-15T11:48:09.387Z,0.00,0.00,0,0.00,0.00,0.00,0.00,0.00
2026-07-15T11:48:10.386Z,0.00,0.00,0,0.00,0.00,0.00,0.00,0.00
2026-07-15T11:48:11.387Z,0.00,0.00,0,0.00,0.00,0.00,0.00,0.00
2026-07-15T11:48:12.386Z,0.00,0.00,0,0.00,0.00,0.00,0.00,0.00
2026-07-15T11:48:13.387Z,0.00,0.00,0,0.00,0.00,0.00,0.00,0.00
2026-07-15T11:48:14.387Z,0.00,0.00,0,0.00,0.00,0.00,0.00,0.00
2026-07-15T11:48:15.387Z,0.00,0.00,0,0.00,0.00,0.00,0.00,0.00
2026-07-15T11:48:16.386Z,0.00,0.00,0,0.00,0.00,0.00,0.00,0.00
2026-07-15T11:48:17.387Z,0.00,0.00,0,0.00,0.00,0.00,0.00,0.00
2026-07-15T11:48:18.387Z,0.00,0.00,0,0.00,0.00,0.00,0.00,0.00
2026-07-15T11:48:19.386Z,0.00,0.00,0,0.00,0.00,0.00,0.00,0.00
2026-07-15T11:48:20.386Z,0.00,0.00,0,0.00,0.00,0.00,0.00,0.00
2026-07-15T11:48:21.386Z,0.00,0.00,0,0.00,0.00,0.00,0.00,0.00
2026-07-15T11:48:22.386Z,0.00,0.00,0,0.00,0.00,0.00,0.00,0.00
2026-07-15T11:48:23.386Z,0.00,0.00,0,0.00,0.00,0.00,0.00,0.00
2026-07-15T11:48:24.387Z,0.00,0.00,0,0.00,0.00,0.00,0.00,0.00
2026-07-15T11:48:25.387Z,0.00,0.00,0,0.00,0.00,0.00,0.00,0.00
2026-07-15T11:48:26.387Z,0.00,0.00,0,0.00,0.00,0.00,0.00,0.00
2026-07-15T11:48:27.387Z,0.00,0.00,0,0.00,0.00,0.00,0.00,0.00
2026-07-15T11:48:28.386Z,0.00,0.00,0,0.00,0.00,0.00,0.00,0.00
2026-07-15T11:48:29.387Z,0.00,0.00,0,0.00,0.00,0.00,0.00,0.00
2026-07-15T11:48:30.387Z,0.00,0.00,0,0.00,0.00,0.00,0.00,0.00
2026-07-15T11:48:31.386Z,0.00,0.00,0,0.00,0.00,0.00,0.00,0.00
2026-07-15T11:48:32.386Z,0.00,0.00,0,0.00,0.00,0.00,0.00,0.00
2026-07-15T11:48:33.386Z,0.00,0.00,0,0.00,0.00,0.00,0.00,0.00
2026-07-15T11:48:34.387Z,0.00,0.00,0,0.00,0.00,0.00,0.00,0.00
2026-07-15T11:48:35.386Z,0.00,0.00,0,0.00,0.00,0.00,0.00,0.00
2026-07-15T11:48:36.386Z,0.00,0.00,0,0.00,0.00,0.00,0.00,0.00
2026-07-15T11:48:37.386Z,0.00,0.00,0,0.00,0.00,0.00,0.00,0.00
2026-07-15T11:48:38.387Z,0.00,0.00,0,0.00,0.00,0.00,0.00,0.00
2026-07-15T11:48:39.386Z,0.00,0.00,0,0.00,0.00,0.00,0.00,0.00
2026-07-15T11:48:40.386Z,0.00,0.00,0,0.00,0.00,0.00,0.00,0.00
2026-07-15T11:48:41.386Z,0.00,0.00,0,0.00,0.00,0.00,0.00,0.00
2026-07-15T11:48:42.386Z,0.00,0.00,0,0.00,0.00,0.00,0.00,0.00
2026-07-15T11:48:43.387Z,0.00,0.00,0,0.00,0.00,0.00,0.00,0.00
2026-07-15T11:48:44.387Z,0.00,0.00,0,0.00,0.00,0.00,0.00,0.00
2026-07-15T11:48:45.387Z,0.00,0.00,0,0.00,0.00,0.00,0.00,0.00
2026-07-15T11:48:46.387Z,0.00,0.00,0,0.00,0.00,0.00,0.00,0.00
2026-07-15T11:48:47.387Z,0.00,0.00,0,0.00,0.00,0.00,0.00,0.00
2026-07-15T11:48:48.387Z,0.00,0.00,0,0.00,0.00,0.00,0.00,0.00
2026-07-15T11:48:49.387Z,0.00,0.00,0,0.00,0.00,0.00,0.00,0.00
2026-07-15T11:48:50.387Z,0.00,0.00,0,0.00,0.00,0.00,0.00,0.00
2026-07-15T11:48:51.387Z,0.00,0.00,0,0.00,0.00,0.00,0.00,0.00
2026-07-15T11:48:52.387Z,0.00,0.00,0,0.00,0.00,0.00,0.00,0.00
2026-07-15T11:48:53.386Z,0.00,0.00,0,0.00,0.00,0.00,0.00,0.00
2026-07-15T11:48:54.386Z,0.00,0.00,0,0.00,0.00,0.00,0.00,0.00
2026-07-15T11:48:55.387Z,0.00,0.00,0,0.00,0.00,0.00,0.00,0.00
2026-07-15T11:48:56.387Z,0.00,0.00,0,0.00,0.00,0.00,0.00,0.00
2026-07-15T11:48:57.387Z,0.00,0.00,0,0.00,0.00,0.00,0.00,0.00
2026-07-15T11:48:58.387Z,0.00,0.00,0,0.00,0.00,0.00,0.00,0.00
2026-07-15T11:48:59.387Z,0.00,0.00,0,0.00,0.00,0.00,0.00,0.00
2026-07-15T11:49:00.387Z,0.00,0.00,0,0.00,0.00,0.00,0.00,0.00
2026-07-15T11:49:01.387Z,0.00,0.00,0,0.00,0.00,0.00,0.00,0.00
2026-07-15T11:49:02.387Z,0.00,0.00,0,0.00,0.00,0.00,0.00,0.00
2026-07-15T11:49:03.387Z,0.00,0.00,0,0.00,0.00,0.00,0.00,0.00
2026-07-15T11:49:04.387Z,0.00,0.00,0,0.00,0.00,0.00,0.00,0.00
2026-07-15T11:49:05.387Z,0.00,0.00,0,0.00,0.00,0.00,0.00,0.00
2026-07-15T11:49:06.387Z,0.00,0.00,0,0.00,0.00,0.00,0.00,0.00
2026-07-15T11:49:07.387Z,0.00,0.00,0,0.00,0.00,0.00,0.00,0.00
2026-07-15T11:49:08.387Z,0.00,0.00,0,0.00,0.00,0.00,0.00,0.00
2026-07-15T11:49:09.387Z,0.00,0.00,0,0.00,0.00,0.00,0.00,0.00
2026-07-15T11:49:10.386Z,0.00,0.00,0,0.00,0.00,0.00,0.00,0.00
2026-07-15T11:49:11.387Z,0.00,0.00,0,0.00,0.00,0.00,0.00,0.00
2026-07-15T11:49:12.387Z,0.00,0.00,0,0.00,0.00,0.00,0.00,0.00
2026-07-15T11:49:13.387Z,0.00,0.00,0,0.00,0.00,0.00,0.00,0.00
2026-07-15T11:49:14.387Z,0.00,0.00,0,0.00,0.00,0.00,0.00,0.00
2026-07-15T11:49:15.387Z,0.00,0.00,0,0.00,0.00,0.00,0.00,0.00
2026-07-15T11:49:16.387Z,0.00,0.00,0,0.00,0.00,0.00,0.00,0.00
2026-07-15T11:49:17.387Z,0.00,0.00,0,0.00,0.00,0.00,0.00,0.00
2026-07-15T11:49:18.387Z,0.00,0.00,0,0.00,0.00,0.00,0.00,0.00
2026-07-15T11:49:19.387Z,0.00,0.00,0,0.00,0.00,0.00,0.00,0.00
2026-07-15T11:49:20.387Z,0.00,0.00,0,0.00,0.00,0.00,0.00,0.00
2026-07-15T11:49:21.387Z,0.00,0.00,0,0.00,0.00,0.00,0.00,0.00
2026-07-15T11:49:22.386Z,0.00,0.00,0,0.00,0.00,0.00,0.00,0.00
2026-07-15T11:49:23.386Z,0.00,0.00,0,0.00,0.00,0.00,0.00,0.00
2026-07-15T11:49:24.387Z,0.00,0.00,0,0.00,0.00,0.00,0.00,0.00
2026-07-15T11:49:25.387Z,0.00,0.00,0,0.00,0.00,0.00,0.00,0.00
2026-07-15T11:49:26.386Z,0.00,0.00,0,0.00,0.00,0.00,0.00,0.00
2026-07-15T11:49:27.387Z,0.00,0.00,0,0.00,0.00,0.00,0.00,0.00
2026-07-15T11:49:28.386Z,0.00,0.00,0,0.00,0.00,0.00,0.00,0.00
2026-07-15T11:49:29.387Z,0.00,0.00,0,0.00,0.00,0.00,0.00,0.00
2026-07-15T11:49:30.386Z,0.00,0.00,0,0.00,0.00,0.00,0.00,0.00
2026-07-15T11:49:31.387Z,0.00,0.00,0,0.00,0.00,0.00,0.00,0.00
2026-07-15T11:49:32.386Z,0.00,0.00,0,0.00,0.00,0.00,0.00,0.00
2026-07-15T11:49:33.386Z,0.00,0.00,0,0.00,0.00,0.00,0.00,0.00
2026-07-15T11:49:34.386Z,0.00,0.00,0,0.00,0.00,0.00,0.00,0.00
2026-07-15T11:49:35.386Z,0.00,0.00,0,0.00,0.00,0.00,0.00,0.00
2026-07-15T11:49:36.387Z,0.00,0.00,0,0.00,0.00,0.00,0.00,0.00
