timestamp,pid,cpu_pct,host_cpu_pct,rss_mb,vsz_mb
2026-07-01T10:26:04Z,581518,0.00,1.98,9.20,37.08
2026-07-01T10:26:05Z,581518,0.00,1.96,9.20,37.08
2026-07-01T10:26:06Z,581518,0.00,1.96,9.20,37.08
2026-07-01T10:26:07Z,581518,0.00,0.99,9.20,37.08
2026-07-01T10:26:08Z,581518,0.00,2.93,9.20,37.08
2026-07-01T10:26:09Z,581518,0.00,2.96,9.20,37.08
2026-07-01T10:26:10Z,581518,0.00,31.53,9.20,37.08
2026-07-01T10:26:11Z,581518,0.00,2.93,9.20,37.08
2026-07-01T10:26:12Z,581518,0.00,0.99,9.20,37.08
2026-07-01T10:26:13Z,581518,0.00,2.94,9.20,37.08
2026-07-01T10:26:14Z,581518,0.00,2.94,11.46,37.21
2026-07-01T10:26:15Z,581518,1.96,2.94,11.49,37.21
2026-07-01T10:26:16Z,581518,0.00,2.96,11.49,37.21
2026-07-01T10:26:17Z,581518,0.00,2.94,11.49,37.21
2026-07-01T10:26:18Z,581518,0.00,1.96,11.49,37.21
2026-07-01T10:26:19Z,581518,0.00,2.93,11.49,37.21
2026-07-01T10:26:20Z,581518,0.00,0.99,11.49,37.21
2026-07-01T10:26:21Z,581518,0.00,2.93,11.49,37.21
2026-07-01T10:26:22Z,581518,0.00,1.98,11.49,37.21
2026-07-01T10:26:23Z,581518,0.00,2.93,11.49,37.21
2026-07-01T10:26:24Z,581518,0.00,1.97,11.49,37.21
2026-07-01T10:26:25Z,581518,0.00,1.96,11.49,37.21
2026-07-01T10:26:26Z,581518,0.00,2.94,11.49,37.21
2026-07-01T10:26:28Z,581518,0.00,1.97,11.49,37.21
2026-07-01T10:26:29Z,581518,0.00,1.96,11.49,37.21
2026-07-01T10:26:30Z,581518,0.00,1.96,11.49,37.21
2026-07-01T10:26:31Z,581518,0.00,2.94,11.49,37.21
2026-07-01T10:26:32Z,581518,0.00,0.99,11.49,37.21
2026-07-01T10:26:33Z,581518,0.00,3.92,11.49,37.21
2026-07-01T10:26:34Z,581518,0.00,1.97,11.49,37.21
2026-07-01T10:26:35Z,581518,0.00,1.95,11.49,37.21
2026-07-01T10:26:36Z,581518,0.00,2.94,11.49,37.21
2026-07-01T10:26:37Z,581518,0.00,0.99,11.49,37.21
2026-07-01T10:26:38Z,581518,0.00,2.94,11.49,37.21
2026-07-01T10:26:39Z,581518,0.00,1.97,11.49,37.21
2026-07-01T10:26:40Z,581518,0.00,2.93,11.49,37.21
2026-07-01T10:26:41Z,581518,0.00,1.97,11.49,37.21
2026-07-01T10:26:42Z,581518,0.00,32.35,11.49,37.21
2026-07-01T10:26:43Z,581518,0.00,2.94,11.49,37.21
2026-07-01T10:26:44Z,581518,0.00,1.96,11.49,37.21
2026-07-01T10:26:45Z,581518,0.98,2.94,11.49,37.21
2026-07-01T10:26:46Z,581518,0.00,2.94,11.49,37.21
2026-07-01T10:26:47Z,581518,0.00,1.98,11.49,37.21
2026-07-01T10:26:48Z,581518,0.00,21.46,11.49,37.21
2026-07-01T10:26:49Z,581518,0.00,54.90,11.49,37.21
2026-07-01T10:26:50Z,581518,0.00,1.96,11.49,37.21
2026-07-01T10:26:51Z,581518,0.00,1.97,11.49,37.21
2026-07-01T10:26:52Z,581518,0.00,1.96,11.49,37.21
2026-07-01T10:26:53Z,581518,0.00,2.94,11.49,37.21
2026-07-01T10:26:54Z,581518,0.00,2.96,11.49,37.21
2026-07-01T10:26:55Z,581518,0.00,2.94,11.49,37.21
2026-07-01T10:26:56Z,581518,0.00,1.97,11.49,37.21
2026-07-01T10:26:57Z,581518,0.00,1.97,11.49,37.21
2026-07-01T10:26:58Z,581518,0.00,1.96,11.49,37.21
2026-07-01T10:26:59Z,581518,0.00,2.94,11.49,37.21
2026-07-01T10:27:00Z,581518,0.00,0.99,11.49,37.21
2026-07-01T10:27:01Z,581518,0.00,2.93,11.49,37.21
2026-07-01T10:27:02Z,581518,0.00,2.96,11.49,37.21
2026-07-01T10:27:03Z,581518,0.00,1.96,11.49,37.21
2026-07-01T10:27:04Z,581518,0.00,2.94,11.49,37.21
2026-07-01T10:27:05Z,581518,0.00,1.97,11.49,37.21
2026-07-01T10:27:06Z,581518,0.00,1.96,11.49,37.21
2026-07-01T10:27:07Z,581518,0.00,1.97,11.49,37.21
2026-07-01T10:27:08Z,581518,0.00,1.96,11.49,37.21
2026-07-01T10:27:09Z,581518,0.00,2.94,11.49,37.21
2026-07-01T10:27:10Z,581518,0.00,3.92,11.49,37.21
2026-07-01T10:27:11Z,581518,0.00,1.96,11.49,37.21
2026-07-01T10:27:12Z,581518,0.00,0.99,11.49,37.21
2026-07-01T10:27:13Z,581518,0.00,2.94,11.49,37.21
2026-07-01T10:27:14Z,581518,0.00,1.97,11.49,37.21
2026-07-01T10:27:15Z,581518,0.00,0.99,11.49,37.21
2026-07-01T10:27:16Z,581518,0.00,2.94,11.49,37.21
2026-07-01T10:27:17Z,581518,0.00,2.94,11.49,37.21
2026-07-01T10:27:19Z,581518,0.00,1.97,11.49,37.21
2026-07-01T10:27:20Z,581518,0.00,1.97,11.49,37.21
2026-07-01T10:27:21Z,581518,0.00,2.93,11.49,37.21
2026-07-01T10:27:22Z,581518,0.00,1.97,11.49,37.21
2026-07-01T10:27:23Z,581518,0.00,1.96,11.49,37.21
2026-07-01T10:27:24Z,581518,0.00,2.94,11.49,37.21
2026-07-01T10:27:25Z,581518,0.00,0.99,11.49,37.21
2026-07-01T10:27:26Z,581518,0.00,2.96,11.49,37.21
2026-07-01T10:27:27Z,581518,0.00,2.93,11.49,37.21
2026-07-01T10:27:28Z,581518,0.00,1.97,11.49,37.21
2026-07-01T10:27:29Z,581518,0.98,1.97,11.49,37.21
2026-07-01T10:27:30Z,581518,0.00,2.93,11.49,37.21
2026-07-01T10:27:31Z,581518,0.00,0.99,11.49,37.21
2026-07-01T10:27:32Z,581518,0.00,3.88,11.49,37.21
2026-07-01T10:27:33Z,581518,0.00,0.99,11.49,37.21
2026-07-01T10:27:34Z,581518,0.00,33.17,11.49,37.21
2026-07-01T10:27:35Z,581518,0.00,2.94,11.49,37.21
2026-07-01T10:27:36Z,581518,0.00,0.99,11.49,37.21
2026-07-01T10:27:37Z,581518,0.00,2.94,11.49,37.21
2026-07-01T10:27:38Z,581518,0.00,1.97,11.49,37.21
2026-07-01T10:27:39Z,581518,0.00,2.93,11.49,37.21
2026-07-01T10:27:40Z,581518,0.00,2.94,11.49,37.21
2026-07-01T10:27:41Z,581518,0.00,1.97,11.49,37.21
2026-07-01T10:27:42Z,581518,0.00,1.97,11.49,37.21
2026-07-01T10:27:43Z,581518,0.00,2.94,11.49,37.21
2026-07-01T10:27:44Z,581518,0.00,1.97,11.49,37.21
2026-07-01T10:27:45Z,581518,0.00,2.94,11.49,37.21
2026-07-01T10:27:46Z,581518,0.00,2.94,11.49,37.21
2026-07-01T10:27:47Z,581518,0.00,1.97,11.49,37.21
2026-07-01T10:27:48Z,581518,0.00,2.94,11.49,37.21
2026-07-01T10:27:49Z,581518,0.00,1.97,11.49,37.21
2026-07-01T10:27:50Z,581518,0.00,2.93,11.49,37.21
2026-07-01T10:27:51Z,581518,0.00,0.99,11.49,37.21
2026-07-01T10:27:52Z,581518,0.00,2.94,11.49,37.21
2026-07-01T10:27:53Z,581518,0.00,2.96,11.49,37.21
2026-07-01T10:27:54Z,581518,0.00,2.93,11.49,37.21
2026-07-01T10:27:55Z,581518,0.00,9.85,11.49,37.21
2026-07-01T10:27:56Z,581518,0.00,24.63,11.49,37.21
2026-07-01T10:27:57Z,581518,0.00,2.94,11.49,37.21
2026-07-01T10:27:58Z,581518,0.00,1.96,11.49,37.21
2026-07-01T10:27:59Z,581518,0.98,1.97,11.49,37.21
2026-07-01T10:28:00Z,581518,0.00,1.96,11.49,37.21
2026-07-01T10:28:01Z,581518,0.00,2.94,11.49,37.21
2026-07-01T10:28:02Z,581518,0.00,1.97,11.49,37.21
2026-07-01T10:28:03Z,581518,0.00,2.93,11.49,37.21
2026-07-01T10:28:04Z,581518,0.00,1.97,11.49,37.21
2026-07-01T10:28:05Z,581518,0.00,32.35,11.49,37.21
2026-07-01T10:28:06Z,581518,0.00,0.99,11.49,37.21
2026-07-01T10:28:07Z,581518,0.00,2.94,11.49,37.21
2026-07-01T10:28:08Z,581518,0.00,1.96,11.49,37.21
2026-07-01T10:28:09Z,581518,0.00,1.97,11.49,37.21
2026-07-01T10:28:11Z,581518,0.00,2.94,11.49,37.21
2026-07-01T10:28:12Z,581518,0.00,1.97,11.49,37.21
2026-07-01T10:28:13Z,581518,0.00,2.93,11.49,37.21
2026-07-01T10:28:14Z,581518,0.00,1.97,11.49,37.21
2026-07-01T10:28:15Z,581518,0.00,1.96,11.49,37.21
2026-07-01T10:28:16Z,581518,0.00,1.96,11.49,37.21
2026-07-01T10:28:17Z,581518,0.00,1.97,11.49,37.21
2026-07-01T10:28:18Z,581518,0.00,1.97,11.49,37.21
2026-07-01T10:28:19Z,581518,0.00,2.94,11.49,37.21
2026-07-01T10:28:20Z,581518,0.00,2.93,11.49,37.21
2026-07-01T10:28:21Z,581518,0.00,2.94,11.49,37.21
2026-07-01T10:28:22Z,581518,0.00,1.97,11.49,37.21
2026-07-01T10:28:23Z,581518,0.00,0.99,11.49,37.21
2026-07-01T10:28:24Z,581518,0.00,2.94,11.49,37.21
2026-07-01T10:28:25Z,581518,0.00,1.96,11.49,37.21
2026-07-01T10:28:26Z,581518,0.00,2.96,11.49,37.21
2026-07-01T10:28:27Z,581518,0.00,0.99,11.49,37.21
2026-07-01T10:28:28Z,581518,0.00,2.93,11.49,37.21
2026-07-01T10:28:29Z,581518,0.98,1.97,11.49,37.21
2026-07-01T10:28:30Z,581518,0.00,1.96,11.49,37.21
2026-07-01T10:28:31Z,581518,0.00,1.96,11.49,37.21
2026-07-01T10:28:32Z,581518,0.00,2.94,11.49,37.21
2026-07-01T10:28:33Z,581518,0.00,3.92,11.49,37.21
2026-07-01T10:28:34Z,581518,0.00,1.97,11.49,37.21
2026-07-01T10:28:35Z,581518,0.00,2.94,11.49,37.21
2026-07-01T10:28:36Z,581518,0.00,1.97,11.49,37.21
2026-07-01T10:28:37Z,581518,0.00,0.99,11.49,37.21
2026-07-01T10:28:38Z,581518,0.00,2.94,11.49,37.21
2026-07-01T10:28:39Z,581518,0.00,1.96,11.49,37.21
2026-07-01T10:28:40Z,581518,0.98,1.97,11.49,37.21
2026-07-01T10:28:41Z,581518,0.00,2.94,11.49,37.21
2026-07-01T10:28:42Z,581518,0.00,1.97,11.49,37.21
2026-07-01T10:28:43Z,581518,0.00,33.33,11.49,37.21
2026-07-01T10:28:44Z,581518,0.00,1.96,11.49,37.21
2026-07-01T10:28:45Z,581518,0.00,2.94,11.49,37.21
2026-07-01T10:28:46Z,581518,0.00,1.97,11.49,37.21
2026-07-01T10:28:47Z,581518,0.00,2.93,11.49,37.21
2026-07-01T10:28:48Z,581518,0.00,1.96,11.49,37.21
2026-07-01T10:28:49Z,581518,0.00,3.92,11.49,37.21
2026-07-01T10:28:50Z,581518,0.00,0.99,11.49,37.21
2026-07-01T10:28:51Z,581518,0.00,1.96,11.49,37.21
2026-07-01T10:28:52Z,581518,0.00,1.96,11.49,37.21
2026-07-01T10:28:53Z,581518,0.00,2.94,11.49,37.21
2026-07-01T10:28:54Z,581518,0.00,1.96,11.49,37.21
2026-07-01T10:28:55Z,581518,0.00,1.97,11.49,37.21
2026-07-01T10:28:56Z,581518,0.00,2.94,11.49,37.21
2026-07-01T10:28:57Z,581518,0.00,2.94,11.49,37.21
2026-07-01T10:28:58Z,581518,0.00,1.97,11.49,37.21
2026-07-01T10:28:59Z,581518,0.00,1.96,11.49,37.21
2026-07-01T10:29:00Z,581518,0.00,1.96,11.49,37.21
2026-07-01T10:29:01Z,581518,0.00,1.97,11.49,37.21
2026-07-01T10:29:03Z,581518,0.00,1.96,11.49,37.21
2026-07-01T10:29:04Z,581518,0.00,2.94,11.49,37.21
2026-07-01T10:29:05Z,581518,0.00,1.96,11.49,37.21
2026-07-01T10:29:06Z,581518,0.00,1.97,11.49,37.21
2026-07-01T10:29:07Z,581518,0.00,33.33,11.49,37.21
2026-07-01T10:29:08Z,581518,0.00,1.96,11.49,37.21
2026-07-01T10:29:09Z,581518,0.00,1.97,11.49,37.21
2026-07-01T10:29:10Z,581518,0.00,2.93,11.49,37.21
2026-07-01T10:29:11Z,581518,0.00,0.99,11.49,37.21
2026-07-01T10:29:12Z,581518,0.00,2.93,11.49,37.21
2026-07-01T10:29:13Z,581518,0.98,1.97,11.49,37.21
2026-07-01T10:29:14Z,581518,0.00,2.96,11.49,37.21
2026-07-01T10:29:15Z,581518,0.00,2.93,11.49,37.21
2026-07-01T10:29:16Z,581518,0.00,0.99,11.49,37.21
2026-07-01T10:29:17Z,581518,0.00,2.93,11.49,37.21
2026-07-01T10:29:18Z,581518,0.00,2.94,11.49,37.21
2026-07-01T10:29:19Z,581518,0.00,0.99,11.49,37.21
2026-07-01T10:29:20Z,581518,0.00,2.94,11.49,37.21
2026-07-01T10:29:21Z,581518,0.00,0.99,11.49,37.21
2026-07-01T10:29:22Z,581518,0.00,1.96,11.49,37.21
2026-07-01T10:29:23Z,581518,0.00,3.92,11.49,37.21
2026-07-01T10:29:24Z,581518,0.00,0.99,11.49,37.21
2026-07-01T10:29:25Z,581518,0.00,2.94,11.49,37.21
2026-07-01T10:29:26Z,581518,0.00,1.97,11.49,37.21
2026-07-01T10:29:27Z,581518,0.00,2.93,11.49,37.21
2026-07-01T10:29:28Z,581518,0.00,1.96,11.49,37.21
2026-07-01T10:29:29Z,581518,0.00,1.96,11.49,37.21
2026-07-01T10:29:30Z,581518,0.00,2.93,11.49,37.21
2026-07-01T10:29:31Z,581518,0.00,1.98,11.49,37.21
2026-07-01T10:29:32Z,581518,0.00,1.96,11.49,37.21
2026-07-01T10:29:33Z,581518,0.00,1.96,11.49,37.21
2026-07-01T10:29:34Z,581518,0.00,2.94,11.49,37.21
2026-07-01T10:29:35Z,581518,0.00,2.94,11.49,37.21
2026-07-01T10:29:36Z,581518,0.00,1.97,11.49,37.21
2026-07-01T10:29:37Z,581518,0.00,1.96,11.49,37.21
2026-07-01T10:29:38Z,581518,0.00,2.94,11.49,37.21
2026-07-01T10:29:39Z,581518,0.00,2.94,11.49,37.21
2026-07-01T10:29:40Z,581518,0.00,1.97,11.49,37.21
2026-07-01T10:29:41Z,581518,0.00,1.97,11.49,37.21
2026-07-01T10:29:42Z,581518,0.00,3.90,11.49,37.21
2026-07-01T10:29:43Z,581518,0.00,0.99,11.49,37.21
2026-07-01T10:29:44Z,581518,0.00,2.93,11.49,37.21
2026-07-01T10:29:45Z,581518,0.00,0.99,11.49,37.21
2026-07-01T10:29:46Z,581518,0.00,1.97,11.49,37.21
2026-07-01T10:29:47Z,581518,0.00,1.96,11.49,37.21
2026-07-01T10:29:48Z,581518,0.00,2.94,11.49,37.21
2026-07-01T10:29:49Z,581518,0.00,1.98,11.49,37.21
2026-07-01T10:29:50Z,581518,0.00,2.93,11.49,37.21
2026-07-01T10:29:51Z,581518,0.00,0.99,11.49,37.21
2026-07-01T10:29:52Z,581518,0.00,2.93,11.49,37.21
2026-07-01T10:29:53Z,581518,0.00,1.96,11.49,37.21
2026-07-01T10:29:54Z,581518,0.00,1.97,11.49,37.21
2026-07-01T10:29:56Z,581518,0.00,1.96,11.49,37.21
2026-07-01T10:29:57Z,581518,0.00,1.96,11.49,37.21
2026-07-01T10:29:58Z,581518,0.00,33.33,11.49,37.21
2026-07-01T10:29:59Z,581518,0.00,1.97,11.49,37.21
2026-07-01T10:30:00Z,581518,0.00,3.92,11.49,37.21
2026-07-01T10:30:01Z,581518,0.00,1.97,11.49,37.21
2026-07-01T10:30:02Z,581518,0.00,32.51,11.49,37.21
2026-07-01T10:30:03Z,581518,0.00,1.96,11.49,37.21
2026-07-01T10:30:04Z,581518,0.00,2.94,11.49,37.21
2026-07-01T10:30:05Z,581518,0.00,2.94,11.49,37.21
2026-07-01T10:30:06Z,581518,0.00,1.97,11.49,37.21
2026-07-01T10:30:07Z,581518,0.00,1.97,11.49,37.21
2026-07-01T10:30:08Z,581518,0.00,1.96,11.49,37.21
2026-07-01T10:30:09Z,581518,0.00,1.97,11.49,37.21
2026-07-01T10:30:10Z,581518,0.00,2.93,11.49,37.21
2026-07-01T10:30:11Z,581518,0.00,1.97,11.49,37.21
2026-07-01T10:30:12Z,581518,0.00,2.93,11.49,37.21
2026-07-01T10:30:13Z,581518,0.00,2.94,11.49,37.21
2026-07-01T10:30:14Z,581518,0.00,1.97,11.49,37.21
2026-07-01T10:30:15Z,581518,0.00,2.94,11.49,37.21
2026-07-01T10:30:16Z,581518,0.00,2.96,11.49,37.21
2026-07-01T10:30:17Z,581518,0.00,32.20,11.49,37.21
2026-07-01T10:30:18Z,581518,0.00,1.97,11.49,37.21
2026-07-01T10:30:19Z,581518,0.00,1.96,11.49,37.21
2026-07-01T10:30:20Z,581518,0.00,2.96,11.49,37.21
2026-07-01T10:30:21Z,581518,0.00,1.97,11.49,37.21
2026-07-01T10:30:22Z,581518,0.00,1.97,11.49,37.21
2026-07-01T10:30:23Z,581518,0.00,2.93,11.49,37.21
2026-07-01T10:30:24Z,581518,0.00,0.99,11.49,37.21
2026-07-01T10:30:25Z,581518,0.00,2.94,11.49,37.21
2026-07-01T10:30:26Z,581518,0.00,1.96,11.49,37.21
2026-07-01T10:30:27Z,581518,0.00,1.97,11.49,37.21
2026-07-01T10:30:28Z,581518,0.00,2.94,11.49,37.21
2026-07-01T10:30:29Z,581518,0.00,33.33,11.49,37.21
2026-07-01T10:30:30Z,581518,0.00,1.97,11.49,37.21
2026-07-01T10:30:31Z,581518,0.00,2.93,11.49,37.21
2026-07-01T10:30:32Z,581518,0.00,0.99,11.49,37.21
2026-07-01T10:30:33Z,581518,0.00,31.53,11.49,37.21
2026-07-01T10:30:34Z,581518,0.00,2.94,11.49,37.21
2026-07-01T10:30:35Z,581518,0.00,2.94,11.49,37.21
2026-07-01T10:30:36Z,581518,0.00,0.99,11.49,37.21
2026-07-01T10:30:37Z,581518,0.00,32.35,11.49,37.21
2026-07-01T10:30:38Z,581518,0.00,1.96,11.49,37.21
2026-07-01T10:30:39Z,581518,0.00,31.53,11.49,37.21
2026-07-01T10:30:40Z,581518,0.98,2.94,11.49,37.21
2026-07-01T10:30:41Z,581518,0.00,32.35,11.49,37.21
2026-07-01T10:30:42Z,581518,0.00,2.96,11.49,37.21
2026-07-01T10:30:43Z,581518,0.00,1.97,11.49,37.21
2026-07-01T10:30:44Z,581518,0.00,2.93,11.49,37.21
2026-07-01T10:30:45Z,581518,0.00,1.97,11.49,37.21
2026-07-01T10:30:46Z,581518,0.00,1.97,11.49,37.21
2026-07-01T10:30:48Z,581518,0.00,2.93,11.49,37.21
2026-07-01T10:30:49Z,581518,0.00,1.96,11.49,37.21
2026-07-01T10:30:50Z,581518,0.00,2.94,11.49,37.21
2026-07-01T10:30:51Z,581518,0.00,2.94,11.49,37.21
2026-07-01T10:30:52Z,581518,0.00,1.96,11.49,37.21
2026-07-01T10:30:53Z,581518,0.00,2.93,11.49,37.21
2026-07-01T10:30:54Z,581518,0.00,0.99,11.49,37.21
2026-07-01T10:30:55Z,581518,0.00,2.93,11.49,37.21
2026-07-01T10:30:56Z,581518,0.00,1.98,11.49,37.21
2026-07-01T10:30:57Z,581518,0.00,2.93,11.49,37.21
2026-07-01T10:30:58Z,581518,0.00,1.97,11.49,37.21
2026-07-01T10:30:59Z,581518,0.00,1.97,11.49,37.21
2026-07-01T10:31:00Z,581518,0.00,2.93,11.49,37.21
2026-07-01T10:31:01Z,581518,0.00,1.97,11.49,37.21
2026-07-01T10:31:02Z,581518,0.00,1.96,11.49,37.21
2026-07-01T10:31:03Z,581518,0.00,1.97,11.49,37.21
2026-07-01T10:31:04Z,581518,0.00,2.94,11.49,37.21
2026-07-01T10:31:05Z,581518,0.00,1.96,11.49,37.21
2026-07-01T10:31:06Z,581518,0.00,1.97,11.49,37.21
2026-07-01T10:31:07Z,581518,0.00,2.94,11.49,37.21
2026-07-01T10:31:08Z,581518,0.00,1.96,11.49,37.21
2026-07-01T10:31:09Z,581518,0.00,2.94,11.49,37.21
2026-07-01T10:31:10Z,581518,0.00,1.96,11.49,37.21
2026-07-01T10:31:11Z,581518,0.00,2.96,11.49,37.21
2026-07-01T10:31:12Z,581518,0.00,1.96,11.49,37.21
2026-07-01T10:31:13Z,581518,0.00,1.97,11.49,37.21
2026-07-01T10:31:14Z,581518,0.00,16.59,11.49,37.21
2026-07-01T10:31:15Z,581518,0.00,19.61,11.49,37.21
2026-07-01T10:31:16Z,581518,0.00,0.99,11.49,37.21
2026-07-01T10:31:17Z,581518,0.00,2.94,11.49,37.21
2026-07-01T10:31:18Z,581518,0.00,1.97,11.49,37.21
2026-07-01T10:31:19Z,581518,0.98,1.96,11.49,37.21
2026-07-01T10:31:20Z,581518,0.00,2.96,11.49,37.21
2026-07-01T10:31:21Z,581518,0.98,32.35,11.49,37.21
2026-07-01T10:31:22Z,581518,0.00,1.97,11.49,37.21
2026-07-01T10:31:23Z,581518,0.00,1.97,11.49,37.21
2026-07-01T10:31:24Z,581518,0.00,2.93,11.49,37.21
2026-07-01T10:31:25Z,581518,0.00,1.97,11.49,37.21
2026-07-01T10:31:26Z,581518,0.00,1.96,11.49,37.21
2026-07-01T10:31:27Z,581518,0.00,2.96,11.49,37.21
2026-07-01T10:31:28Z,581518,0.00,1.97,11.49,37.21
2026-07-01T10:31:29Z,581518,0.00,1.96,11.49,37.21
2026-07-01T10:31:30Z,581518,0.00,2.94,11.49,37.21
2026-07-01T10:31:31Z,581518,0.00,0.99,11.49,37.21
2026-07-01T10:31:32Z,581518,0.00,1.97,11.49,37.21
2026-07-01T10:31:33Z,581518,0.00,2.93,11.49,37.21
2026-07-01T10:31:34Z,581518,0.00,0.99,11.49,37.21
2026-07-01T10:31:35Z,581518,0.00,4.88,11.49,37.21
2026-07-01T10:31:36Z,581518,0.00,1.96,11.49,37.21
2026-07-01T10:31:37Z,581518,0.00,1.97,11.49,37.21
2026-07-01T10:31:38Z,581518,0.00,2.94,11.49,37.21
2026-07-01T10:31:40Z,581518,0.00,0.99,11.49,37.21
2026-07-01T10:31:41Z,581518,0.00,2.94,11.49,37.21
2026-07-01T10:31:42Z,581518,0.00,1.97,11.49,37.21
2026-07-01T10:31:43Z,581518,0.98,2.94,11.49,37.21
2026-07-01T10:31:44Z,581518,0.00,1.97,11.49,37.21
2026-07-01T10:31:45Z,581518,0.00,1.96,11.49,37.21
2026-07-01T10:31:46Z,581518,0.00,1.97,11.49,37.21
2026-07-01T10:31:47Z,581518,0.00,2.94,11.49,37.21
2026-07-01T10:31:48Z,581518,0.00,1.96,11.49,37.21
2026-07-01T10:31:49Z,581518,0.00,1.98,11.49,37.21
2026-07-01T10:31:50Z,581518,0.00,2.94,11.49,37.21
2026-07-01T10:31:51Z,581518,0.98,2.94,11.49,37.21
2026-07-01T10:31:52Z,581518,0.00,1.97,11.49,37.21
2026-07-01T10:31:53Z,581518,0.00,2.93,11.49,37.21
2026-07-01T10:31:54Z,581518,0.00,1.97,11.49,37.21
2026-07-01T10:31:55Z,581518,0.00,2.94,11.49,37.21
2026-07-01T10:31:56Z,581518,0.00,1.96,11.49,37.21
2026-07-01T10:31:57Z,581518,0.00,3.94,11.49,37.21
2026-07-01T10:31:58Z,581518,0.00,1.96,11.49,37.21
2026-07-01T10:31:59Z,581518,0.00,2.93,11.49,37.21
2026-07-01T10:32:00Z,581518,0.00,0.99,11.49,37.21
2026-07-01T10:32:01Z,581518,0.00,1.97,11.49,37.21
2026-07-01T10:32:02Z,581518,0.00,1.96,11.49,37.21
2026-07-01T10:32:03Z,581518,0.98,4.88,11.49,37.21
2026-07-01T10:32:04Z,581518,0.00,31.68,11.49,37.21
2026-07-01T10:32:05Z,581518,0.00,32.35,11.49,37.21
2026-07-01T10:32:06Z,581518,0.00,1.96,11.49,37.21
2026-07-01T10:32:07Z,581518,0.00,1.97,11.49,37.21
2026-07-01T10:32:08Z,581518,0.00,2.94,11.49,37.21
2026-07-01T10:32:09Z,581518,0.00,1.96,11.49,37.21
2026-07-01T10:32:10Z,581518,0.00,1.97,11.49,37.21
2026-07-01T10:32:11Z,581518,0.00,33.50,11.49,37.21
2026-07-01T10:32:12Z,581518,0.00,2.93,11.49,37.21
2026-07-01T10:32:13Z,581518,0.00,0.99,11.49,37.21
2026-07-01T10:32:14Z,581518,0.00,2.93,11.49,37.21
2026-07-01T10:32:15Z,581518,0.00,1.97,11.49,37.21
2026-07-01T10:32:16Z,581518,0.98,1.97,11.49,37.21
2026-07-01T10:32:17Z,581518,0.00,2.94,11.49,37.21
2026-07-01T10:32:18Z,581518,0.00,1.97,11.49,37.21
2026-07-01T10:32:19Z,581518,0.98,3.92,11.49,37.21
2026-07-01T10:32:20Z,581518,0.00,3.92,11.49,37.21
2026-07-01T10:32:21Z,581518,0.00,3.92,11.49,37.21
2026-07-01T10:32:22Z,581518,0.00,0.99,11.49,37.21
2026-07-01T10:32:23Z,581518,0.00,2.94,11.49,37.21
2026-07-01T10:32:24Z,581518,0.00,1.96,11.49,37.21
2026-07-01T10:32:25Z,581518,0.00,1.97,11.49,37.21
2026-07-01T10:32:26Z,581518,0.00,2.93,11.49,37.21
2026-07-01T10:32:27Z,581518,0.00,1.97,11.49,37.21
2026-07-01T10:32:28Z,581518,0.00,1.95,11.49,37.21
2026-07-01T10:32:29Z,581518,0.00,1.97,11.49,37.21
2026-07-01T10:32:30Z,581518,0.00,2.94,11.49,37.21
2026-07-01T10:32:32Z,581518,0.00,1.97,11.49,37.21
2026-07-01T10:32:33Z,581518,0.00,2.93,11.49,37.21
2026-07-01T10:32:34Z,581518,0.00,0.99,11.49,37.21
2026-07-01T10:32:35Z,581518,0.00,2.93,11.49,37.21
2026-07-01T10:32:36Z,581518,0.00,1.97,11.49,37.21
2026-07-01T10:32:37Z,581518,0.00,2.94,11.49,37.21
2026-07-01T10:32:38Z,581518,0.00,1.96,11.49,37.21
2026-07-01T10:32:39Z,581518,0.00,1.96,11.49,37.21
2026-07-01T10:32:40Z,581518,0.00,1.97,11.49,37.21
2026-07-01T10:32:41Z,581518,0.00,2.94,11.49,37.21
2026-07-01T10:32:42Z,581518,0.00,2.94,11.49,37.21
2026-07-01T10:32:43Z,581518,0.00,1.97,11.49,37.21
2026-07-01T10:32:44Z,581518,0.00,2.93,11.49,37.21
2026-07-01T10:32:45Z,581518,0.00,1.97,11.49,37.21
2026-07-01T10:32:46Z,581518,0.00,2.94,11.49,37.21
2026-07-01T10:32:47Z,581518,0.98,0.99,11.49,37.21
2026-07-01T10:32:48Z,581518,0.00,2.94,11.49,37.21
2026-07-01T10:32:49Z,581518,0.00,2.96,11.49,37.21
2026-07-01T10:32:50Z,581518,0.00,1.97,11.49,37.21
2026-07-01T10:32:51Z,581518,0.00,1.97,11.49,37.21
2026-07-01T10:32:52Z,581518,0.98,2.94,11.49,37.21
2026-07-01T10:32:53Z,581518,0.00,1.96,11.49,37.21
2026-07-01T10:32:54Z,581518,0.00,1.97,11.49,37.21
2026-07-01T10:32:55Z,581518,0.00,1.96,11.49,37.21
2026-07-01T10:32:56Z,581518,0.98,1.97,11.49,37.21
2026-07-01T10:32:57Z,581518,0.00,3.90,11.49,37.21
2026-07-01T10:32:58Z,581518,0.00,1.97,11.49,37.21
2026-07-01T10:32:59Z,581518,0.00,2.96,11.49,37.21
2026-07-01T10:33:00Z,581518,0.98,1.96,11.49,37.21
2026-07-01T10:33:01Z,581518,0.00,1.97,11.49,37.21
2026-07-01T10:33:02Z,581518,0.00,1.97,11.49,37.21
2026-07-01T10:33:03Z,581518,0.00,2.93,11.49,37.21
2026-07-01T10:33:04Z,581518,0.00,0.99,11.49,37.21
2026-07-01T10:33:05Z,581518,0.00,2.93,11.49,37.21
2026-07-01T10:33:06Z,581518,0.00,1.96,11.49,37.21
2026-07-01T10:33:07Z,581518,0.00,2.94,11.49,37.21
2026-07-01T10:33:08Z,581518,0.00,0.99,11.49,37.21
2026-07-01T10:33:09Z,581518,0.00,2.96,11.49,37.21
2026-07-01T10:33:10Z,581518,0.00,2.94,11.49,37.21
2026-07-01T10:33:11Z,581518,0.00,1.96,11.49,37.21
2026-07-01T10:33:12Z,581518,0.00,2.94,11.49,37.21
2026-07-01T10:33:13Z,581518,0.00,0.99,11.49,37.21
2026-07-01T10:33:14Z,581518,0.00,1.97,11.49,37.21
2026-07-01T10:33:15Z,581518,0.98,1.97,11.49,37.21
2026-07-01T10:33:16Z,581518,0.00,2.93,11.49,37.21
2026-07-01T10:33:17Z,581518,0.00,2.96,11.49,37.21
2026-07-01T10:33:18Z,581518,0.00,2.94,11.49,37.21
2026-07-01T10:33:19Z,581518,0.00,2.94,11.49,37.21
2026-07-01T10:33:20Z,581518,0.00,0.99,11.49,37.21
2026-07-01T10:33:21Z,581518,0.00,2.93,11.49,37.21
2026-07-01T10:33:22Z,581518,0.00,1.97,11.49,37.21
2026-07-01T10:33:24Z,581518,0.00,1.96,11.49,37.21
2026-07-01T10:33:25Z,581518,0.00,1.97,11.49,37.21
2026-07-01T10:33:26Z,581518,0.00,2.94,11.49,37.21
2026-07-01T10:33:27Z,581518,0.00,2.93,11.49,37.21
2026-07-01T10:33:28Z,581518,0.00,0.99,11.49,37.21
2026-07-01T10:33:29Z,581518,0.00,2.94,11.49,37.21
2026-07-01T10:33:30Z,581518,0.00,0.99,11.49,37.21
2026-07-01T10:33:31Z,581518,0.00,2.93,11.49,37.21
2026-07-01T10:33:32Z,581518,0.00,0.99,11.49,37.21
2026-07-01T10:33:33Z,581518,0.00,2.93,11.49,37.21
2026-07-01T10:33:34Z,581518,0.00,1.97,11.49,37.21
2026-07-01T10:33:35Z,581518,0.00,2.94,11.49,37.21
2026-07-01T10:33:36Z,581518,0.00,31.53,11.49,37.21
2026-07-01T10:33:37Z,581518,0.00,2.94,11.49,37.21
2026-07-01T10:33:38Z,581518,0.00,0.99,11.49,37.21
2026-07-01T10:33:39Z,581518,0.00,1.96,11.49,37.21
2026-07-01T10:33:40Z,581518,0.00,1.97,11.49,37.21
2026-07-01T10:33:41Z,581518,0.00,1.96,11.49,37.21
2026-07-01T10:33:42Z,581518,0.00,2.93,11.49,37.21
2026-07-01T10:33:43Z,581518,0.00,0.99,11.49,37.21
2026-07-01T10:33:44Z,581518,0.00,3.92,11.49,37.21
2026-07-01T10:33:45Z,581518,0.00,1.96,11.49,37.21
2026-07-01T10:33:46Z,581518,0.00,1.97,11.49,37.21
2026-07-01T10:33:47Z,581518,0.00,1.97,11.49,37.21
2026-07-01T10:33:48Z,581518,0.00,1.97,11.49,37.21
2026-07-01T10:33:49Z,581518,0.98,2.93,11.49,37.21
2026-07-01T10:33:50Z,581518,0.00,2.94,11.49,37.21
2026-07-01T10:33:51Z,581518,0.00,0.99,11.49,37.21
2026-07-01T10:33:52Z,581518,0.00,2.94,11.49,37.21
2026-07-01T10:33:53Z,581518,0.00,3.90,11.49,37.21
2026-07-01T10:33:54Z,581518,0.00,1.97,11.49,37.21
2026-07-01T10:33:55Z,581518,0.00,2.94,11.49,37.21
2026-07-01T10:33:56Z,581518,0.00,1.97,11.49,37.21
2026-07-01T10:33:57Z,581518,0.00,2.93,11.49,37.21
2026-07-01T10:33:58Z,581518,0.00,1.97,11.49,37.21
2026-07-01T10:33:59Z,581518,0.00,1.97,11.49,37.21
2026-07-01T10:34:00Z,581518,0.00,33.33,11.49,37.21
2026-07-01T10:34:01Z,581518,0.00,1.96,11.49,37.21
2026-07-01T10:34:02Z,581518,0.00,1.97,11.49,37.21
2026-07-01T10:34:03Z,581518,0.00,1.96,11.49,37.21
2026-07-01T10:34:04Z,581518,0.00,1.97,11.49,37.21
2026-07-01T10:34:05Z,581518,0.00,2.94,11.49,37.21
2026-07-01T10:34:06Z,581518,0.00,0.99,11.49,37.21
2026-07-01T10:34:07Z,581518,0.00,3.92,11.49,37.21
2026-07-01T10:34:08Z,581518,0.98,1.97,11.49,37.21
2026-07-01T10:34:09Z,581518,0.00,0.99,11.49,37.21
2026-07-01T10:34:10Z,581518,0.00,2.94,11.49,37.21
2026-07-01T10:34:11Z,581518,0.00,1.96,11.49,37.21
2026-07-01T10:34:12Z,581518,0.00,2.94,11.49,37.21
2026-07-01T10:34:13Z,581518,0.00,1.96,11.49,37.21
2026-07-01T10:34:14Z,581518,0.00,2.94,11.49,37.21
2026-07-01T10:34:16Z,581518,0.00,1.97,11.49,37.21
2026-07-01T10:34:17Z,581518,0.98,2.94,11.49,37.21
2026-07-01T10:34:18Z,581518,0.00,32.67,11.49,37.21
2026-07-01T10:34:19Z,581518,0.00,2.94,11.49,37.21
2026-07-01T10:34:20Z,581518,0.00,2.94,11.49,37.21
2026-07-01T10:34:21Z,581518,0.00,2.93,11.49,37.21
2026-07-01T10:34:22Z,581518,0.00,1.97,11.49,37.21
2026-07-01T10:34:23Z,581518,0.00,2.94,11.49,37.21
2026-07-01T10:34:24Z,581518,0.00,1.97,11.49,37.21
2026-07-01T10:34:25Z,581518,0.00,11.71,11.49,37.21
2026-07-01T10:34:26Z,581518,0.00,23.53,11.49,37.21
2026-07-01T10:34:27Z,581518,0.00,1.97,11.49,37.21
2026-07-01T10:34:28Z,581518,0.00,1.96,11.49,37.21
2026-07-01T10:34:29Z,581518,0.00,2.94,11.49,37.21
2026-07-01T10:34:30Z,581518,0.00,1.96,11.49,37.21
2026-07-01T10:34:31Z,581518,0.00,1.97,11.49,37.21
2026-07-01T10:34:32Z,581518,0.00,1.97,11.49,37.21
2026-07-01T10:34:33Z,581518,0.00,2.94,11.49,37.21
2026-07-01T10:34:34Z,581518,0.00,1.96,11.49,37.21
2026-07-01T10:34:35Z,581518,0.00,1.97,11.49,37.21
2026-07-01T10:34:36Z,581518,0.00,1.96,11.49,37.21
2026-07-01T10:34:37Z,581518,0.00,1.96,11.49,37.21
2026-07-01T10:34:38Z,581518,0.00,2.96,11.49,37.21
2026-07-01T10:34:39Z,581518,0.00,2.94,11.49,37.21
2026-07-01T10:34:40Z,581518,0.00,2.94,11.49,37.21
2026-07-01T10:34:41Z,581518,0.00,31.37,11.49,37.21
2026-07-01T10:34:42Z,581518,0.00,1.97,11.49,37.21
2026-07-01T10:34:43Z,581518,0.00,1.97,11.49,37.21
2026-07-01T10:34:44Z,581518,0.00,2.93,11.49,37.21
2026-07-01T10:34:45Z,581518,0.00,1.97,11.49,37.21
2026-07-01T10:34:46Z,581518,0.00,2.96,11.49,37.21
2026-07-01T10:34:47Z,581518,0.00,3.90,11.49,37.21
2026-07-01T10:34:48Z,581518,0.98,1.97,11.49,37.21
2026-07-01T10:34:49Z,581518,0.00,1.97,11.49,37.21
2026-07-01T10:34:50Z,581518,0.00,2.94,11.49,37.21
2026-07-01T10:34:51Z,581518,0.00,1.97,11.49,37.21
2026-07-01T10:34:52Z,581518,0.00,1.96,11.49,37.21
2026-07-01T10:34:53Z,581518,0.00,1.97,11.49,37.21
2026-07-01T10:34:54Z,581518,0.00,2.94,11.49,37.21
2026-07-01T10:34:55Z,581518,0.00,2.94,11.49,37.21
2026-07-01T10:34:56Z,581518,0.00,1.97,11.49,37.21
2026-07-01T10:34:57Z,581518,0.98,1.96,11.49,37.21
2026-07-01T10:34:58Z,581518,0.00,0.99,11.49,37.21
2026-07-01T10:34:59Z,581518,0.00,2.91,11.49,37.21
2026-07-01T10:35:00Z,581518,0.00,1.97,11.49,37.21
2026-07-01T10:35:01Z,581518,0.00,2.94,11.49,37.21
2026-07-01T10:35:02Z,581518,0.00,2.96,11.49,37.21
2026-07-01T10:35:03Z,581518,0.98,1.97,11.49,37.21
2026-07-01T10:35:04Z,581518,0.00,2.94,11.49,37.21
2026-07-01T10:35:05Z,581518,0.00,1.97,11.49,37.21
2026-07-01T10:35:06Z,581518,0.00,2.93,11.49,37.21
2026-07-01T10:35:08Z,581518,0.00,1.97,11.49,37.21
2026-07-01T10:35:09Z,581518,0.00,1.96,11.49,37.21
2026-07-01T10:35:10Z,581518,0.00,2.96,11.49,37.21
2026-07-01T10:35:11Z,581518,0.00,1.96,11.49,37.21
2026-07-01T10:35:12Z,581518,0.00,3.90,11.49,37.21
2026-07-01T10:35:13Z,581518,0.00,1.97,11.49,37.21
2026-07-01T10:35:14Z,581518,0.00,2.94,11.49,37.21
2026-07-01T10:35:15Z,581518,0.00,0.99,11.49,37.21
2026-07-01T10:35:16Z,581518,0.00,2.94,11.49,37.21
2026-07-01T10:35:17Z,581518,0.98,1.97,11.49,37.21
2026-07-01T10:35:18Z,581518,0.00,2.94,11.49,37.21
2026-07-01T10:35:19Z,581518,0.00,1.97,11.49,37.21
2026-07-01T10:35:20Z,581518,0.00,1.97,11.49,37.21
2026-07-01T10:35:21Z,581518,0.00,2.94,11.49,37.21
2026-07-01T10:35:22Z,581518,0.00,1.96,11.49,37.21
2026-07-01T10:35:23Z,581518,0.00,1.97,11.49,37.21
2026-07-01T10:35:24Z,581518,0.00,2.94,11.49,37.21
2026-07-01T10:35:25Z,581518,0.00,1.96,11.49,37.21
2026-07-01T10:35:26Z,581518,0.00,1.97,11.49,37.21
2026-07-01T10:35:27Z,581518,0.00,2.94,11.49,37.21
2026-07-01T10:35:28Z,581518,0.00,0.99,11.49,37.21
2026-07-01T10:35:29Z,581518,0.00,3.90,11.49,37.21
2026-07-01T10:35:30Z,581518,0.98,1.97,11.49,37.21
2026-07-01T10:35:31Z,581518,0.00,1.96,11.49,37.21
2026-07-01T10:35:32Z,581518,0.00,1.97,11.49,37.21
2026-07-01T10:35:33Z,581518,0.00,1.97,11.49,37.21
2026-07-01T10:35:34Z,581518,0.00,1.96,11.49,37.21
2026-07-01T10:35:35Z,581518,0.00,1.97,11.49,37.21
2026-07-01T10:35:36Z,581518,0.00,2.93,11.49,37.21
2026-07-01T10:35:37Z,581518,0.00,1.96,11.49,37.21
2026-07-01T10:35:38Z,581518,0.00,2.96,11.49,37.21
2026-07-01T10:35:39Z,581518,0.00,1.97,11.49,37.21
2026-07-01T10:35:40Z,581518,0.00,2.93,11.49,37.21
2026-07-01T10:35:41Z,581518,0.00,0.99,11.49,37.21
2026-07-01T10:35:42Z,581518,0.00,3.90,11.49,37.21
2026-07-01T10:35:43Z,581518,0.00,1.96,11.49,37.21
2026-07-01T10:35:44Z,581518,0.00,1.97,11.49,37.21
2026-07-01T10:35:45Z,581518,0.00,2.96,11.49,37.21
2026-07-01T10:35:46Z,581518,0.00,32.35,11.49,37.21
2026-07-01T10:35:47Z,581518,0.00,1.97,11.49,37.21
2026-07-01T10:35:48Z,581518,0.00,3.90,11.49,37.21
2026-07-01T10:35:49Z,581518,0.98,32.51,11.49,37.21
2026-07-01T10:35:50Z,581518,0.00,1.97,11.49,37.21
2026-07-01T10:35:51Z,581518,0.00,2.93,11.49,37.21
2026-07-01T10:35:52Z,581518,0.00,0.99,11.49,37.21
2026-07-01T10:35:53Z,581518,0.00,2.94,11.49,37.21
2026-07-01T10:35:54Z,581518,0.00,1.96,11.49,37.21
2026-07-01T10:35:55Z,581518,0.00,1.97,11.49,37.21
2026-07-01T10:35:56Z,581518,0.98,2.93,11.49,37.21
2026-07-01T10:35:57Z,581518,0.00,0.99,11.49,37.21
2026-07-01T10:35:58Z,581518,0.00,3.90,11.49,37.21
2026-07-01T10:35:59Z,581518,0.00,0.99,11.49,37.21
2026-07-01T10:36:01Z,581518,0.00,1.97,11.49,37.21
2026-07-01T10:36:02Z,581518,0.00,2.94,11.49,37.21
2026-07-01T10:36:03Z,581518,0.00,1.96,11.49,37.21
2026-07-01T10:36:04Z,581518,0.98,1.97,11.49,37.21
2026-07-01T10:36:05Z,581518,0.00,2.93,11.49,37.21
2026-07-01T10:36:06Z,581518,0.00,2.94,11.49,37.21
2026-07-01T10:36:07Z,581518,0.98,1.97,11.49,37.21
2026-07-01T10:36:08Z,581518,0.00,1.97,11.49,37.21
2026-07-01T10:36:09Z,581518,0.00,3.92,11.49,37.21
2026-07-01T10:36:10Z,581518,0.00,1.96,11.49,37.21
2026-07-01T10:36:11Z,581518,0.00,2.94,11.49,37.21
2026-07-01T10:36:12Z,581518,0.98,2.94,11.49,37.21
2026-07-01T10:36:13Z,581518,0.00,3.92,11.49,37.21
2026-07-01T10:36:14Z,581518,0.00,31.53,11.49,37.21
2026-07-01T10:36:15Z,581518,0.00,1.97,11.49,37.21
2026-07-01T10:36:16Z,581518,0.00,32.51,11.49,37.21
2026-07-01T10:36:17Z,581518,0.00,2.94,11.49,37.21
2026-07-01T10:36:18Z,581518,0.98,1.98,11.49,37.21
2026-07-01T10:36:19Z,581518,0.00,2.94,11.49,37.21
2026-07-01T10:36:20Z,581518,0.00,33.33,11.49,37.21
2026-07-01T10:36:21Z,581518,0.00,1.96,11.49,37.21
2026-07-01T10:36:22Z,581518,0.00,32.51,11.49,37.21
2026-07-01T10:36:23Z,581518,0.00,2.93,11.49,37.21
2026-07-01T10:36:24Z,581518,0.00,1.97,11.49,37.21
2026-07-01T10:36:25Z,581518,0.00,31.68,11.49,37.21
2026-07-01T10:36:26Z,581518,0.00,32.20,11.49,37.21
2026-07-01T10:36:27Z,581518,0.00,2.94,11.49,37.21
2026-07-01T10:36:28Z,581518,0.00,1.97,11.49,37.21
2026-07-01T10:36:29Z,581518,0.00,2.96,11.49,37.21
2026-07-01T10:36:30Z,581518,0.00,1.96,11.49,37.21
2026-07-01T10:36:31Z,581518,0.00,2.94,11.49,37.21
2026-07-01T10:36:32Z,581518,0.00,1.96,11.49,37.21
2026-07-01T10:36:33Z,581518,0.00,0.99,11.49,37.21
2026-07-01T10:36:34Z,581518,0.00,1.97,11.49,37.21
2026-07-01T10:36:35Z,581518,0.00,1.96,11.49,37.21
2026-07-01T10:36:36Z,581518,0.00,3.92,11.49,37.21
2026-07-01T10:36:37Z,581518,0.00,2.94,11.49,37.21
2026-07-01T10:36:38Z,581518,0.00,0.99,11.49,37.21
2026-07-01T10:36:39Z,581518,0.00,1.97,11.49,37.21
2026-07-01T10:36:40Z,581518,0.00,2.93,11.49,37.21
2026-07-01T10:36:41Z,581518,0.00,1.97,11.49,37.21
2026-07-01T10:36:42Z,581518,0.98,1.97,11.49,37.21
2026-07-01T10:36:43Z,581518,0.00,2.94,11.49,37.21
2026-07-01T10:36:44Z,581518,0.00,1.97,11.49,37.21
2026-07-01T10:36:45Z,581518,0.00,1.97,11.49,37.21
2026-07-01T10:36:46Z,581518,0.00,2.94,11.49,37.21
2026-07-01T10:36:47Z,581518,0.00,2.94,11.49,37.21
2026-07-01T10:36:48Z,581518,0.00,2.93,11.49,37.21
2026-07-01T10:36:49Z,581518,0.00,1.97,11.49,37.21
2026-07-01T10:36:50Z,581518,0.00,1.96,11.49,37.21
2026-07-01T10:36:51Z,581518,0.00,1.97,11.49,37.21
2026-07-01T10:36:53Z,581518,0.00,2.93,11.49,37.21
2026-07-01T10:36:54Z,581518,0.00,2.96,11.49,37.21
2026-07-01T10:36:55Z,581518,0.00,32.35,11.49,37.21
2026-07-01T10:36:56Z,581518,0.00,1.97,11.49,37.21
2026-07-01T10:36:57Z,581518,0.00,1.96,11.49,37.21
2026-07-01T10:36:58Z,581518,0.00,2.94,11.49,37.21
2026-07-01T10:36:59Z,581518,0.00,0.99,11.49,37.21
2026-07-01T10:37:00Z,581518,0.00,1.96,11.49,37.21
2026-07-01T10:37:01Z,581518,0.00,2.94,11.49,37.21
2026-07-01T10:37:02Z,581518,0.00,2.94,11.49,37.21
2026-07-01T10:37:03Z,581518,0.00,0.99,11.49,37.21
2026-07-01T10:37:04Z,581518,0.00,1.97,11.49,37.21
2026-07-01T10:37:05Z,581518,0.00,2.93,11.49,37.21
2026-07-01T10:37:06Z,581518,0.00,0.99,11.49,37.21
2026-07-01T10:37:07Z,581518,0.00,1.96,11.49,37.21
2026-07-01T10:37:08Z,581518,0.00,2.93,11.49,37.21
2026-07-01T10:37:09Z,581518,0.00,1.97,11.49,37.21
2026-07-01T10:37:10Z,581518,0.00,1.97,11.49,37.21
2026-07-01T10:37:11Z,581518,0.00,1.97,11.49,37.21
2026-07-01T10:37:12Z,581518,0.98,2.94,11.49,37.21
2026-07-01T10:37:13Z,581518,0.98,2.93,11.49,37.21
2026-07-01T10:37:14Z,581518,0.00,1.97,11.49,37.21
2026-07-01T10:37:15Z,581518,0.00,2.94,11.49,37.21
2026-07-01T10:37:16Z,581518,0.00,1.97,11.49,37.21
2026-07-01T10:37:17Z,581518,0.00,2.96,11.49,37.21
2026-07-01T10:37:18Z,581518,0.00,1.96,11.49,37.21
2026-07-01T10:37:19Z,581518,0.00,1.97,11.49,37.21
2026-07-01T10:37:20Z,581518,0.00,1.97,11.49,37.21
2026-07-01T10:37:21Z,581518,0.00,2.93,11.49,37.21
2026-07-01T10:37:22Z,581518,0.00,1.97,11.49,37.21
2026-07-01T10:37:23Z,581518,0.98,1.97,11.49,37.21
2026-07-01T10:37:24Z,581518,0.00,1.96,11.49,37.21
2026-07-01T10:37:25Z,581518,0.00,2.96,11.49,37.21
2026-07-01T10:37:26Z,581518,0.00,1.96,11.49,37.21
2026-07-01T10:37:27Z,581518,0.00,2.94,11.49,37.21
2026-07-01T10:37:28Z,581518,0.00,30.69,11.49,37.21
2026-07-01T10:37:29Z,581518,0.00,2.93,11.49,37.21
2026-07-01T10:37:30Z,581518,0.00,1.97,11.49,37.21
2026-07-01T10:37:31Z,581518,0.00,1.96,11.49,37.21
2026-07-01T10:37:32Z,581518,0.00,1.97,11.49,37.21
2026-07-01T10:37:33Z,581518,0.00,2.94,11.49,37.21
2026-07-01T10:37:34Z,581518,0.00,32.51,11.49,37.21
2026-07-01T10:37:35Z,581518,0.00,2.94,11.49,37.21
2026-07-01T10:37:36Z,581518,0.00,2.96,11.49,37.21
2026-07-01T10:37:37Z,581518,0.00,0.99,11.49,37.21
2026-07-01T10:37:38Z,581518,0.00,3.90,11.49,37.21
2026-07-01T10:37:39Z,581518,0.00,1.96,11.49,37.21
2026-07-01T10:37:40Z,581518,0.00,1.97,11.49,37.21
2026-07-01T10:37:41Z,581518,0.00,2.93,11.49,37.21
2026-07-01T10:37:42Z,581518,0.00,1.97,11.49,37.21
2026-07-01T10:37:43Z,581518,0.00,2.94,11.49,37.21
2026-07-01T10:37:44Z,581518,0.98,1.97,11.49,37.21
2026-07-01T10:37:46Z,581518,0.98,32.51,11.49,37.21
2026-07-01T10:37:47Z,581518,0.00,2.93,11.49,37.21
2026-07-01T10:37:48Z,581518,0.00,1.97,11.49,37.21
2026-07-01T10:37:49Z,581518,0.00,2.93,11.49,37.21
2026-07-01T10:37:50Z,581518,0.00,0.99,11.49,37.21
2026-07-01T10:37:51Z,581518,0.00,2.94,11.49,37.21
2026-07-01T10:37:52Z,581518,0.00,1.97,11.49,37.21
2026-07-01T10:37:53Z,581518,0.00,1.97,11.49,37.21
2026-07-01T10:37:54Z,581518,0.00,2.93,11.49,37.21
2026-07-01T10:37:55Z,581518,0.00,2.94,11.49,37.21
2026-07-01T10:37:56Z,581518,0.00,0.99,11.49,37.21
2026-07-01T10:37:57Z,581518,0.00,1.97,11.49,37.21
2026-07-01T10:37:58Z,581518,0.00,1.96,11.49,37.21
2026-07-01T10:37:59Z,581518,0.00,2.94,11.49,37.21
2026-07-01T10:38:00Z,581518,0.00,1.98,11.49,37.21
2026-07-01T10:38:01Z,581518,0.00,1.96,11.49,37.21
2026-07-01T10:38:02Z,581518,0.00,1.97,11.49,37.21
2026-07-01T10:38:03Z,581518,0.00,1.96,11.49,37.21
2026-07-01T10:38:04Z,581518,0.98,2.94,11.49,37.21
2026-07-01T10:38:05Z,581518,0.00,1.96,11.49,37.21
2026-07-01T10:38:06Z,581518,0.00,1.97,11.49,37.21
2026-07-01T10:38:07Z,581518,0.00,2.94,11.49,37.21
2026-07-01T10:38:08Z,581518,0.00,15.69,11.49,37.21
2026-07-01T10:38:09Z,581518,0.00,22.55,11.49,37.21
2026-07-01T10:38:10Z,581518,0.00,32.20,11.49,37.21
2026-07-01T10:38:11Z,581518,0.00,1.97,11.49,37.21
2026-07-01T10:38:12Z,581518,0.00,1.96,11.49,37.21
2026-07-01T10:38:13Z,581518,0.00,2.94,11.49,37.21
2026-07-01T10:38:14Z,581518,0.00,2.96,11.49,37.21
2026-07-01T10:38:15Z,581518,0.00,0.99,11.49,37.21
2026-07-01T10:38:16Z,581518,0.00,33.50,11.49,37.21
2026-07-01T10:38:17Z,581518,0.98,1.97,11.49,37.21
2026-07-01T10:38:18Z,581518,0.00,2.93,11.49,37.21
2026-07-01T10:38:19Z,581518,0.00,0.99,11.49,37.21
2026-07-01T10:38:20Z,581518,0.00,2.93,11.49,37.21
2026-07-01T10:38:21Z,581518,0.00,2.94,11.49,37.21
2026-07-01T10:38:22Z,581518,0.00,1.96,11.49,37.21
2026-07-01T10:38:23Z,581518,0.00,2.96,11.49,37.21
2026-07-01T10:38:24Z,581518,0.00,1.96,11.49,37.21
2026-07-01T10:38:25Z,581518,0.00,32.51,11.49,37.21
2026-07-01T10:38:26Z,581518,0.00,1.96,11.49,37.21
2026-07-01T10:38:27Z,581518,0.00,2.94,11.49,37.21
2026-07-01T10:38:28Z,581518,0.98,0.99,11.49,37.21
2026-07-01T10:38:29Z,581518,0.00,1.96,11.49,37.21
2026-07-01T10:38:30Z,581518,0.00,2.94,11.49,37.21
2026-07-01T10:38:31Z,581518,0.00,33.50,11.49,37.21
2026-07-01T10:38:32Z,581518,0.00,1.97,11.49,37.21
2026-07-01T10:38:33Z,581518,0.00,2.93,11.49,37.21
2026-07-01T10:38:34Z,581518,0.00,1.97,11.49,37.21
2026-07-01T10:38:35Z,581518,0.00,1.97,11.49,37.21
2026-07-01T10:38:36Z,581518,0.00,1.96,11.49,37.21
2026-07-01T10:38:38Z,581518,0.00,2.94,11.49,37.21
2026-07-01T10:38:39Z,581518,0.00,0.99,11.49,37.21
2026-07-01T10:38:40Z,581518,0.00,1.97,11.49,37.21
2026-07-01T10:38:41Z,581518,0.00,2.93,11.49,37.21
2026-07-01T10:38:42Z,581518,0.00,2.96,11.49,37.21
2026-07-01T10:38:43Z,581518,0.00,1.96,11.49,37.21
2026-07-01T10:38:44Z,581518,0.00,2.96,11.49,37.21
2026-07-01T10:38:45Z,581518,0.98,1.96,11.49,37.21
2026-07-01T10:38:46Z,581518,0.00,2.96,11.49,37.21
2026-07-01T10:38:47Z,581518,0.00,1.96,11.49,37.21
2026-07-01T10:38:48Z,581518,0.00,1.97,11.49,37.21
2026-07-01T10:38:49Z,581518,0.00,1.96,11.49,37.21
2026-07-01T10:38:50Z,581518,0.00,1.97,11.49,37.21
2026-07-01T10:38:51Z,581518,0.00,1.97,11.49,37.21
2026-07-01T10:38:52Z,581518,0.00,3.90,11.49,37.21
2026-07-01T10:38:53Z,581518,0.00,1.97,11.49,37.21
2026-07-01T10:38:54Z,581518,0.00,1.96,11.49,37.21
2026-07-01T10:38:55Z,581518,0.00,1.97,11.49,37.21
2026-07-01T10:38:56Z,581518,0.00,1.96,11.49,37.21
2026-07-01T10:38:57Z,581518,0.00,1.97,11.49,37.21
2026-07-01T10:38:58Z,581518,0.00,1.96,11.49,37.21
2026-07-01T10:38:59Z,581518,0.00,1.97,11.49,37.21
2026-07-01T10:39:00Z,581518,0.98,2.93,11.49,37.21
2026-07-01T10:39:01Z,581518,0.00,1.97,11.49,37.21
2026-07-01T10:39:02Z,581518,0.00,2.94,11.49,37.21
2026-07-01T10:39:03Z,581518,0.00,1.97,11.49,37.21
2026-07-01T10:39:04Z,581518,0.00,1.96,11.49,37.21
2026-07-01T10:39:05Z,581518,0.00,1.97,11.49,37.21
2026-07-01T10:39:06Z,581518,0.00,2.93,11.49,37.21
2026-07-01T10:39:07Z,581518,0.00,3.92,11.49,37.21
2026-07-01T10:39:08Z,581518,0.00,31.53,11.49,37.21
2026-07-01T10:39:09Z,581518,0.00,1.96,11.49,37.21
2026-07-01T10:39:10Z,581518,0.00,4.90,11.49,37.21
2026-07-01T10:39:11Z,581518,0.00,30.39,11.49,37.21
2026-07-01T10:39:12Z,581518,0.00,2.94,11.49,37.21
2026-07-01T10:39:13Z,581518,0.00,1.97,11.49,37.21
2026-07-01T10:39:14Z,581518,0.00,2.94,11.49,37.21
2026-07-01T10:39:15Z,581518,0.00,1.97,11.49,37.21
2026-07-01T10:39:16Z,581518,0.00,0.99,11.49,37.21
2026-07-01T10:39:17Z,581518,0.00,2.94,11.49,37.21
2026-07-01T10:39:18Z,581518,0.98,2.94,11.49,37.21
2026-07-01T10:39:19Z,581518,0.00,32.51,11.49,37.21
2026-07-01T10:39:20Z,581518,0.00,1.96,11.49,37.21
2026-07-01T10:39:21Z,581518,0.00,1.97,11.49,37.21
2026-07-01T10:39:22Z,581518,0.00,2.93,11.49,37.21
2026-07-01T10:39:23Z,581518,0.00,1.97,11.49,37.21
2026-07-01T10:39:24Z,581518,0.00,1.97,11.49,37.21
2026-07-01T10:39:25Z,581518,0.00,2.93,11.49,37.21
2026-07-01T10:39:26Z,581518,0.00,1.97,11.49,37.21
2026-07-01T10:39:27Z,581518,0.00,2.94,11.49,37.21
2026-07-01T10:39:28Z,581518,0.00,2.94,11.49,37.21
2026-07-01T10:39:30Z,581518,0.00,3.94,11.49,37.21
2026-07-01T10:39:31Z,581518,0.00,30.39,11.49,37.21
2026-07-01T10:39:32Z,581518,0.00,2.94,11.49,37.21
2026-07-01T10:39:33Z,581518,0.98,2.93,11.49,37.21
2026-07-01T10:39:34Z,581518,0.00,1.97,11.49,37.21
2026-07-01T10:39:35Z,581518,0.00,1.97,11.49,37.21
2026-07-01T10:39:36Z,581518,0.98,18.72,11.49,37.21
2026-07-01T10:39:37Z,581518,0.00,16.67,11.49,37.21
2026-07-01T10:39:38Z,581518,0.00,2.93,11.49,37.21
2026-07-01T10:39:39Z,581518,0.00,0.99,11.49,37.21
2026-07-01T10:39:40Z,581518,0.00,2.93,11.49,37.21
2026-07-01T10:39:41Z,581518,0.00,1.97,11.49,37.21
2026-07-01T10:39:42Z,581518,0.00,1.97,11.49,37.21
2026-07-01T10:39:43Z,581518,0.00,1.97,11.49,37.21
2026-07-01T10:39:44Z,581518,0.98,3.92,11.49,37.21
2026-07-01T10:39:45Z,581518,0.00,1.97,11.49,37.21
2026-07-01T10:39:46Z,581518,0.00,4.85,11.49,37.21
2026-07-01T10:39:47Z,581518,0.00,0.99,11.49,37.21
2026-07-01T10:39:48Z,581518,0.00,2.94,11.49,37.21
2026-07-01T10:39:49Z,581518,0.00,1.97,11.49,37.21
2026-07-01T10:39:50Z,581518,0.00,1.96,11.49,37.21
2026-07-01T10:39:51Z,581518,0.00,1.97,11.49,37.21
2026-07-01T10:39:52Z,581518,0.98,2.93,11.49,37.21
2026-07-01T10:39:53Z,581518,0.00,2.96,11.49,37.21
2026-07-01T10:39:54Z,581518,0.00,0.99,11.49,37.21
2026-07-01T10:39:55Z,581518,0.00,1.97,11.49,37.21
2026-07-01T10:39:56Z,581518,0.00,2.93,11.49,37.21
2026-07-01T10:39:57Z,581518,0.00,1.97,11.49,37.21
2026-07-01T10:39:58Z,581518,0.00,1.96,11.49,37.21
2026-07-01T10:39:59Z,581518,0.00,1.97,11.49,37.21
2026-07-01T10:40:00Z,581518,0.00,1.97,11.49,37.21
2026-07-01T10:40:01Z,581518,0.00,3.92,11.49,37.21
2026-07-01T10:40:02Z,581518,0.00,2.94,11.49,37.21
2026-07-01T10:40:03Z,581518,0.00,0.99,11.49,37.21
2026-07-01T10:40:04Z,581518,0.00,2.94,11.49,37.21
2026-07-01T10:40:05Z,581518,0.00,1.96,11.49,37.21
2026-07-01T10:40:06Z,581518,0.00,1.97,11.49,37.21
2026-07-01T10:40:07Z,581518,0.00,1.96,11.49,37.21
2026-07-01T10:40:08Z,581518,0.00,1.96,11.49,37.21
2026-07-01T10:40:09Z,581518,0.00,3.92,11.49,37.21
2026-07-01T10:40:10Z,581518,0.00,1.97,11.49,37.21
2026-07-01T10:40:11Z,581518,0.98,1.96,11.49,37.21
2026-07-01T10:40:12Z,581518,0.00,2.96,11.49,37.21
2026-07-01T10:40:13Z,581518,0.00,1.96,11.49,37.21
2026-07-01T10:40:14Z,581518,0.00,3.92,11.49,37.21
2026-07-01T10:40:15Z,581518,0.00,1.97,11.49,37.21
2026-07-01T10:40:16Z,581518,0.00,1.96,11.49,37.21
2026-07-01T10:40:17Z,581518,0.00,2.94,11.49,37.21
2026-07-01T10:40:18Z,581518,0.00,1.97,11.49,37.21
2026-07-01T10:40:19Z,581518,0.00,2.94,11.49,37.21
2026-07-01T10:40:20Z,581518,0.00,1.97,11.49,37.21
2026-07-01T10:40:22Z,581518,0.98,1.96,11.49,37.21
2026-07-01T10:40:23Z,581518,0.00,2.94,11.49,37.21
2026-07-01T10:40:24Z,581518,0.00,0.99,11.49,37.21
2026-07-01T10:40:25Z,581518,0.00,2.94,11.49,37.21
2026-07-01T10:40:26Z,581518,0.00,0.99,11.49,37.21
2026-07-01T10:40:27Z,581518,0.98,2.94,11.49,37.21
2026-07-01T10:40:28Z,581518,0.00,0.99,11.49,37.21
2026-07-01T10:40:29Z,581518,0.00,2.96,11.49,37.21
2026-07-01T10:40:30Z,581518,0.00,2.94,11.49,37.21
2026-07-01T10:40:31Z,581518,0.00,1.96,11.49,37.21
2026-07-01T10:40:32Z,581518,0.00,2.94,11.49,37.21
2026-07-01T10:40:33Z,581518,0.00,1.96,11.49,37.21
2026-07-01T10:40:34Z,581518,0.00,1.97,11.49,37.21
2026-07-01T10:40:35Z,581518,0.00,1.96,11.49,37.21
2026-07-01T10:40:36Z,581518,0.00,2.94,11.49,37.21
2026-07-01T10:40:37Z,581518,0.00,2.97,11.49,37.21
2026-07-01T10:40:38Z,581518,0.98,2.94,11.49,37.21
2026-07-01T10:40:39Z,581518,0.00,2.94,11.49,37.21
2026-07-01T10:40:40Z,581518,0.00,2.94,11.49,37.21
2026-07-01T10:40:41Z,581518,0.00,0.99,11.49,37.21
2026-07-01T10:40:42Z,581518,0.00,2.94,11.49,37.21
2026-07-01T10:40:43Z,581518,0.00,0.99,11.49,37.21
2026-07-01T10:40:44Z,581518,0.00,2.94,11.49,37.21
2026-07-01T10:40:45Z,581518,0.98,2.97,11.49,37.21
2026-07-01T10:40:46Z,581518,0.00,2.93,11.49,37.21
2026-07-01T10:40:47Z,581518,0.00,0.99,11.49,37.21
2026-07-01T10:40:48Z,581518,0.00,2.94,11.49,37.21
2026-07-01T10:40:49Z,581518,0.00,2.93,11.49,37.21
2026-07-01T10:40:50Z,581518,0.00,1.97,11.49,37.21
2026-07-01T10:40:51Z,581518,0.00,1.96,11.49,37.21
2026-07-01T10:40:52Z,581518,0.00,2.94,11.49,37.21
2026-07-01T10:40:53Z,581518,0.00,1.97,11.49,37.21
2026-07-01T10:40:54Z,581518,0.00,2.94,11.49,37.21
2026-07-01T10:40:55Z,581518,0.00,1.97,11.49,37.21
2026-07-01T10:40:56Z,581518,0.00,1.96,11.49,37.21
2026-07-01T10:40:57Z,581518,0.00,1.96,11.49,37.21
2026-07-01T10:40:58Z,581518,0.00,2.94,11.49,37.21
2026-07-01T10:40:59Z,581518,0.00,0.99,11.49,37.21
2026-07-01T10:41:00Z,581518,0.00,2.93,11.49,37.21
2026-07-01T10:41:01Z,581518,0.00,0.99,11.49,37.21
2026-07-01T10:41:02Z,581518,0.00,2.94,11.49,37.21
2026-07-01T10:41:03Z,581518,0.00,32.35,11.49,37.21
2026-07-01T10:41:04Z,581518,0.00,3.90,11.49,37.21
2026-07-01T10:41:05Z,581518,0.98,0.99,11.49,37.21
2026-07-01T10:41:06Z,581518,0.00,2.94,11.49,37.21
2026-07-01T10:41:07Z,581518,0.00,1.97,11.49,37.21
2026-07-01T10:41:08Z,581518,0.00,2.94,11.49,37.21
2026-07-01T10:41:09Z,581518,0.00,0.99,11.49,37.21
2026-07-01T10:41:10Z,581518,0.00,33.33,11.49,37.21
2026-07-01T10:41:11Z,581518,0.00,19.70,11.49,37.21
2026-07-01T10:41:12Z,581518,0.00,15.69,11.49,37.21
2026-07-01T10:41:14Z,581518,0.00,1.97,11.49,37.21
2026-07-01T10:41:15Z,581518,0.00,2.94,11.49,37.21
2026-07-01T10:41:16Z,581518,0.00,1.98,11.49,37.21
2026-07-01T10:41:17Z,581518,0.00,1.96,11.49,37.21
2026-07-01T10:41:18Z,581518,0.00,2.93,11.49,37.21
2026-07-01T10:41:19Z,581518,0.98,2.94,11.49,37.21
2026-07-01T10:41:20Z,581518,0.00,2.94,11.49,37.21
2026-07-01T10:41:21Z,581518,0.00,1.97,11.49,37.21
2026-07-01T10:41:22Z,581518,0.00,2.94,11.49,37.21
2026-07-01T10:41:23Z,581518,0.00,5.88,11.49,37.21
2026-07-01T10:41:24Z,581518,0.00,29.41,11.49,37.21
2026-07-01T10:41:25Z,581518,0.00,1.96,11.49,37.21
2026-07-01T10:41:26Z,581518,0.00,1.97,11.49,37.21
2026-07-01T10:41:27Z,581518,0.00,1.96,11.49,37.21
2026-07-01T10:41:28Z,581518,0.00,1.97,11.49,37.21
2026-07-01T10:41:29Z,581518,0.00,2.94,11.49,37.21
2026-07-01T10:41:30Z,581518,0.98,2.94,11.49,37.21
2026-07-01T10:41:31Z,581518,0.00,0.99,11.49,37.21
2026-07-01T10:41:32Z,581518,0.00,2.93,11.49,37.21
2026-07-01T10:41:33Z,581518,0.00,0.99,11.49,37.21
2026-07-01T10:41:34Z,581518,0.00,1.97,11.49,37.21
2026-07-01T10:41:35Z,581518,0.00,1.97,11.49,37.21
2026-07-01T10:41:36Z,581518,0.00,2.93,11.49,37.21
2026-07-01T10:41:37Z,581518,0.00,1.96,11.49,37.21
2026-07-01T10:41:38Z,581518,0.00,2.94,11.49,37.21
2026-07-01T10:41:39Z,581518,0.00,1.98,11.49,37.21
2026-07-01T10:41:40Z,581518,0.00,1.96,11.49,37.21
2026-07-01T10:41:41Z,581518,0.00,1.97,11.49,37.21
2026-07-01T10:41:42Z,581518,0.00,2.93,11.49,37.21
2026-07-01T10:41:43Z,581518,0.00,1.98,11.49,37.21
2026-07-01T10:41:44Z,581518,0.00,1.97,11.49,37.21
2026-07-01T10:41:45Z,581518,0.00,1.97,11.49,37.21
2026-07-01T10:41:46Z,581518,0.00,2.93,11.49,37.21
2026-07-01T10:41:47Z,581518,0.00,2.94,11.49,37.21
2026-07-01T10:41:48Z,581518,0.00,2.94,11.49,37.21
2026-07-01T10:41:49Z,581518,0.98,2.93,11.49,37.21
2026-07-01T10:41:50Z,581518,0.00,0.99,11.49,37.21
2026-07-01T10:41:51Z,581518,0.00,33.33,11.49,37.21
2026-07-01T10:41:52Z,581518,0.00,2.93,11.49,37.21
2026-07-01T10:41:53Z,581518,0.00,1.97,11.49,37.21
2026-07-01T10:41:54Z,581518,0.00,0.99,11.49,37.21
2026-07-01T10:41:55Z,581518,0.00,32.35,11.49,37.21
2026-07-01T10:41:56Z,581518,0.00,2.96,11.49,37.21
2026-07-01T10:41:57Z,581518,0.00,1.96,11.49,37.21
2026-07-01T10:41:58Z,581518,0.00,2.94,11.49,37.21
2026-07-01T10:41:59Z,581518,0.00,32.35,11.49,37.21
2026-07-01T10:42:00Z,581518,0.00,1.97,11.49,37.21
2026-07-01T10:42:01Z,581518,0.00,32.35,11.49,37.21
2026-07-01T10:42:02Z,581518,0.00,0.99,11.49,37.21
2026-07-01T10:42:03Z,581518,0.00,32.51,11.49,37.21
2026-07-01T10:42:04Z,581518,0.00,2.94,11.49,37.21
2026-07-01T10:42:06Z,581518,0.00,1.97,11.49,37.21
2026-07-01T10:42:07Z,581518,0.00,1.96,11.49,37.21
2026-07-01T10:42:08Z,581518,0.00,2.94,11.49,37.21
2026-07-01T10:42:09Z,581518,1.96,2.96,11.49,37.21
2026-07-01T10:42:10Z,581518,0.00,2.93,11.49,37.21
2026-07-01T10:42:11Z,581518,0.98,0.99,11.49,37.21
2026-07-01T10:42:12Z,581518,0.00,2.94,11.49,37.21
2026-07-01T10:42:13Z,581518,0.00,3.94,11.49,37.21
2026-07-01T10:42:14Z,581518,0.00,1.97,11.49,37.21
2026-07-01T10:42:15Z,581518,0.98,1.97,11.49,37.21
2026-07-01T10:42:16Z,581518,0.00,1.96,11.49,37.21
2026-07-01T10:42:17Z,581518,0.00,1.97,11.49,37.21
2026-07-01T10:42:18Z,581518,0.00,2.94,11.49,37.21
2026-07-01T10:42:19Z,581518,0.00,0.99,11.49,37.21
2026-07-01T10:42:20Z,581518,0.00,2.96,11.49,37.21
2026-07-01T10:42:21Z,581518,0.00,33.17,11.49,37.21
2026-07-01T10:42:22Z,581518,0.00,0.99,11.49,37.21
2026-07-01T10:42:23Z,581518,0.00,2.93,11.49,37.21
2026-07-01T10:42:24Z,581518,0.00,1.97,11.49,37.21
2026-07-01T10:42:25Z,581518,0.00,0.99,11.49,37.21
2026-07-01T10:42:26Z,581518,0.00,1.97,11.49,37.21
2026-07-01T10:42:27Z,581518,0.00,2.93,11.49,37.21
2026-07-01T10:42:28Z,581518,0.00,2.96,11.49,37.21
2026-07-01T10:42:29Z,581518,0.00,2.93,11.49,37.21
2026-07-01T10:42:30Z,581518,0.00,0.99,11.49,37.21
2026-07-01T10:42:31Z,581518,0.00,2.93,11.49,37.21
2026-07-01T10:42:32Z,581518,0.00,1.97,11.49,37.21
2026-07-01T10:42:33Z,581518,0.00,1.96,11.49,37.21
2026-07-01T10:42:34Z,581518,0.00,1.96,11.49,37.21
2026-07-01T10:42:35Z,581518,0.00,2.94,11.49,37.21
2026-07-01T10:42:36Z,581518,0.00,0.99,11.49,37.21
2026-07-01T10:42:37Z,581518,0.00,3.92,11.49,37.21
2026-07-01T10:42:38Z,581518,0.00,0.99,11.49,37.21
2026-07-01T10:42:39Z,581518,0.00,2.94,11.49,37.21
2026-07-01T10:42:40Z,581518,0.00,2.96,11.49,37.21
2026-07-01T10:42:41Z,581518,0.00,2.94,11.49,37.21
2026-07-01T10:42:42Z,581518,0.00,0.99,11.49,37.21
2026-07-01T10:42:43Z,581518,0.00,2.96,11.49,37.21
2026-07-01T10:42:44Z,581518,0.00,3.90,11.49,37.21
2026-07-01T10:42:45Z,581518,0.00,2.96,11.49,37.21
2026-07-01T10:42:46Z,581518,0.00,1.97,11.49,37.21
2026-07-01T10:42:47Z,581518,0.98,2.93,11.49,37.21
2026-07-01T10:42:48Z,581518,0.00,1.97,11.49,37.21
2026-07-01T10:42:49Z,581518,0.00,1.96,11.49,37.21
2026-07-01T10:42:50Z,581518,0.00,1.97,11.49,37.21
2026-07-01T10:42:51Z,581518,0.00,1.96,11.49,37.21
2026-07-01T10:42:52Z,581518,0.00,1.96,11.49,37.21
2026-07-01T10:42:53Z,581518,0.00,2.96,11.49,37.21
2026-07-01T10:42:54Z,581518,0.00,1.97,11.49,37.21
2026-07-01T10:42:55Z,581518,0.00,2.93,11.49,37.21
2026-07-01T10:42:56Z,581518,0.00,0.99,11.49,37.21
2026-07-01T10:42:58Z,581518,0.98,3.90,11.49,37.21
2026-07-01T10:42:59Z,581518,0.00,1.96,11.49,37.21
2026-07-01T10:43:00Z,581518,0.00,2.94,11.49,37.21
2026-07-01T10:43:01Z,581518,0.00,0.99,11.49,37.21
2026-07-01T10:43:02Z,581518,0.00,3.92,11.49,37.21
2026-07-01T10:43:03Z,581518,0.00,1.97,11.49,37.21
2026-07-01T10:43:04Z,581518,0.00,1.96,11.49,37.21
2026-07-01T10:43:05Z,581518,0.00,2.94,11.49,37.21
2026-07-01T10:43:06Z,581518,0.00,0.99,11.49,37.21
2026-07-01T10:43:07Z,581518,0.00,2.94,11.49,37.21
2026-07-01T10:43:08Z,581518,0.00,1.96,11.49,37.21
2026-07-01T10:43:09Z,581518,0.00,1.96,11.49,37.21
2026-07-01T10:43:10Z,581518,0.00,2.94,11.49,37.21
2026-07-01T10:43:11Z,581518,0.00,1.97,11.49,37.21
2026-07-01T10:43:12Z,581518,0.00,2.94,11.49,37.21
2026-07-01T10:43:13Z,581518,0.00,0.99,11.49,37.21
2026-07-01T10:43:14Z,581518,0.00,3.90,11.49,37.21
2026-07-01T10:43:15Z,581518,0.98,0.99,11.49,37.21
2026-07-01T10:43:16Z,581518,0.98,2.94,11.49,37.21
2026-07-01T10:43:17Z,581518,0.00,1.97,11.49,37.21
2026-07-01T10:43:18Z,581518,0.00,2.94,11.49,37.21
2026-07-01T10:43:19Z,581518,0.00,2.94,11.49,37.21
2026-07-01T10:43:20Z,581518,0.00,1.96,11.49,37.21
2026-07-01T10:43:21Z,581518,0.00,0.99,11.49,37.21
2026-07-01T10:43:22Z,581518,0.00,2.94,11.49,37.21
2026-07-01T10:43:23Z,581518,0.00,1.96,11.49,37.21
2026-07-01T10:43:24Z,581518,0.00,1.96,11.49,37.21
2026-07-01T10:43:25Z,581518,0.00,3.92,11.49,37.21
2026-07-01T10:43:26Z,581518,0.00,1.97,11.49,37.21
2026-07-01T10:43:27Z,581518,0.00,1.97,11.49,37.21
2026-07-01T10:43:28Z,581518,0.00,2.93,11.49,37.21
2026-07-01T10:43:29Z,581518,0.00,1.97,11.49,37.21
2026-07-01T10:43:30Z,581518,0.00,2.93,11.49,37.21
2026-07-01T10:43:31Z,581518,0.00,0.99,11.49,37.21
2026-07-01T10:43:32Z,581518,0.00,2.94,11.49,37.21
2026-07-01T10:43:33Z,581518,0.98,2.94,11.49,37.21
2026-07-01T10:43:34Z,581518,0.00,1.97,11.49,37.21
2026-07-01T10:43:35Z,581518,0.00,1.96,11.49,37.21
2026-07-01T10:43:36Z,581518,0.00,1.97,11.49,37.21
2026-07-01T10:43:37Z,581518,0.00,0.99,11.49,37.21
2026-07-01T10:43:38Z,581518,0.00,2.94,11.49,37.21
2026-07-01T10:43:39Z,581518,0.00,2.94,11.49,37.21
2026-07-01T10:43:40Z,581518,0.00,2.94,11.49,37.21
2026-07-01T10:43:41Z,581518,0.00,2.94,11.49,37.21
2026-07-01T10:43:42Z,581518,0.00,1.97,11.49,37.21
2026-07-01T10:43:43Z,581518,0.00,2.96,11.49,37.21
2026-07-01T10:43:44Z,581518,0.00,2.93,11.49,37.21
2026-07-01T10:43:45Z,581518,0.98,0.99,11.49,37.21
2026-07-01T10:43:46Z,581518,0.00,1.97,11.49,37.21
2026-07-01T10:43:47Z,581518,0.00,2.94,11.49,37.21
2026-07-01T10:43:48Z,581518,0.00,3.90,11.49,37.21
2026-07-01T10:43:49Z,581518,0.00,1.97,11.49,37.21
2026-07-01T10:43:51Z,581518,0.00,1.96,11.49,37.21
2026-07-01T10:43:52Z,581518,0.00,1.97,11.49,37.21
2026-07-01T10:43:53Z,581518,0.00,2.93,11.49,37.21
2026-07-01T10:43:54Z,581518,0.00,1.97,11.49,37.21
2026-07-01T10:43:55Z,581518,0.00,1.96,11.49,37.21
2026-07-01T10:43:56Z,581518,0.00,1.97,11.49,37.21
2026-07-01T10:43:57Z,581518,0.00,33.33,11.49,37.21
2026-07-01T10:43:58Z,581518,0.00,1.97,11.49,37.21
2026-07-01T10:43:59Z,581518,0.98,1.96,11.49,37.21
2026-07-01T10:44:00Z,581518,0.00,1.97,11.49,37.21
2026-07-01T10:44:01Z,581518,0.00,1.96,11.49,37.21
2026-07-01T10:44:02Z,581518,0.00,1.97,11.49,37.21
2026-07-01T10:44:03Z,581518,0.00,1.96,11.49,37.21
2026-07-01T10:44:04Z,581518,0.00,1.97,11.49,37.21
2026-07-01T10:44:05Z,581518,0.00,1.96,11.49,37.21
2026-07-01T10:44:06Z,581518,0.00,3.92,11.49,37.21
2026-07-01T10:44:07Z,581518,0.00,1.97,11.49,37.21
2026-07-01T10:44:08Z,581518,0.98,3.90,11.49,37.21
2026-07-01T10:44:09Z,581518,0.00,0.99,11.49,37.21
2026-07-01T10:44:10Z,581518,0.00,2.93,11.49,37.21
2026-07-01T10:44:11Z,581518,0.98,3.94,11.49,37.21
2026-07-01T10:44:12Z,581518,0.98,2.94,11.49,37.21
2026-07-01T10:44:13Z,581518,0.00,2.97,11.49,37.21
2026-07-01T10:44:14Z,581518,0.00,2.93,11.49,37.21
2026-07-01T10:44:15Z,581518,0.00,1.97,11.49,37.21
2026-07-01T10:44:16Z,581518,0.00,2.94,11.49,37.21
2026-07-01T10:44:17Z,581518,0.00,0.99,11.49,37.21
2026-07-01T10:44:18Z,581518,0.00,2.94,11.49,37.21
2026-07-01T10:44:19Z,581518,0.00,2.94,11.49,37.21
2026-07-01T10:44:20Z,581518,0.00,1.97,11.49,37.21
2026-07-01T10:44:21Z,581518,0.00,1.97,11.49,37.21
2026-07-01T10:44:22Z,581518,0.00,27.59,11.49,37.21
2026-07-01T10:44:23Z,581518,0.98,7.80,11.49,37.21
2026-07-01T10:44:24Z,581518,0.00,1.97,11.49,37.21
2026-07-01T10:44:25Z,581518,0.00,1.96,11.49,37.21
2026-07-01T10:44:26Z,581518,0.00,1.96,11.49,37.21
2026-07-01T10:44:27Z,581518,0.00,1.97,11.49,37.21
2026-07-01T10:44:28Z,581518,0.00,1.97,11.49,37.21
2026-07-01T10:44:29Z,581518,0.00,2.93,11.49,37.21
2026-07-01T10:44:30Z,581518,0.00,2.96,11.49,37.21
2026-07-01T10:44:31Z,581518,0.00,1.96,11.49,37.21
2026-07-01T10:44:32Z,581518,0.00,1.97,11.49,37.21
2026-07-01T10:44:33Z,581518,0.00,1.96,11.49,37.21
2026-07-01T10:44:34Z,581518,0.00,2.94,11.49,37.21
2026-07-01T10:44:35Z,581518,0.00,0.99,11.49,37.21
2026-07-01T10:44:36Z,581518,0.00,2.93,11.49,37.21
2026-07-01T10:44:37Z,581518,0.00,1.96,11.49,37.21
2026-07-01T10:44:38Z,581518,0.00,1.98,11.49,37.21
2026-07-01T10:44:39Z,581518,1.96,2.94,11.49,37.21
2026-07-01T10:44:40Z,581518,0.00,0.99,11.49,37.21
2026-07-01T10:44:41Z,581518,0.00,2.94,11.49,37.21
2026-07-01T10:44:43Z,581518,0.00,2.94,11.49,37.21
2026-07-01T10:44:44Z,581518,0.00,1.97,11.49,37.21
2026-07-01T10:44:45Z,581518,0.00,1.96,11.49,37.21
2026-07-01T10:44:46Z,581518,0.00,2.94,11.49,37.21
2026-07-01T10:44:47Z,581518,0.00,10.78,11.49,37.21
2026-07-01T10:44:48Z,581518,0.00,26.34,11.49,37.21
2026-07-01T10:44:49Z,581518,0.00,1.97,11.49,37.21
2026-07-01T10:44:50Z,581518,0.98,1.97,11.49,37.21
2026-07-01T10:44:51Z,581518,0.00,2.93,11.49,37.21
2026-07-01T10:44:52Z,581518,0.00,1.97,11.49,37.21
2026-07-01T10:44:53Z,581518,0.00,0.99,11.49,37.21
2026-07-01T10:44:54Z,581518,0.00,3.92,11.49,37.21
2026-07-01T10:44:55Z,581518,0.00,1.97,11.49,37.21
2026-07-01T10:44:56Z,581518,0.00,2.93,11.49,37.21
2026-07-01T10:44:57Z,581518,0.00,0.99,11.49,37.21
2026-07-01T10:44:58Z,581518,0.00,2.93,11.49,37.21
2026-07-01T10:44:59Z,581518,0.00,1.97,11.49,37.21
2026-07-01T10:45:00Z,581518,0.00,1.97,11.49,37.21
2026-07-01T10:45:01Z,581518,0.98,2.93,11.49,37.21
2026-07-01T10:45:02Z,581518,0.00,1.98,11.49,37.21
2026-07-01T10:45:03Z,581518,0.00,2.94,11.49,37.21
2026-07-01T10:45:04Z,581518,0.00,47.06,11.49,37.21
2026-07-01T10:45:05Z,581518,0.00,1.97,11.49,37.21
2026-07-01T10:45:06Z,581518,0.00,1.96,11.49,37.21
2026-07-01T10:45:07Z,581518,0.00,1.97,11.49,37.21
2026-07-01T10:45:08Z,581518,0.00,1.96,11.49,37.21
2026-07-01T10:45:09Z,581518,0.00,1.97,11.49,37.21
2026-07-01T10:45:10Z,581518,0.00,2.96,11.49,37.21
2026-07-01T10:45:11Z,581518,0.00,2.94,11.49,37.21
2026-07-01T10:45:12Z,581518,0.00,2.94,11.49,37.21
2026-07-01T10:45:13Z,581518,0.00,1.96,11.49,37.21
2026-07-01T10:45:14Z,581518,0.00,1.97,11.49,37.21
2026-07-01T10:45:15Z,581518,0.00,1.96,11.49,37.21
2026-07-01T10:45:16Z,581518,0.00,2.94,11.49,37.21
2026-07-01T10:45:17Z,581518,0.00,1.97,11.49,37.21
2026-07-01T10:45:18Z,581518,0.00,2.93,11.49,37.21
2026-07-01T10:45:19Z,581518,0.00,0.99,11.49,37.21
2026-07-01T10:45:20Z,581518,0.98,2.94,11.49,37.21
2026-07-01T10:45:21Z,581518,0.00,2.96,11.49,37.21
2026-07-01T10:45:22Z,581518,0.98,33.33,11.49,37.21
2026-07-01T10:45:23Z,581518,0.98,2.94,11.49,37.21
2026-07-01T10:45:24Z,581518,0.00,2.93,11.49,37.21
2026-07-01T10:45:25Z,581518,0.00,1.97,11.49,37.21
2026-07-01T10:45:26Z,581518,0.00,1.97,11.49,37.21
2026-07-01T10:45:27Z,581518,0.00,1.96,11.49,37.21
2026-07-01T10:45:28Z,581518,0.00,1.97,11.49,37.21
2026-07-01T10:45:29Z,581518,0.00,2.94,11.49,37.21
2026-07-01T10:45:30Z,581518,0.00,2.94,11.49,37.21
2026-07-01T10:45:31Z,581518,0.00,0.99,11.49,37.21
2026-07-01T10:45:32Z,581518,1.96,2.93,11.49,37.21
2026-07-01T10:45:33Z,581518,0.00,1.97,11.49,37.21
2026-07-01T10:45:35Z,581518,0.00,2.93,11.49,37.21
2026-07-01T10:45:36Z,581518,0.00,0.99,11.49,37.21
2026-07-01T10:45:37Z,581518,0.00,2.94,11.49,37.21
2026-07-01T10:45:38Z,581518,0.00,1.97,11.49,37.21
2026-07-01T10:45:39Z,581518,0.00,2.94,11.49,37.21
2026-07-01T10:45:40Z,581518,0.00,1.97,11.49,37.21
2026-07-01T10:45:41Z,581518,0.00,1.97,11.49,37.21
2026-07-01T10:45:42Z,581518,0.98,1.97,11.49,37.21
2026-07-01T10:45:43Z,581518,0.00,2.94,11.49,37.21
2026-07-01T10:45:44Z,581518,0.00,1.97,11.49,37.21
2026-07-01T10:45:45Z,581518,0.00,1.96,11.49,37.21
2026-07-01T10:45:46Z,581518,0.00,2.94,11.49,37.21
2026-07-01T10:45:47Z,581518,0.00,0.99,11.49,37.21
2026-07-01T10:45:48Z,581518,0.00,3.92,11.49,37.21
2026-07-01T10:45:49Z,581518,0.00,1.97,11.49,37.21
2026-07-01T10:45:50Z,581518,0.00,1.96,11.49,37.21
2026-07-01T10:45:51Z,581518,0.00,1.97,11.49,37.21
2026-07-01T10:45:52Z,581518,0.00,1.97,11.49,37.21
2026-07-01T10:45:53Z,581518,0.00,1.96,11.49,37.21
2026-07-01T10:45:54Z,581518,0.00,2.94,11.49,37.21
2026-07-01T10:45:55Z,581518,0.00,1.97,11.49,37.21
2026-07-01T10:45:56Z,581518,0.00,1.97,11.49,37.21
2026-07-01T10:45:57Z,581518,0.00,33.17,11.49,37.21
2026-07-01T10:45:58Z,581518,0.00,1.97,11.49,37.21
2026-07-01T10:45:59Z,581518,0.00,1.96,11.49,37.21
2026-07-01T10:46:00Z,581518,0.00,1.97,11.49,37.21
2026-07-01T10:46:01Z,581518,0.00,1.96,11.49,37.21
2026-07-01T10:46:02Z,581518,0.00,2.94,11.49,37.21
2026-07-01T10:46:03Z,581518,0.00,0.99,11.49,37.21
2026-07-01T10:46:04Z,581518,0.00,2.94,11.49,37.21
2026-07-01T10:46:05Z,581518,0.00,2.94,11.49,37.21
2026-07-01T10:46:06Z,581518,0.00,1.97,11.49,37.21
2026-07-01T10:46:07Z,581518,0.00,0.99,11.49,37.21
2026-07-01T10:46:08Z,581518,0.98,2.94,11.49,37.21
2026-07-01T10:46:09Z,581518,0.00,2.94,11.49,37.21
2026-07-01T10:46:10Z,581518,0.00,1.97,11.49,37.21
2026-07-01T10:46:11Z,581518,0.00,2.94,11.49,37.21
2026-07-01T10:46:12Z,581518,0.00,2.94,11.49,37.21
2026-07-01T10:46:13Z,581518,0.00,1.96,11.49,37.21
2026-07-01T10:46:14Z,581518,0.00,0.99,11.49,37.21
2026-07-01T10:46:15Z,581518,0.00,2.94,11.49,37.21
2026-07-01T10:46:16Z,581518,0.00,2.94,11.49,37.21
2026-07-01T10:46:17Z,581518,0.00,1.97,11.49,37.21
2026-07-01T10:46:18Z,581518,0.00,1.97,11.49,37.21
2026-07-01T10:46:19Z,581518,0.00,2.93,11.49,37.21
2026-07-01T10:46:20Z,581518,0.00,1.97,11.49,37.21
2026-07-01T10:46:21Z,581518,0.00,1.96,11.49,37.21
2026-07-01T10:46:22Z,581518,0.00,1.96,11.49,37.21
2026-07-01T10:46:23Z,581518,0.98,1.97,11.49,37.21
2026-07-01T10:46:24Z,581518,0.00,1.96,11.49,37.21
2026-07-01T10:46:25Z,581518,0.00,2.94,11.49,37.21
2026-07-01T10:46:26Z,581518,0.00,2.94,11.49,37.21
2026-07-01T10:46:28Z,581518,0.00,0.99,11.49,37.21
2026-07-01T10:46:29Z,581518,0.00,2.93,11.49,37.21
2026-07-01T10:46:30Z,581518,0.00,1.97,11.49,37.21
2026-07-01T10:46:31Z,581518,0.00,0.99,11.49,37.21
2026-07-01T10:46:32Z,581518,0.00,3.90,11.49,37.21
2026-07-01T10:46:33Z,581518,0.00,1.96,11.49,37.21
2026-07-01T10:46:34Z,581518,0.00,2.94,11.49,37.21
2026-07-01T10:46:35Z,581518,0.00,2.94,11.49,37.21
2026-07-01T10:46:36Z,581518,0.00,0.99,11.49,37.21
2026-07-01T10:46:37Z,581518,0.00,1.96,11.49,37.21
2026-07-01T10:46:38Z,581518,0.00,2.94,11.49,37.21
2026-07-01T10:46:39Z,581518,0.98,0.99,11.49,37.21
2026-07-01T10:46:40Z,581518,0.00,1.97,11.49,37.21
2026-07-01T10:46:41Z,581518,0.98,1.97,11.49,37.21
2026-07-01T10:46:42Z,581518,0.00,2.94,11.49,37.21
2026-07-01T10:46:43Z,581518,0.00,2.94,11.49,37.21
2026-07-01T10:46:44Z,581518,0.00,1.97,11.49,37.21
2026-07-01T10:46:45Z,581518,0.00,32.35,11.49,37.21
2026-07-01T10:46:46Z,581518,0.00,2.93,11.49,37.21
2026-07-01T10:46:47Z,581518,0.00,0.99,11.49,37.21
2026-07-01T10:46:48Z,581518,0.00,1.96,11.49,37.21
2026-07-01T10:46:49Z,581518,0.00,2.93,11.49,37.21
2026-07-01T10:46:50Z,581518,0.00,1.97,11.49,37.21
2026-07-01T10:46:51Z,581518,0.00,1.96,11.49,37.21
2026-07-01T10:46:52Z,581518,0.00,2.94,11.49,37.21
2026-07-01T10:46:53Z,581518,0.00,9.80,11.49,37.21
2026-07-01T10:46:54Z,581518,0.00,26.47,11.49,37.21
2026-07-01T10:46:55Z,581518,0.00,1.97,11.49,37.21
2026-07-01T10:46:56Z,581518,0.00,1.96,11.49,37.21
2026-07-01T10:46:57Z,581518,0.98,1.97,11.49,37.21
2026-07-01T10:46:58Z,581518,0.00,1.96,11.49,37.21
2026-07-01T10:46:59Z,581518,0.00,2.94,11.49,37.21
2026-07-01T10:47:00Z,581518,0.00,0.99,11.49,37.21
2026-07-01T10:47:01Z,581518,0.00,2.94,11.49,37.21
2026-07-01T10:47:02Z,581518,0.00,1.97,11.49,37.21
2026-07-01T10:47:03Z,581518,0.00,2.94,11.49,37.21
2026-07-01T10:47:04Z,581518,0.00,2.94,11.49,37.21
2026-07-01T10:47:05Z,581518,0.00,1.97,11.49,37.21
2026-07-01T10:47:06Z,581518,0.00,2.94,11.49,37.21
2026-07-01T10:47:07Z,581518,0.00,1.96,11.49,37.21
2026-07-01T10:47:08Z,581518,0.00,0.99,11.49,37.21
2026-07-01T10:47:09Z,581518,0.00,2.94,11.49,37.21
2026-07-01T10:47:10Z,581518,0.00,4.88,11.49,37.21
2026-07-01T10:47:11Z,581518,0.00,2.96,11.49,37.21
2026-07-01T10:47:12Z,581518,0.00,1.97,11.49,37.21
2026-07-01T10:47:13Z,581518,0.00,2.93,11.49,37.21
2026-07-01T10:47:14Z,581518,0.00,1.97,11.49,37.21
2026-07-01T10:47:15Z,581518,0.00,1.97,11.49,37.21
2026-07-01T10:47:16Z,581518,0.00,1.96,11.49,37.21
2026-07-01T10:47:17Z,581518,0.00,1.97,11.49,37.21
2026-07-01T10:47:18Z,581518,0.00,1.96,11.49,37.21
2026-07-01T10:47:20Z,581518,0.00,1.97,11.49,37.21
2026-07-01T10:47:21Z,581518,0.00,2.93,11.49,37.21
2026-07-01T10:47:22Z,581518,0.98,2.96,11.49,37.21
2026-07-01T10:47:23Z,581518,0.00,2.94,11.49,37.21
2026-07-01T10:47:24Z,581518,0.00,2.94,11.49,37.21
2026-07-01T10:47:25Z,581518,0.00,2.94,11.49,37.21
2026-07-01T10:47:26Z,581518,0.00,0.99,11.49,37.21
2026-07-01T10:47:27Z,581518,0.98,2.94,11.49,37.21
2026-07-01T10:47:28Z,581518,0.00,1.96,11.49,37.21
2026-07-01T10:47:29Z,581518,0.00,1.97,11.49,37.21
2026-07-01T10:47:30Z,581518,0.00,33.50,11.49,37.21
2026-07-01T10:47:31Z,581518,0.00,32.35,11.49,37.21
2026-07-01T10:47:32Z,581518,0.00,32.35,11.49,37.21
2026-07-01T10:47:33Z,581518,0.98,0.99,11.49,37.21
2026-07-01T10:47:34Z,581518,0.00,2.94,11.49,37.21
2026-07-01T10:47:35Z,581518,0.00,1.96,11.49,37.21
2026-07-01T10:47:36Z,581518,0.00,31.53,11.49,37.21
2026-07-01T10:47:37Z,581518,0.00,1.97,11.49,37.21
2026-07-01T10:47:38Z,581518,0.00,2.94,11.49,37.21
2026-07-01T10:47:39Z,581518,0.00,2.94,11.49,37.21
2026-07-01T10:47:40Z,581518,0.00,32.51,11.49,37.21
2026-07-01T10:47:41Z,581518,0.00,1.97,11.49,37.21
2026-07-01T10:47:42Z,581518,0.00,32.35,11.49,37.21
2026-07-01T10:47:43Z,581518,0.00,2.93,11.49,37.21
2026-07-01T10:47:44Z,581518,0.00,1.97,11.49,37.21
2026-07-01T10:47:45Z,581518,0.00,1.96,11.49,37.21
2026-07-01T10:47:46Z,581518,0.00,2.96,11.49,37.21
2026-07-01T10:47:47Z,581518,0.98,31.53,11.49,37.21
2026-07-01T10:47:48Z,581518,0.00,2.93,11.49,37.21
2026-07-01T10:47:49Z,581518,0.00,1.97,11.49,37.21
2026-07-01T10:47:50Z,581518,0.00,1.97,11.49,37.21
2026-07-01T10:47:51Z,581518,0.00,1.96,11.49,37.21
2026-07-01T10:47:52Z,581518,0.00,2.94,11.49,37.21
2026-07-01T10:47:53Z,581518,0.00,0.99,11.49,37.21
2026-07-01T10:47:54Z,581518,0.00,1.96,11.49,37.21
2026-07-01T10:47:55Z,581518,0.00,4.88,11.49,37.21
2026-07-01T10:47:56Z,581518,0.00,1.96,11.49,37.21
2026-07-01T10:47:57Z,581518,0.00,1.97,11.49,37.21
2026-07-01T10:47:58Z,581518,0.00,1.96,11.49,37.21
2026-07-01T10:47:59Z,581518,0.00,1.98,11.49,37.21
2026-07-01T10:48:00Z,581518,0.00,2.93,11.49,37.21
2026-07-01T10:48:01Z,581518,0.00,1.96,11.49,37.21
2026-07-01T10:48:02Z,581518,0.00,2.94,11.49,37.21
2026-07-01T10:48:03Z,581518,0.00,1.98,11.49,37.21
2026-07-01T10:48:04Z,581518,0.00,1.96,11.49,37.21
2026-07-01T10:48:05Z,581518,0.00,2.94,11.49,37.21
2026-07-01T10:48:06Z,581518,0.00,1.97,11.49,37.21
2026-07-01T10:48:07Z,581518,0.00,1.96,11.49,37.21
2026-07-01T10:48:08Z,581518,0.00,1.96,11.49,37.21
2026-07-01T10:48:09Z,581518,0.00,1.97,11.49,37.21
2026-07-01T10:48:10Z,581518,0.00,3.90,11.49,37.21
2026-07-01T10:48:11Z,581518,0.98,2.94,11.49,37.21
2026-07-01T10:48:13Z,581518,0.00,0.99,11.49,37.21
2026-07-01T10:48:14Z,581518,0.00,2.94,11.49,37.21
2026-07-01T10:48:15Z,581518,0.00,1.96,11.49,37.21
2026-07-01T10:48:16Z,581518,0.00,3.92,11.49,37.21
2026-07-01T10:48:17Z,581518,0.00,0.99,11.49,37.21
2026-07-01T10:48:18Z,581518,0.00,2.93,11.49,37.21
2026-07-01T10:48:19Z,581518,0.00,2.94,11.49,37.21
2026-07-01T10:48:20Z,581518,0.00,0.99,11.49,37.21
2026-07-01T10:48:21Z,581518,0.00,1.96,11.49,37.21
2026-07-01T10:48:22Z,581518,0.00,2.94,11.49,37.21
2026-07-01T10:48:23Z,581518,0.00,2.94,11.49,37.21
2026-07-01T10:48:24Z,581518,0.00,1.96,11.49,37.21
2026-07-01T10:48:25Z,581518,0.00,2.94,11.49,37.21
2026-07-01T10:48:26Z,581518,0.00,0.99,11.49,37.21
2026-07-01T10:48:27Z,581518,0.00,1.96,11.49,37.21
2026-07-01T10:48:28Z,581518,0.00,2.94,11.49,37.21
2026-07-01T10:48:29Z,581518,0.00,1.96,11.49,37.21
2026-07-01T10:48:30Z,581518,0.00,1.96,11.49,37.21
2026-07-01T10:48:31Z,581518,0.00,0.99,11.49,37.21
2026-07-01T10:48:32Z,581518,0.00,3.90,11.49,37.21
2026-07-01T10:48:33Z,581518,0.00,1.96,11.49,37.21
2026-07-01T10:48:34Z,581518,0.00,2.94,11.49,37.21
2026-07-01T10:48:35Z,581518,0.00,0.99,11.49,37.21
2026-07-01T10:48:36Z,581518,0.00,2.93,11.49,37.21
2026-07-01T10:48:37Z,581518,0.00,2.94,11.49,37.21
2026-07-01T10:48:38Z,581518,0.98,2.94,11.49,37.21
2026-07-01T10:48:39Z,581518,0.98,1.97,11.49,37.21
2026-07-01T10:48:40Z,581518,0.98,2.96,11.49,37.21
2026-07-01T10:48:41Z,581518,0.00,3.90,11.49,37.21
2026-07-01T10:48:42Z,581518,0.00,7.84,11.49,37.21
2026-07-01T10:48:43Z,581518,0.00,28.57,11.49,37.21
2026-07-01T10:48:44Z,581518,0.98,0.99,11.49,37.21
2026-07-01T10:48:45Z,581518,0.00,2.93,11.49,37.21
2026-07-01T10:48:46Z,581518,0.00,1.97,11.49,37.21
2026-07-01T10:48:47Z,581518,0.00,2.94,11.49,37.21
2026-07-01T10:48:48Z,581518,0.00,1.96,11.49,37.21
2026-07-01T10:48:49Z,581518,0.00,1.97,11.49,37.21
2026-07-01T10:48:50Z,581518,0.00,1.96,11.49,37.21
2026-07-01T10:48:51Z,581518,0.00,1.97,11.49,37.21
2026-07-01T10:48:52Z,581518,0.00,33.33,11.49,37.21
2026-07-01T10:48:53Z,581518,0.00,2.93,11.49,37.21
2026-07-01T10:48:54Z,581518,0.00,1.97,11.49,37.21
2026-07-01T10:48:55Z,581518,0.00,1.96,11.49,37.21
2026-07-01T10:48:56Z,581518,0.00,2.94,11.49,37.21
2026-07-01T10:48:57Z,581518,0.00,1.96,11.49,37.21
2026-07-01T10:48:58Z,581518,0.00,1.97,11.49,37.21
2026-07-01T10:48:59Z,581518,0.00,1.96,11.49,37.21
2026-07-01T10:49:00Z,581518,0.00,3.92,11.49,37.21
2026-07-01T10:49:01Z,581518,0.00,0.99,11.49,37.21
2026-07-01T10:49:02Z,581518,0.00,2.94,11.49,37.21
2026-07-01T10:49:03Z,581518,0.00,0.99,11.49,37.21
2026-07-01T10:49:05Z,581518,0.00,2.94,11.49,37.21
2026-07-01T10:49:06Z,581518,0.00,1.96,11.49,37.21
2026-07-01T10:49:07Z,581518,0.00,1.96,11.49,37.21
2026-07-01T10:49:08Z,581518,0.00,1.97,11.49,37.21
2026-07-01T10:49:09Z,581518,0.00,1.97,11.49,37.21
2026-07-01T10:49:10Z,581518,0.98,33.33,11.49,37.21
2026-07-01T10:49:11Z,581518,0.00,1.97,11.49,37.21
2026-07-01T10:49:12Z,581518,0.00,1.97,11.49,37.21
2026-07-01T10:49:13Z,581518,0.00,1.97,11.49,37.21
2026-07-01T10:49:14Z,581518,0.00,1.96,11.49,37.21
2026-07-01T10:49:15Z,581518,0.00,3.90,11.49,37.21
2026-07-01T10:49:16Z,581518,0.98,1.97,11.49,37.21
2026-07-01T10:49:17Z,581518,0.00,1.96,11.49,37.21
2026-07-01T10:49:18Z,581518,0.00,3.92,11.49,37.21
2026-07-01T10:49:19Z,581518,0.00,0.99,11.49,37.21
2026-07-01T10:49:20Z,581518,0.00,2.93,11.49,37.21
2026-07-01T10:49:21Z,581518,0.00,2.94,11.49,37.21
2026-07-01T10:49:22Z,581518,0.00,1.96,11.49,37.21
2026-07-01T10:49:23Z,581518,0.00,2.94,11.49,37.21
2026-07-01T10:49:24Z,581518,0.00,0.99,11.49,37.21
2026-07-01T10:49:25Z,581518,0.00,2.94,11.49,37.21
2026-07-01T10:49:26Z,581518,0.00,2.94,11.49,37.21
2026-07-01T10:49:27Z,581518,0.00,0.99,11.49,37.21
2026-07-01T10:49:28Z,581518,0.00,2.93,11.49,37.21
2026-07-01T10:49:29Z,581518,0.00,1.96,11.49,37.21
2026-07-01T10:49:30Z,581518,0.00,1.97,11.49,37.21
2026-07-01T10:49:31Z,581518,0.00,2.93,11.49,37.21
2026-07-01T10:49:32Z,581518,0.00,1.97,11.49,37.21
2026-07-01T10:49:33Z,581518,0.00,1.97,11.49,37.21
2026-07-01T10:49:34Z,581518,0.00,2.94,11.49,37.21
2026-07-01T10:49:35Z,581518,0.00,1.96,11.49,37.21
2026-07-01T10:49:36Z,581518,0.00,2.94,11.49,37.21
2026-07-01T10:49:37Z,581518,0.00,0.99,11.49,37.21
2026-07-01T10:49:38Z,581518,0.00,1.97,11.49,37.21
2026-07-01T10:49:39Z,581518,0.00,2.94,11.49,37.21
2026-07-01T10:49:40Z,581518,0.98,1.97,11.49,37.21
2026-07-01T10:49:41Z,581518,0.00,2.94,11.49,37.21
2026-07-01T10:49:42Z,581518,0.00,2.94,11.49,37.21
2026-07-01T10:49:43Z,581518,0.00,1.97,11.49,37.21
2026-07-01T10:49:44Z,581518,0.00,1.97,11.49,37.21
2026-07-01T10:49:45Z,581518,0.00,1.97,11.49,37.21
2026-07-01T10:49:46Z,581518,0.00,12.75,11.49,37.21
2026-07-01T10:49:47Z,581518,0.00,2.94,11.49,37.21
2026-07-01T10:49:48Z,581518,0.00,1.96,11.49,37.21
2026-07-01T10:49:49Z,581518,0.98,1.97,11.49,37.21
2026-07-01T10:49:50Z,581518,0.00,33.33,11.49,37.21
2026-07-01T10:49:51Z,581518,0.00,2.93,11.49,37.21
2026-07-01T10:49:52Z,581518,0.00,2.94,11.49,37.21
2026-07-01T10:49:53Z,581518,0.00,0.99,11.49,37.21
2026-07-01T10:49:54Z,581518,0.00,1.97,11.49,37.21
2026-07-01T10:49:55Z,581518,0.00,2.93,11.49,37.21
2026-07-01T10:49:57Z,581518,0.00,0.99,11.49,37.21
2026-07-01T10:49:58Z,581518,0.00,2.93,11.49,37.21
2026-07-01T10:49:59Z,581518,0.00,2.96,11.49,37.21
2026-07-01T10:50:00Z,581518,0.00,0.99,11.49,37.21
2026-07-01T10:50:01Z,581518,0.00,3.90,11.49,37.21
2026-07-01T10:50:02Z,581518,0.00,1.98,11.49,37.21
2026-07-01T10:50:03Z,581518,0.00,2.94,11.49,37.21
2026-07-01T10:50:04Z,581518,0.00,15.69,11.49,37.21
2026-07-01T10:50:05Z,581518,0.00,19.61,11.49,37.21
2026-07-01T10:50:06Z,581518,0.00,2.94,11.49,37.21
2026-07-01T10:50:07Z,581518,0.00,2.96,11.49,37.21
2026-07-01T10:50:08Z,581518,0.00,2.93,11.49,37.21
2026-07-01T10:50:09Z,581518,0.00,1.97,11.49,37.21
2026-07-01T10:50:10Z,581518,0.00,1.97,11.49,37.21
2026-07-01T10:50:11Z,581518,0.00,1.97,11.49,37.21
2026-07-01T10:50:12Z,581518,0.00,2.93,11.49,37.21
2026-07-01T10:50:13Z,581518,0.00,1.98,11.49,37.21
2026-07-01T10:50:14Z,581518,0.98,3.90,11.49,37.21
2026-07-01T10:50:15Z,581518,0.00,2.94,11.49,37.21
2026-07-01T10:50:16Z,581518,0.00,0.99,11.49,37.21
2026-07-01T10:50:17Z,581518,0.00,3.90,11.49,37.21
2026-07-01T10:50:18Z,581518,0.00,0.99,11.49,37.21
2026-07-01T10:50:19Z,581518,0.00,2.93,11.49,37.21
2026-07-01T10:50:20Z,581518,0.00,1.96,11.49,37.21
2026-07-01T10:50:21Z,581518,0.00,1.97,11.49,37.21
2026-07-01T10:50:22Z,581518,0.00,2.93,11.49,37.21
2026-07-01T10:50:23Z,581518,0.00,31.68,11.49,37.21
2026-07-01T10:50:24Z,581518,0.00,2.94,11.49,37.21
2026-07-01T10:50:25Z,581518,0.00,0.99,11.49,37.21
2026-07-01T10:50:26Z,581518,0.00,2.94,11.49,37.21
2026-07-01T10:50:27Z,581518,0.00,1.96,11.49,37.21
2026-07-01T10:50:28Z,581518,0.00,1.97,11.49,37.21
2026-07-01T10:50:29Z,581518,0.00,1.96,11.49,37.21
2026-07-01T10:50:30Z,581518,0.00,0.99,11.49,37.21
2026-07-01T10:50:31Z,581518,0.00,3.90,11.49,37.21
2026-07-01T10:50:32Z,581518,0.00,1.97,11.49,37.21
2026-07-01T10:50:33Z,581518,0.00,2.94,11.49,37.21
2026-07-01T10:50:34Z,581518,0.00,0.99,11.49,37.21
2026-07-01T10:50:35Z,581518,0.98,2.94,11.49,37.21
2026-07-01T10:50:36Z,581518,0.00,1.97,11.49,37.21
2026-07-01T10:50:37Z,581518,0.00,2.94,11.49,37.21
2026-07-01T10:50:38Z,581518,0.98,2.96,11.49,37.21
2026-07-01T10:50:39Z,581518,0.00,5.88,11.49,37.21
2026-07-01T10:50:40Z,581518,0.00,30.24,11.49,37.21
2026-07-01T10:50:41Z,581518,0.00,1.97,11.49,37.21
2026-07-01T10:50:42Z,581518,0.00,1.96,11.49,37.21
2026-07-01T10:50:43Z,581518,0.00,2.94,11.49,37.21
2026-07-01T10:50:44Z,581518,0.00,1.97,11.49,37.21
2026-07-01T10:50:45Z,581518,0.00,1.97,11.49,37.21
2026-07-01T10:50:46Z,581518,0.00,32.51,11.49,37.21
2026-07-01T10:50:47Z,581518,0.00,1.96,11.49,37.21
2026-07-01T10:50:49Z,581518,0.00,1.97,11.49,37.21
2026-07-01T10:50:50Z,581518,0.00,1.96,11.49,37.21
2026-07-01T10:50:51Z,581518,0.00,1.97,11.49,37.21
2026-07-01T10:50:52Z,581518,0.00,2.93,11.49,37.21
2026-07-01T10:50:53Z,581518,1.96,0.99,11.49,37.21
2026-07-01T10:50:54Z,581518,0.00,2.93,11.49,37.21
2026-07-01T10:50:55Z,581518,0.00,2.96,11.49,37.21
2026-07-01T10:50:56Z,581518,0.00,1.97,11.49,37.21
2026-07-01T10:50:57Z,581518,0.00,2.93,11.49,37.21
2026-07-01T10:50:58Z,581518,0.00,1.97,11.49,37.21
2026-07-01T10:50:59Z,581518,0.00,2.93,11.49,37.21
2026-07-01T10:51:00Z,581518,0.00,0.99,11.49,37.21
2026-07-01T10:51:01Z,581518,0.00,2.93,11.49,37.21
2026-07-01T10:51:02Z,581518,0.00,1.97,11.49,37.21
2026-07-01T10:51:03Z,581518,0.00,2.94,11.49,37.21
2026-07-01T10:51:04Z,581518,0.00,1.97,11.49,37.21
2026-07-01T10:51:05Z,581518,0.00,2.94,11.49,37.21
2026-07-01T10:51:06Z,581518,0.00,1.96,11.49,37.21
2026-07-01T10:51:07Z,581518,0.00,2.94,11.49,37.21
2026-07-01T10:51:08Z,581518,0.00,0.99,11.49,37.21
2026-07-01T10:51:09Z,581518,0.00,2.94,11.49,37.21
2026-07-01T10:51:10Z,581518,0.98,2.96,11.49,37.21
2026-07-01T10:51:11Z,581518,0.00,1.96,11.49,37.21
2026-07-01T10:51:12Z,581518,0.00,1.96,11.49,37.21
2026-07-01T10:51:13Z,581518,0.00,3.92,11.49,37.21
2026-07-01T10:51:14Z,581518,0.98,1.97,11.49,37.21
2026-07-01T10:51:15Z,581518,0.00,2.93,11.49,37.21
2026-07-01T10:51:16Z,581518,0.00,1.97,11.49,37.21
2026-07-01T10:51:17Z,581518,0.00,1.97,11.49,37.21
2026-07-01T10:51:18Z,581518,0.00,2.94,11.49,37.21
2026-07-01T10:51:19Z,581518,0.00,2.94,11.49,37.21
2026-07-01T10:51:20Z,581518,0.00,1.96,11.49,37.21
2026-07-01T10:51:21Z,581518,0.00,1.97,11.49,37.21
2026-07-01T10:51:22Z,581518,0.00,1.97,11.49,37.21
2026-07-01T10:51:23Z,581518,0.00,2.93,11.49,37.21
2026-07-01T10:51:24Z,581518,0.00,1.97,11.49,37.21
2026-07-01T10:51:25Z,581518,0.00,0.99,11.49,37.21
2026-07-01T10:51:26Z,581518,0.00,2.94,11.49,37.21
2026-07-01T10:51:27Z,581518,0.00,2.94,11.49,37.21
2026-07-01T10:51:28Z,581518,0.00,24.51,11.49,37.21
2026-07-01T10:51:29Z,581518,0.00,10.73,11.49,37.21
2026-07-01T10:51:30Z,581518,0.00,1.97,11.49,37.21
2026-07-01T10:51:31Z,581518,0.00,1.96,11.49,37.21
2026-07-01T10:51:32Z,581518,0.00,0.99,11.49,37.21
2026-07-01T10:51:33Z,581518,0.00,2.93,11.49,37.21
2026-07-01T10:51:34Z,581518,0.00,1.97,11.49,37.21
2026-07-01T10:51:35Z,581518,0.00,2.94,11.49,37.21
2026-07-01T10:51:36Z,581518,0.00,1.98,11.49,37.21
2026-07-01T10:51:37Z,581518,0.98,2.94,11.49,37.21
2026-07-01T10:51:38Z,581518,0.00,1.96,11.49,37.21
2026-07-01T10:51:39Z,581518,0.00,1.97,11.49,37.21
2026-07-01T10:51:41Z,581518,0.00,2.93,11.49,37.21
2026-07-01T10:51:42Z,581518,0.00,1.97,11.49,37.21
2026-07-01T10:51:43Z,581518,0.00,1.95,11.49,37.21
2026-07-01T10:51:44Z,581518,0.00,3.90,11.49,37.21
2026-07-01T10:51:45Z,581518,0.00,0.99,11.49,37.21
2026-07-01T10:51:46Z,581518,0.00,3.92,11.49,37.21
2026-07-01T10:51:47Z,581518,0.00,1.97,11.49,37.21
2026-07-01T10:51:48Z,581518,0.00,1.97,11.49,37.21
2026-07-01T10:51:49Z,581518,0.00,2.93,11.49,37.21
2026-07-01T10:51:50Z,581518,0.00,1.97,11.49,37.21
2026-07-01T10:51:51Z,581518,0.00,0.99,11.49,37.21
2026-07-01T10:51:52Z,581518,0.00,2.94,11.49,37.21
2026-07-01T10:51:53Z,581518,0.00,1.97,11.49,37.21
2026-07-01T10:51:54Z,581518,0.00,2.94,11.49,37.21
2026-07-01T10:51:55Z,581518,0.00,2.93,11.49,37.21
2026-07-01T10:51:56Z,581518,0.00,0.99,11.49,37.21
2026-07-01T10:51:57Z,581518,0.00,1.96,11.49,37.21
2026-07-01T10:51:58Z,581518,0.00,1.96,11.49,37.21
2026-07-01T10:51:59Z,581518,0.00,2.94,11.49,37.21
2026-07-01T10:52:00Z,581518,0.00,0.99,11.49,37.21
2026-07-01T10:52:01Z,581518,0.00,2.94,11.49,37.21
2026-07-01T10:52:02Z,581518,0.00,1.97,11.49,37.21
2026-07-01T10:52:03Z,581518,0.00,1.97,11.49,37.21
2026-07-01T10:52:04Z,581518,0.00,2.93,11.49,37.21
2026-07-01T10:52:05Z,581518,0.00,0.99,11.49,37.21
2026-07-01T10:52:06Z,581518,0.00,2.94,11.49,37.21
2026-07-01T10:52:07Z,581518,0.00,2.93,11.49,37.21
2026-07-01T10:52:08Z,581518,0.00,1.97,11.49,37.21
2026-07-01T10:52:09Z,581518,0.00,1.97,11.49,37.21
2026-07-01T10:52:10Z,581518,0.00,32.51,11.49,37.21
2026-07-01T10:52:11Z,581518,0.00,1.96,11.49,37.21
2026-07-01T10:52:12Z,581518,0.00,2.94,11.49,37.21
2026-07-01T10:52:13Z,581518,0.00,1.96,11.49,37.21
2026-07-01T10:52:14Z,581518,0.00,2.94,11.49,37.21
2026-07-01T10:52:15Z,581518,0.00,1.96,11.49,37.21
2026-07-01T10:52:16Z,581518,0.00,1.97,11.49,37.21
2026-07-01T10:52:17Z,581518,0.00,32.51,11.49,37.21
2026-07-01T10:52:18Z,581518,0.00,2.93,11.49,37.21
2026-07-01T10:52:19Z,581518,0.98,0.99,11.49,37.21
2026-07-01T10:52:20Z,581518,0.00,2.93,11.49,37.21
2026-07-01T10:52:21Z,581518,0.00,0.99,11.49,37.21
2026-07-01T10:52:22Z,581518,0.00,2.93,11.49,37.21
2026-07-01T10:52:23Z,581518,0.00,0.99,11.49,37.21
2026-07-01T10:52:24Z,581518,0.00,2.93,11.49,37.21
2026-07-01T10:52:25Z,581518,0.00,11.82,11.49,37.21
2026-07-01T10:52:26Z,581518,0.00,23.53,11.49,37.21
2026-07-01T10:52:27Z,581518,0.00,2.93,11.49,37.21
2026-07-01T10:52:28Z,581518,0.00,1.97,11.49,37.21
2026-07-01T10:52:29Z,581518,0.00,0.99,11.49,37.21
2026-07-01T10:52:30Z,581518,0.00,2.94,11.49,37.21
2026-07-01T10:52:31Z,581518,0.00,1.96,11.49,37.21
2026-07-01T10:52:33Z,581518,0.00,2.94,11.49,37.21
2026-07-01T10:52:34Z,581518,0.00,1.97,11.49,37.21
2026-07-01T10:52:35Z,581518,0.00,1.97,11.49,37.21
2026-07-01T10:52:36Z,581518,0.00,1.96,11.49,37.21
2026-07-01T10:52:37Z,581518,0.00,2.94,11.49,37.21
2026-07-01T10:52:38Z,581518,0.00,2.94,11.49,37.21
2026-07-01T10:52:39Z,581518,0.00,1.97,11.49,37.21
2026-07-01T10:52:40Z,581518,0.00,1.96,11.49,37.21
2026-07-01T10:52:41Z,581518,0.00,2.94,11.49,37.21
2026-07-01T10:52:42Z,581518,0.00,0.99,11.49,37.21
2026-07-01T10:52:43Z,581518,0.00,2.94,11.49,37.21
2026-07-01T10:52:44Z,581518,0.00,1.96,11.49,37.21
2026-07-01T10:52:45Z,581518,0.00,32.51,11.49,37.21
2026-07-01T10:52:46Z,581518,0.00,3.90,11.49,37.21
2026-07-01T10:52:47Z,581518,0.00,1.97,11.49,37.21
2026-07-01T10:52:48Z,581518,0.98,1.97,11.49,37.21
2026-07-01T10:52:49Z,581518,0.00,2.93,11.49,37.21
2026-07-01T10:52:50Z,581518,0.00,0.99,11.49,37.21
2026-07-01T10:52:51Z,581518,0.00,2.93,11.49,37.21
2026-07-01T10:52:52Z,581518,0.00,0.99,11.49,37.21
2026-07-01T10:52:53Z,581518,0.00,2.94,11.49,37.21
2026-07-01T10:52:54Z,581518,0.00,2.96,11.49,37.21
2026-07-01T10:52:55Z,581518,0.00,2.94,11.49,37.21
2026-07-01T10:52:56Z,581518,0.00,1.97,11.49,37.21
2026-07-01T10:52:57Z,581518,0.00,2.93,11.49,37.21
2026-07-01T10:52:58Z,581518,0.00,0.99,11.49,37.21
2026-07-01T10:52:59Z,581518,0.00,2.93,11.49,37.21
2026-07-01T10:53:00Z,581518,0.00,1.97,11.49,37.21
2026-07-01T10:53:01Z,581518,0.00,2.94,11.49,37.21
2026-07-01T10:53:02Z,581518,0.00,1.97,11.49,37.21
2026-07-01T10:53:03Z,581518,0.00,1.96,11.49,37.21
2026-07-01T10:53:04Z,581518,0.00,9.76,11.49,37.21
2026-07-01T10:53:05Z,581518,0.00,27.45,11.49,37.21
2026-07-01T10:53:06Z,581518,0.00,2.94,11.49,37.21
2026-07-01T10:53:07Z,581518,0.00,1.97,11.49,37.21
2026-07-01T10:53:08Z,581518,0.98,7.84,11.49,37.21
2026-07-01T10:53:09Z,581518,0.00,27.32,11.49,37.21
2026-07-01T10:53:10Z,581518,0.00,6.83,11.49,37.21
2026-07-01T10:53:11Z,581518,0.00,32.35,11.49,37.21
2026-07-01T10:53:12Z,581518,0.00,31.53,11.49,37.21
2026-07-01T10:53:13Z,581518,0.00,1.96,11.49,37.21
2026-07-01T10:53:14Z,581518,0.00,4.93,11.49,37.21
2026-07-01T10:53:15Z,581518,0.00,29.41,11.49,37.21
2026-07-01T10:53:16Z,581518,0.00,2.94,11.49,37.21
2026-07-01T10:53:17Z,581518,0.00,1.97,11.49,37.21
2026-07-01T10:53:18Z,581518,0.00,4.90,11.49,37.21
2026-07-01T10:53:19Z,581518,0.00,30.39,11.49,37.21
2026-07-01T10:53:20Z,581518,0.00,2.94,11.49,37.21
2026-07-01T10:53:21Z,581518,0.00,33.33,11.49,37.21
2026-07-01T10:53:22Z,581518,0.00,1.97,11.49,37.21
2026-07-01T10:53:24Z,581518,0.00,1.96,11.49,37.21
2026-07-01T10:53:25Z,581518,0.00,1.97,11.49,37.21
2026-07-01T10:53:26Z,581518,0.00,2.93,11.49,37.21
2026-07-01T10:53:27Z,581518,0.00,1.97,11.49,37.21
2026-07-01T10:53:28Z,581518,0.00,1.96,11.49,37.21
2026-07-01T10:53:29Z,581518,0.00,2.94,11.49,37.21
2026-07-01T10:53:30Z,581518,0.00,0.99,11.49,37.21
2026-07-01T10:53:31Z,581518,0.00,2.94,11.49,37.21
2026-07-01T10:53:32Z,581518,0.00,2.94,11.49,37.21
2026-07-01T10:53:33Z,581518,0.00,1.96,11.49,37.21
2026-07-01T10:53:34Z,581518,0.00,2.94,11.49,37.21
2026-07-01T10:53:35Z,581518,0.00,27.59,11.49,37.21
